{"playlist":{"subscribers":[],"subscribed":false,"creator":{"defaultAvatar":false,"province":110000,"authStatus":0,"followed":false,"avatarUrl":"http://p1.music.126.net/d8faOLHxwWPta02fskrdDQ==/2057186255569164.jpg","accountStatus":0,"gender":2,"city":110101,"birthday":-2209017600000,"userId":48188,"userType":0,"nickname":"中国TOP排行榜","signature":"中国TOP排行榜是由MusicRadio音乐之声依据时下最热门的流行单曲形成的权威音乐榜单。","description":"","detailDescription":"","avatarImgId":2057186255569164,"backgroundImgId":2002210674180201,"backgroundUrl":"http://p1.music.126.net/o3G7lWrGBQAvSRt3UuApTw==/2002210674180201.jpg","authority":0,"mutual":false,"expertTags":null,"experts":null,"djStatus":0,"vipType":0,"remarkName":null,"backgroundImgIdStr":"2002210674180201","avatarImgIdStr":"2057186255569164"},"tracks":[{"name":"平凡的一天","id":569214247,"pst":0,"t":0,"ar":[{"id":12138269,"name":"毛不易","tns":[],"alias":[]}],"alia":[],"pop":100.0,"st":0,"rt":null,"fee":4,"v":62,"crbt":null,"cf":"","al":{"id":39483040,"name":"平凡的一天","picUrl":"http://p1.music.126.net/vmCcDvD1H04e9gm97xsCqg==/109951163350929740.jpg","tns":[],"pic_str":"109951163350929740","pic":109951163350929740},"dt":276773,"h":{"br":320000,"fid":0,"size":11073872,"vd":0.0},"m":{"br":192000,"fid":0,"size":6644341,"vd":0.0},"l":{"br":128000,"fid":0,"size":4429575,"vd":0.0},"a":null,"cd":"1：平凡新作","no":1,"rtUrl":null,"ftype":0,"rtUrls":[],"djId":0,"copyright":2,"s_id":0,"rtype":0,"rurl":null,"mst":9,"cp":755014,"mv":5952085,"publishTime":1527696000007},{"name":"天地","id":571068108,"pst":0,"t":0,"ar":[{"id":964108,"name":"吴亦凡","tns":[],"alias":[]}],"alia":["《中国新说唱》主题曲"],"pop":100.0,"st":0,"rt":null,"fee":8,"v":8,"crbt":null,"cf":"","al":{"id":39564043,"name":"天地","picUrl":"http://p1.music.126.net/qEyQhqGR3qP1nCBxU7_0dQ==/109951163332645756.jpg","tns":[],"pic_str":"109951163332645756","pic":109951163332645756},"dt":216137,"h":{"br":320000,"fid":0,"size":8646574,"vd":0.0},"m":{"br":192000,"fid":0,"size":5187962,"vd":0.0},"l":{"br":128000,"fid":0,"size":3458656,"vd":0.0},"a":null,"cd":"1","no":1,"rtUrl":null,"ftype":0,"rtUrls":[],"djId":0,"copyright":0,"s_id":0,"rtype":0,"rurl":null,"mst":9,"cp":7003,"mv":5917793,"publishTime":1528243200000},{"name":"老古董","id":557584658,"pst":0,"t":0,"ar":[{"id":5771,"name":"许嵩","tns":[],"alias":[]}],"alia":[],"pop":100.0,"st":0,"rt":null,"fee":0,"v":2,"crbt":null,"cf":"","al":{"id":38591216,"name":"老古董","picUrl":"http://p1.music.126.net/CgPR-6TPtpI4nwq9Q1PAlA==/109951163297767246.jpg","tns":[],"pic_str":"109951163297767246","pic":109951163297767246},"dt":244448,"h":{"br":320000,"fid":0,"size":9780289,"vd":-2.0},"m":{"br":192000,"fid":0,"size":5868191,"vd":-2.0},"l":{"br":128000,"fid":0,"size":3912142,"vd":-2.0},"a":null,"cd":"","no":0,"rtUrl":null,"ftype":0,"rtUrls":[],"djId":0,"copyright":0,"s_id":0,"rtype":0,"rurl":null,"mst":9,"cp":14026,"mv":5902716,"publishTime":1526227200007},{"name":"我的名字","id":554241732,"pst":0,"t":0,"ar":[{"id":12084229,"name":"焦迈奇","tns":[],"alias":[]}],"alia":[],"pop":100.0,"st":0,"rt":null,"fee":8,"v":4,"crbt":null,"cf":"","al":{"id":38431197,"name":"我的名字","picUrl":"http://p1.music.126.net/IGc0fA4dF6Mg7hO-vIg41w==/109951163269392846.jpg","tns":[],"pic_str":"109951163269392846","pic":109951163269392846},"dt":253322,"h":{"br":320000,"fid":0,"size":10135554,"vd":0.0},"m":{"br":192000,"fid":0,"size":6081350,"vd":0.0},"l":{"br":128000,"fid":0,"size":4054248,"vd":0.0},"a":null,"cd":"","no":1,"rtUrl":null,"ftype":0,"rtUrls":[],"djId":0,"copyright":0,"s_id":0,"rtype":0,"rurl":null,"mst":9,"cp":723017,"mv":0,"publishTime":1524758400007},{"name":"肆无忌惮","id":557581967,"pst":0,"t":0,"ar":[{"id":5781,"name":"薛之谦","tns":[],"alias":[]}],"alia":[],"pop":100.0,"st":0,"rt":null,"fee":0,"v":1,"crbt":null,"cf":"","al":{"id":38592312,"name":"肆无忌惮","picUrl":"http://p1.music.126.net/Lq6u2sfvxOAinZ3OM-mMDw==/109951163301562608.jpg","tns":[],"pic_str":"109951163301562608","pic":109951163301562608},"dt":259937,"h":{"br":320000,"fid":0,"size":10399913,"vd":0.0},"m":{"br":192000,"fid":0,"size":6239965,"vd":0.0},"l":{"br":128000,"fid":0,"size":4159991,"vd":0.0},"a":null,"cd":"","no":0,"rtUrl":null,"ftype":0,"rtUrls":[],"djId":0,"copyright":0,"s_id":0,"rtype":0,"rurl":null,"mst":9,"cp":22036,"mv":0,"publishTime":1526400000007},{"name":"成长之重量","id":570334069,"pst":0,"t":0,"ar":[{"id":4292,"name":"李荣浩","tns":[],"alias":[]}],"alia":["电影《动物世界》成长版片尾曲"],"pop":100.0,"st":0,"rt":null,"fee":8,"v":1,"crbt":null,"cf":"","al":{"id":39538038,"name":"成长之重量","picUrl":"http://p1.music.126.net/tzGSK33cg44A0ndXwJzi_w==/109951163327123457.jpg","tns":[],"pic_str":"109951163327123457","pic":109951163327123457},"dt":337603,"h":{"br":320000,"fid":0,"size":13506395,"vd":0.0},"m":{"br":192000,"fid":0,"size":8103854,"vd":0.0},"l":{"br":128000,"fid":0,"size":5402584,"vd":0.0},"a":null,"cd":"","no":0,"rtUrl":null,"ftype":0,"rtUrls":[],"djId":0,"copyright":0,"s_id":0,"rtype":0,"rurl":null,"mst":9,"cp":7002,"mv":5943025,"publishTime":1527955200007},{"name":"存·不存在","id":547698618,"pst":0,"t":0,"ar":[{"id":10473,"name":"袁娅维","tns":[],"alias":[]}],"alia":[],"pop":100.0,"st":0,"rt":null,"fee":8,"v":18,"crbt":null,"cf":"","al":{"id":38374300,"name":"TIARA","picUrl":"http://p1.music.126.net/mn0Ll0AkeCw5d5vyB3SqGw==/109951163251745843.jpg","tns":[],"pic_str":"109951163251745843","pic":109951163251745843},"dt":261851,"h":{"br":320000,"fid":0,"size":10475146,"vd":-2.0},"m":{"br":192000,"fid":0,"size":6285105,"vd":-1.0},"l":{"br":128000,"fid":0,"size":4190084,"vd":-1.0},"a":null,"cd":"1","no":6,"rtUrl":null,"ftype":0,"rtUrls":[],"djId":0,"copyright":1,"s_id":0,"rtype":0,"rurl":null,"mst":9,"cp":7002,"mv":5902484,"publishTime":1523462400007},{"name":"爱的路","id":546723364,"pst":0,"t":0,"ar":[{"id":13279,"name":"小娟&山谷里的居民","tns":[],"alias":[]}],"alia":[],"pop":95.0,"st":0,"rt":null,"fee":0,"v":5,"crbt":null,"cf":"","al":{"id":38432028,"name":"爱的路","picUrl":"http://p1.music.126.net/PtYZzeTk-OzamO9XOZ6gog==/109951163260532353.jpg","tns":[],"pic_str":"109951163260532353","pic":109951163260532353},"dt":259991,"h":{"br":320000,"fid":0,"size":10402003,"vd":0.0},"m":{"br":192000,"fid":0,"size":6241219,"vd":0.0},"l":{"br":128000,"fid":0,"size":4160827,"vd":0.0},"a":null,"cd":"1","no":1,"rtUrl":null,"ftype":0,"rtUrls":[],"djId":0,"copyright":0,"s_id":0,"rtype":0,"rurl":null,"mst":9,"cp":415013,"mv":0,"publishTime":1528214400007},{"name":"Domination","id":551338332,"pst":0,"t":0,"ar":[{"id":12914544,"name":"马伯骞","tns":[],"alias":[]}],"alia":[],"pop":100.0,"st":0,"rt":null,"fee":0,"v":5,"crbt":null,"cf":"","al":{"id":38275068,"name":"Domination","picUrl":"http://p1.music.126.net/3pFYScxm07ZtrmhJ00aryg==/109951163240693995.jpg","tns":[],"pic_str":"109951163240693995","pic":109951163240693995},"dt":224571,"h":{"br":320000,"fid":0,"size":8985121,"vd":-1.0},"m":{"br":192000,"fid":0,"size":5391090,"vd":-1.0},"l":{"br":128000,"fid":0,"size":3594075,"vd":-1.0},"a":null,"cd":"","no":0,"rtUrl":null,"ftype":0,"rtUrls":[],"djId":0,"copyright":0,"s_id":0,"rtype":0,"rurl":null,"mst":9,"cp":636010,"mv":5876152,"publishTime":1523289600007},{"name":"敲内脑","id":558871273,"pst":0,"t":0,"ar":[{"id":12056034,"name":"陈萝莉","tns":[],"alias":[]}],"alia":[],"pop":95.0,"st":0,"rt":null,"fee":8,"v":3,"crbt":null,"cf":"","al":{"id":38655768,"name":"敲内脑","picUrl":"http://p1.music.126.net/8-JpHm7VT1kCtsrhiz07Aw==/109951163291223106.jpg","tns":[],"pic_str":"109951163291223106","pic":109951163291223106},"dt":231500,"h":{"br":320000,"fid":0,"size":9263064,"vd":-1.0},"m":{"br":192000,"fid":0,"size":5557856,"vd":-1.0},"l":{"br":128000,"fid":0,"size":3705252,"vd":-1.0},"a":null,"cd":"1","no":1,"rtUrl":null,"ftype":0,"rtUrls":[],"djId":0,"copyright":1,"s_id":0,"rtype":0,"rurl":null,"mst":9,"cp":21001,"mv":0,"publishTime":1525881600007},{"name":"房间 (新版)","id":562598081,"pst":0,"t":0,"ar":[{"id":840134,"name":"刘瑞琦","tns":[],"alias":[]}],"alia":["电影《超时空同居》插曲"],"pop":100.0,"st":0,"rt":null,"fee":0,"v":5,"crbt":null,"cf":"","al":{"id":38983034,"name":"房间 (新版)","picUrl":"http://p1.music.126.net/F5x7VgIRu_awduoWu2sDeA==/109951163302871673.jpg","tns":[],"pic_str":"109951163302871673","pic":109951163302871673},"dt":241904,"h":{"br":320000,"fid":0,"size":9678933,"vd":0.0},"m":{"br":192000,"fid":0,"size":5807377,"vd":0.0},"l":{"br":128000,"fid":0,"size":3871599,"vd":0.0},"a":null,"cd":"","no":1,"rtUrl":null,"ftype":0,"rtUrls":[],"djId":0,"copyright":0,"s_id":0,"rtype":0,"rurl":null,"mst":9,"cp":405024,"mv":5913083,"publishTime":1526572800007},{"name":"阳光彩虹小白马","id":551339740,"pst":0,"t":0,"ar":[{"id":2524,"name":"大张伟","tns":[],"alias":[]}],"alia":[],"pop":100.0,"st":0,"rt":null,"fee":0,"v":12,"crbt":null,"cf":"","al":{"id":38275149,"name":"阳光彩虹小白马","picUrl":"http://p1.music.126.net/CcbIyRYOBfkwKDmiUOh-7Q==/109951163249352302.jpg","tns":[],"pic_str":"109951163249352302","pic":109951163249352302},"dt":226250,"h":{"br":320000,"fid":0,"size":9053040,"vd":-4.0},"m":{"br":192000,"fid":0,"size":5431841,"vd":-4.0},"l":{"br":128000,"fid":0,"size":3621242,"vd":-4.0},"a":null,"cd":"","no":1,"rtUrl":null,"ftype":0,"rtUrls":[],"djId":0,"copyright":2,"s_id":0,"rtype":0,"rurl":null,"mst":9,"cp":22036,"mv":5898048,"publishTime":1523808000007},{"name":"姥姥","id":562592157,"pst":0,"t":0,"ar":[{"id":791054,"name":"刘锦泽","tns":[],"alias":[]}],"alia":[],"pop":85.0,"st":0,"rt":null,"fee":8,"v":2,"crbt":null,"cf":"","al":{"id":38839284,"name":"姥姥","picUrl":"http://p1.music.126.net/Zb8_nqrvKfczAA9MU2HtIg==/109951163299471515.jpg","tns":[],"pic_str":"109951163299471515","pic":109951163299471515},"dt":236810,"h":{"br":320000,"fid":0,"size":9475178,"vd":-2.0},"m":{"br":192000,"fid":0,"size":5685124,"vd":-1.0},"l":{"br":128000,"fid":0,"size":3790097,"vd":-1.0},"a":null,"cd":"1","no":1,"rtUrl":null,"ftype":0,"rtUrls":[],"djId":0,"copyright":0,"s_id":0,"rtype":0,"rurl":null,"mst":9,"cp":0,"mv":0,"publishTime":1526313600007},{"name":"落花成泥","id":571340268,"pst":0,"t":0,"ar":[{"id":1032298,"name":"鞠婧祎","tns":[],"alias":[]}],"alia":["电视剧《芸汐传》推广曲"],"pop":100.0,"st":0,"rt":null,"fee":0,"v":5,"crbt":null,"cf":"","al":{"id":39592082,"name":"落花成泥","picUrl":"http://p1.music.126.net/gZBpIucAMqpJwLRXLZ7HAA==/109951163337945829.jpg","tns":[],"pic_str":"109951163337945829","pic":109951163337945829},"dt":281466,"h":{"br":320000,"fid":0,"size":11260909,"vd":0.0},"m":{"br":192000,"fid":0,"size":6756563,"vd":0.0},"l":{"br":128000,"fid":0,"size":4504390,"vd":0.0},"a":null,"cd":"","no":0,"rtUrl":null,"ftype":0,"rtUrls":[],"djId":0,"copyright":0,"s_id":0,"rtype":0,"rurl":null,"mst":9,"cp":36015,"mv":5917904,"publishTime":1528387200007}],"trackIds":[{"id":569214247,"v":62,"lr":5},{"id":571068108,"v":8,"lr":8},{"id":557584658,"v":2,"lr":2},{"id":554241732,"v":4,"lr":6},{"id":557581967,"v":1},{"id":570334069,"v":1},{"id":547698618,"v":18,"lr":0},{"id":546723364,"v":5,"lr":1},{"id":551338332,"v":5,"lr":4},{"id":558871273,"v":3,"lr":3},{"id":562598081,"v":5,"lr":9},{"id":551339740,"v":12,"lr":7},{"id":562592157,"v":2},{"id":571340268,"v":5}],"status":0,"specialType":10,"updateTime":1529894044364,"coverImgId":18878614648932971,"createTime":1359005319468,"privacy":0,"newImported":false,"adType":0,"trackNumberUpdateTime":1529894044306,"playCount":41010232,"commentThreadId":"A_PL_0_64016","trackUpdateTime":1529894044397,"trackCount":14,"subscribedCount":132932,"cloudTrackCount":0,"ordered":true,"tags":["流行","榜单","清新"],"userId":48188,"highQuality":false,"coverImgUrl":"http://p4.music.126.net/2klOtThpDQ0CMhOy5AOzSg==/18878614648932971.jpg","description":"中国TOP排行榜分成内地榜及港台榜，每周一更新。","name":"中国TOP排行榜（内地榜）","id":64016,"shareCount":282,"coverImgId_str":"18878614648932971","commentCount":2534},"code":200,"privileges":[{"id":569214247,"fee":4,"payed":0,"st":0,"pl":0,"dl":0,"sp":0,"cp":0,"subp":0,"cs":false,"maxbr":999000,"fl":0,"toast":false,"flag":0,"preSell":false},{"id":571068108,"fee":8,"payed":0,"st":0,"pl":128000,"dl":0,"sp":7,"cp":1,"subp":1,"cs":false,"maxbr":320000,"fl":128000,"toast":false,"flag":4,"preSell":false},{"id":557584658,"fee":0,"payed":0,"st":0,"pl":320000,"dl":320000,"sp":7,"cp":1,"subp":1,"cs":false,"maxbr":999000,"fl":320000,"toast":false,"flag":0,"preSell":false},{"id":554241732,"fee":8,"payed":0,"st":0,"pl":128000,"dl":0,"sp":7,"cp":1,"subp":1,"cs":false,"maxbr":999000,"fl":128000,"toast":false,"flag":0,"preSell":false},{"id":557581967,"fee":0,"payed":0,"st":0,"pl":320000,"dl":320000,"sp":7,"cp":1,"subp":1,"cs":false,"maxbr":999000,"fl":320000,"toast":false,"flag":0,"preSell":false},{"id":570334069,"fee":8,"payed":0,"st":0,"pl":128000,"dl":0,"sp":7,"cp":1,"subp":1,"cs":false,"maxbr":999000,"fl":128000,"toast":false,"flag":4,"preSell":false},{"id":547698618,"fee":8,"payed":0,"st":0,"pl":128000,"dl":0,"sp":7,"cp":1,"subp":1,"cs":false,"maxbr":320000,"fl":128000,"toast":false,"flag":4,"preSell":false},{"id":546723364,"fee":0,"payed":0,"st":0,"pl":320000,"dl":320000,"sp":7,"cp":1,"subp":1,"cs":false,"maxbr":999000,"fl":320000,"toast":false,"flag":0,"preSell":false},{"id":551338332,"fee":0,"payed":0,"st":0,"pl":320000,"dl":320000,"sp":7,"cp":1,"subp":1,"cs":false,"maxbr":999000,"fl":320000,"toast":false,"flag":0,"preSell":false},{"id":558871273,"fee":8,"payed":0,"st":0,"pl":128000,"dl":0,"sp":7,"cp":1,"subp":1,"cs":false,"maxbr":999000,"fl":128000,"toast":false,"flag":4,"preSell":false},{"id":562598081,"fee":0,"payed":0,"st":0,"pl":320000,"dl":320000,"sp":7,"cp":1,"subp":1,"cs":false,"maxbr":999000,"fl":320000,"toast":false,"flag":2,"preSell":false},{"id":551339740,"fee":0,"payed":0,"st":0,"pl":320000,"dl":320000,"sp":7,"cp":1,"subp":1,"cs":false,"maxbr":999000,"fl":320000,"toast":false,"flag":0,"preSell":false},{"id":562592157,"fee":8,"payed":0,"st":0,"pl":128000,"dl":0,"sp":7,"cp":1,"subp":1,"cs":false,"maxbr":999000,"fl":128000,"toast":false,"flag":0,"preSell":false},{"id":571340268,"fee":0,"payed":0,"st":0,"pl":320000,"dl":320000,"sp":7,"cp":1,"subp":1,"cs":false,"maxbr":999000,"fl":320000,"toast":false,"flag":0,"preSell":false}]}