{"playlist":{"subscribers":[],"subscribed":false,"creator":{"defaultAvatar":false,"province":110000,"authStatus":1,"followed":false,"avatarUrl":"http://p1.music.126.net/QWMV-Ru_6149AKe0mCBXKg==/1420569024374784.jpg","accountStatus":0,"gender":1,"city":110101,"birthday":-2209017600000,"userId":1,"userType":2,"nickname":"网易云音乐","signature":"欢迎使用网易云音乐，有任何问题可以联系@云音乐客服， 我们会尽快答复。有关独立音乐人和独立厂牌请站内私信@原创君，DJ入驻联系邮箱： yunmusic@163.com","description":"网易云音乐官方账号","detailDescription":"网易云音乐官方账号","avatarImgId":1420569024374784,"backgroundImgId":2002210674180202,"backgroundUrl":"http://p1.music.126.net/pmHS4fcQtcNEGewNb5HRhg==/2002210674180202.jpg","authority":3,"mutual":false,"expertTags":null,"experts":null,"djStatus":10,"vipType":11,"remarkName":null,"avatarImgIdStr":"1420569024374784","backgroundImgIdStr":"2002210674180202"},"tracks":[{"name":"往后余生（翻自 马良）","id":571338279,"pst":0,"t":0,"ar":[{"id":14312549,"name":"王贰浪","tns":[],"alias":[]}],"alia":[],"pop":100.0,"st":0,"rt":null,"fee":8,"v":4,"crbt":null,"cf":"","al":{"id":39591091,"name":"往后余生","picUrl":"http://p1.music.126.net/hTiVEeQTUSsc-YGF3o6ItQ==/109951163337847600.jpg","tns":[],"pic_str":"109951163337847600","pic":109951163337847600},"dt":231785,"h":{"br":320000,"fid":0,"size":9274558,"vd":0.0},"m":{"br":192000,"fid":0,"size":5564752,"vd":0.0},"l":{"br":128000,"fid":0,"size":3709849,"vd":0.0},"a":null,"cd":"","no":1,"rtUrl":null,"ftype":0,"rtUrls":[],"djId":0,"copyright":0,"s_id":0,"rtype":0,"rurl":null,"mst":9,"cp":1372820,"mv":0,"publishTime":1528387200007},{"name":"意料之中","id":862098671,"pst":0,"t":0,"ar":[{"id":12138269,"name":"毛不易","tns":[],"alias":[]},{"id":13022016,"name":"廖俊涛","tns":[],"alias":[]},{"id":12622588,"name":"钟易轩","tns":[],"alias":[]}],"alia":[],"pop":0.0,"st":0,"rt":null,"fee":8,"v":6,"crbt":null,"cf":"","al":{"id":71614796,"name":"意料之中","picUrl":"http://p1.music.126.net/49SayFRcqgvss9ULAPxl0Q==/109951163378990906.jpg","tns":[],"pic_str":"109951163378990906","pic":109951163378990906},"dt":237756,"h":{"br":320000,"fid":0,"size":9512795,"vd":0.0},"m":{"br":192000,"fid":0,"size":5707694,"vd":0.0},"l":{"br":128000,"fid":0,"size":3805144,"vd":0.0},"a":null,"cd":"","no":1,"rtUrl":null,"ftype":0,"rtUrls":[],"djId":0,"copyright":0,"s_id":0,"rtype":0,"rurl":null,"mst":9,"cp":755014,"mv":0,"publishTime":1530115200007},{"name":"Over My Skin","id":573577428,"pst":0,"t":0,"ar":[{"id":126009,"name":"Tiffany Young","tns":[],"alias":[]}],"alia":[],"pop":0.0,"st":0,"rt":null,"fee":8,"v":5,"crbt":null,"cf":"","al":{"id":39721081,"name":"Over My Skin","picUrl":"http://p1.music.126.net/X0u2ACWRZ1h6qMr_wU7pIQ==/109951163366912427.jpg","tns":[],"pic_str":"109951163366912427","pic":109951163366912427},"dt":176215,"h":{"br":320000,"fid":0,"size":7051015,"vd":-1.0},"m":{"br":192000,"fid":0,"size":4230626,"vd":0.0},"l":{"br":128000,"fid":0,"size":2820432,"vd":0.0},"a":null,"cd":"1","no":1,"rtUrl":null,"ftype":0,"rtUrls":[],"djId":0,"copyright":0,"s_id":0,"rtype":0,"rurl":null,"mst":9,"cp":760010,"mv":0,"publishTime":1530115200007},{"name":"又失恋了","id":863359163,"pst":0,"t":0,"ar":[{"id":8103,"name":"花粥","tns":[],"alias":[]}],"alia":[],"pop":0.0,"st":0,"rt":null,"fee":0,"v":5,"crbt":null,"cf":"","al":{"id":71681907,"name":"2018（三）","picUrl":"http://p1.music.126.net/j8Ome8FtxMRFZW6ud7Wptg==/109951163380476040.jpg","tns":[],"pic_str":"109951163380476040","pic":109951163380476040},"dt":191763,"h":{"br":320000,"fid":0,"size":7672729,"vd":0.0},"m":{"br":192000,"fid":0,"size":4603655,"vd":0.0},"l":{"br":128000,"fid":0,"size":3069118,"vd":0.0},"a":null,"cd":"","no":1,"rtUrl":null,"ftype":0,"rtUrls":[],"djId":0,"copyright":0,"s_id":0,"rtype":0,"rurl":null,"mst":9,"cp":0,"mv":0,"publishTime":1530144000000},{"name":"惊蛰","id":862099159,"pst":0,"t":0,"ar":[{"id":12174521,"name":"音阙诗听","tns":[],"alias":[]},{"id":12048239,"name":"王梓钰","tns":[],"alias":[]}],"alia":[],"pop":100.0,"st":0,"rt":null,"fee":8,"v":1,"crbt":null,"cf":"","al":{"id":71611669,"name":"惊蛰","picUrl":"http://p1.music.126.net/5MmXpaP9r88tNzExPGMI8Q==/109951163370350985.jpg","tns":[],"pic_str":"109951163370350985","pic":109951163370350985},"dt":241967,"h":{"br":320000,"fid":0,"size":9681023,"vd":-3.0},"m":{"br":192000,"fid":0,"size":5808631,"vd":-2.0},"l":{"br":128000,"fid":0,"size":3872435,"vd":-2.0},"a":null,"cd":"","no":1,"rtUrl":null,"ftype":0,"rtUrls":[],"djId":0,"copyright":0,"s_id":0,"rtype":0,"rurl":null,"mst":9,"cp":733010,"mv":0,"publishTime":1529856000007},{"name":"爱如意","id":574919590,"pst":0,"t":0,"ar":[{"id":7763,"name":"G.E.M.邓紫棋","tns":[],"alias":[]}],"alia":["电影《阿修罗》主题曲"],"pop":100.0,"st":0,"rt":null,"fee":0,"v":16,"crbt":null,"cf":"","al":{"id":39723525,"name":"爱如意","picUrl":"http://p1.music.126.net/egPNbidvf9TaI-asdoHpSg==/109951163380057849.jpg","tns":[],"pic_str":"109951163380057849","pic":109951163380057849},"dt":237352,"h":{"br":320000,"fid":0,"size":9497121,"vd":0.0},"m":{"br":192000,"fid":0,"size":5698290,"vd":0.0},"l":{"br":128000,"fid":0,"size":3798875,"vd":0.0},"a":null,"cd":"1","no":1,"rtUrl":null,"ftype":0,"rtUrls":[],"djId":0,"copyright":0,"s_id":0,"rtype":0,"rurl":null,"mst":9,"cp":27001,"mv":5955266,"publishTime":1529856000000},{"name":"All For You","id":574922289,"pst":0,"t":0,"ar":[{"id":827604,"name":"Years & Years","tns":[],"alias":[]}],"alia":[],"pop":0.0,"st":0,"rt":null,"fee":8,"v":3,"crbt":null,"cf":"","al":{"id":39791211,"name":"All For You","picUrl":"http://p1.music.126.net/Npv_JJHTISyoNP6o6Idseg==/109951163379547457.jpg","tns":[],"pic_str":"109951163379547457","pic":109951163379547457},"dt":219689,"h":{"br":320000,"fid":0,"size":8788680,"vd":-2.0},"m":{"br":192000,"fid":0,"size":5273226,"vd":-2.0},"l":{"br":128000,"fid":0,"size":3515498,"vd":-2.0},"a":null,"cd":"1","no":1,"rtUrl":null,"ftype":0,"rtUrls":[],"djId":0,"copyright":1,"s_id":0,"rtype":0,"rurl":null,"mst":9,"cp":7003,"mv":0,"publishTime":1530028800007},{"name":"Bayarea Pre-Style","id":550602119,"pst":0,"t":0,"ar":[{"id":12468212,"name":"杨晓川","tns":[],"alias":[]}],"alia":[],"pop":80.0,"st":0,"rt":null,"fee":0,"v":7,"crbt":null,"cf":"","al":{"id":38211381,"name":"Bayarea Pre-Style","picUrl":"http://p1.music.126.net/Ph0NoctIYdeUV1xWjPc7HQ==/109951163231642806.jpg","tns":[],"pic_str":"109951163231642806","pic":109951163231642806},"dt":215154,"h":{"br":320000,"fid":0,"size":8608958,"vd":-1.0},"m":{"br":192000,"fid":0,"size":5165392,"vd":-1.0},"l":{"br":128000,"fid":0,"size":3443609,"vd":-1.0},"a":null,"cd":"","no":1,"rtUrl":null,"ftype":0,"rtUrls":[],"djId":0,"copyright":0,"s_id":0,"rtype":0,"rurl":null,"mst":9,"cp":0,"mv":5917918,"publishTime":1522926083075},{"name":"Warpaint","id":862100618,"pst":0,"t":0,"ar":[{"id":15022053,"name":"88rising","tns":[],"alias":[]},{"id":473353,"name":"NIKI","tns":[],"alias":[]}],"alia":[],"pop":0.0,"st":0,"rt":null,"fee":8,"v":2,"crbt":null,"cf":"","al":{"id":71613796,"name":"Warpaint","picUrl":"http://p1.music.126.net/FVdtrQblC5p77AUJbqEQNw==/109951163378823427.jpg","tns":[],"pic_str":"109951163378823427","pic":109951163378823427},"dt":213787,"h":{"br":320000,"fid":0,"size":8554623,"vd":-3.0},"m":{"br":192000,"fid":0,"size":5132791,"vd":-3.0},"l":{"br":128000,"fid":0,"size":3421875,"vd":-3.0},"a":null,"cd":"","no":0,"rtUrl":null,"ftype":0,"rtUrls":[],"djId":0,"copyright":0,"s_id":0,"rtype":0,"rurl":null,"mst":9,"cp":36016,"mv":0,"publishTime":1530115200007},{"name":"秋呢喃","id":571336962,"pst":0,"t":0,"ar":[{"id":1039007,"name":"卿卓茜 ","tns":[],"alias":[]}],"alia":[],"pop":100.0,"st":0,"rt":null,"fee":8,"v":1,"crbt":null,"cf":"","al":{"id":39590241,"name":"秋呢喃","picUrl":"http://p1.music.126.net/93PZ_Q6IU6K_QQjRztVVqg==/109951163352292302.jpg","tns":[],"pic_str":"109951163352292302","pic":109951163352292302},"dt":208695,"h":{"br":320000,"fid":0,"size":8350868,"vd":0.0},"m":{"br":192000,"fid":0,"size":5010538,"vd":0.0},"l":{"br":128000,"fid":0,"size":3340373,"vd":0.0},"a":null,"cd":"","no":1,"rtUrl":null,"ftype":0,"rtUrls":[],"djId":0,"copyright":0,"s_id":0,"rtype":0,"rurl":null,"mst":9,"cp":748010,"mv":0,"publishTime":1529337600007},{"name":"我就乐意这样寂寞了","id":862100563,"pst":0,"t":0,"ar":[{"id":787169,"name":"悬铃木","tns":[],"alias":[]}],"alia":[],"pop":0.0,"st":0,"rt":null,"fee":8,"v":1,"crbt":null,"cf":"","al":{"id":71614773,"name":"我就乐意这样寂寞了","picUrl":"http://p1.music.126.net/oMwV3d6dGc5C7OczSEFM5w==/109951163378446049.jpg","tns":[],"pic_str":"109951163378446049","pic":109951163378446049},"dt":256176,"h":{"br":320000,"fid":0,"size":10249448,"vd":0.0},"m":{"br":192000,"fid":0,"size":6149686,"vd":0.0},"l":{"br":128000,"fid":0,"size":4099805,"vd":0.0},"a":null,"cd":"","no":1,"rtUrl":null,"ftype":0,"rtUrls":[],"djId":0,"copyright":0,"s_id":0,"rtype":0,"rurl":null,"mst":9,"cp":748010,"mv":0,"publishTime":1530115200007},{"name":"The Last Of The Real Ones (Remix)","id":574922328,"pst":0,"t":0,"ar":[{"id":56782,"name":"Fall Out Boy","tns":[],"alias":[]},{"id":12004034,"name":"MadeinTYO","tns":[],"alias":[]},{"id":12809019,"name":"Bülow","tns":[],"alias":[]}],"alia":[],"pop":0.0,"st":0,"rt":null,"fee":8,"v":3,"crbt":null,"cf":"","al":{"id":39791234,"name":"The Last Of The Real Ones (Remix)","picUrl":"http://p1.music.126.net/lnT2-aQ2cQzUA1WE2MwWIA==/109951163380148693.jpg","tns":[],"pic_str":"109951163380148693","pic":109951163380148693},"dt":210834,"h":{"br":320000,"fid":0,"size":8434460,"vd":-3.0},"m":{"br":192000,"fid":0,"size":5060693,"vd":-2.0},"l":{"br":128000,"fid":0,"size":3373810,"vd":-2.0},"a":null,"cd":"1","no":1,"rtUrl":null,"ftype":0,"rtUrls":[],"djId":0,"copyright":1,"s_id":0,"rtype":0,"rurl":null,"mst":9,"cp":7003,"mv":0,"publishTime":1530115200007},{"name":"盗将行","id":574566207,"pst":0,"t":0,"ar":[{"id":8103,"name":"花粥","tns":[],"alias":[]},{"id":826336,"name":"马雨阳","tns":[],"alias":[]}],"alia":[],"pop":100.0,"st":0,"rt":null,"fee":0,"v":5,"crbt":null,"cf":"","al":{"id":39752444,"name":"粥请客（二）","picUrl":"http://p1.music.126.net/a1U7azl9lHF_1vZdJ8YYmA==/109951163366440346.jpg","tns":[],"pic_str":"109951163366440346","pic":109951163366440346},"dt":198126,"h":{"br":320000,"fid":0,"size":7927685,"vd":-2.0},"m":{"br":192000,"fid":0,"size":4756628,"vd":-2.0},"l":{"br":128000,"fid":0,"size":3171100,"vd":-2.0},"a":null,"cd":"","no":1,"rtUrl":null,"ftype":0,"rtUrls":[],"djId":0,"copyright":0,"s_id":0,"rtype":0,"rurl":null,"mst":9,"cp":0,"mv":0,"publishTime":1529366400000},{"name":"私奔","id":530986063,"pst":0,"t":0,"ar":[{"id":10750,"name":"曾轶可","tns":[],"alias":[]}],"alia":[],"pop":100.0,"st":0,"rt":null,"fee":0,"v":8,"crbt":null,"cf":"","al":{"id":37256284,"name":"私奔","picUrl":"http://p1.music.126.net/9uZ4FElJ3FrtcL2SbwOZfw==/109951163110247408.jpg","tns":[],"pic_str":"109951163110247408","pic":109951163110247408},"dt":369114,"h":{"br":320000,"fid":0,"size":14767587,"vd":0.0},"m":{"br":192000,"fid":0,"size":8860569,"vd":0.0},"l":{"br":128000,"fid":0,"size":5907061,"vd":0.0},"a":null,"cd":"","no":0,"rtUrl":null,"ftype":0,"rtUrls":[],"djId":0,"copyright":2,"s_id":0,"rtype":0,"rurl":null,"mst":9,"cp":22036,"mv":0,"publishTime":1516118400007},{"name":"BREAK IN TO BREAK OUT","id":574924780,"pst":0,"t":0,"ar":[{"id":12262949,"name":"Lyn","tns":[],"alias":[]}],"alia":["TV动画《女神异闻录5》OP"],"pop":0.0,"st":0,"rt":null,"fee":0,"v":3,"crbt":null,"cf":"","al":{"id":39723917,"name":"PERSONA 5 the Animation Vol.1 Bonus CD","picUrl":"http://p1.music.126.net/lmDiGpVuv2-6zo9Kd-AtOw==/109951163379947653.jpg","tns":[],"pic_str":"109951163379947653","pic":109951163379947653},"dt":283402,"h":{"br":320000,"fid":0,"size":11337187,"vd":-1.0},"m":{"br":192000,"fid":0,"size":6802329,"vd":-1.0},"l":{"br":128000,"fid":0,"size":4534901,"vd":-1.0},"a":null,"cd":"1","no":1,"rtUrl":null,"ftype":0,"rtUrls":[],"djId":0,"copyright":0,"s_id":0,"rtype":0,"rurl":null,"mst":9,"cp":663018,"mv":0,"publishTime":1530028800000},{"name":"沙漠之花 (feat.Key.L)","id":862102679,"pst":0,"t":0,"ar":[{"id":12265481,"name":"Vyan","tns":[],"alias":[]},{"id":12788674,"name":"KEY.L","tns":[],"alias":[]}],"alia":[],"pop":0.0,"st":0,"rt":null,"fee":8,"v":1,"crbt":null,"cf":"","al":{"id":71611785,"name":"沙漠之花 (feat.Key.L)","picUrl":"http://p1.music.126.net/-Tlkhbn60pS1mOD5Yc9_-w==/109951163378925938.jpg","tns":[],"pic_str":"109951163378925938","pic":109951163378925938},"dt":185142,"h":{"br":320000,"fid":0,"size":7408370,"vd":-1.0},"m":{"br":192000,"fid":0,"size":4445040,"vd":-1.0},"l":{"br":128000,"fid":0,"size":2963374,"vd":-1.0},"a":null,"cd":"","no":0,"rtUrl":null,"ftype":0,"rtUrls":[],"djId":0,"copyright":0,"s_id":0,"rtype":0,"rurl":null,"mst":9,"cp":530019,"mv":0,"publishTime":1530115200007},{"name":"Myself","id":552366521,"pst":0,"t":0,"ar":[{"id":12262073,"name":"Bazzi","tns":[],"alias":[]}],"alia":[],"pop":100.0,"st":0,"rt":null,"fee":8,"v":4,"crbt":null,"cf":"","al":{"id":38330482,"name":"COSMIC","picUrl":"http://p1.music.126.net/mIbrbuMDz9BKdeegRCzHlw==/109951163244338338.jpg","tns":[],"pic_str":"109951163244338338","pic":109951163244338338},"dt":167601,"h":{"br":320000,"fid":0,"size":6705154,"vd":-2.0},"m":{"br":192000,"fid":0,"size":4023110,"vd":-2.0},"l":{"br":128000,"fid":0,"size":2682088,"vd":-2.0},"a":null,"cd":"1","no":3,"rtUrl":null,"ftype":0,"rtUrls":[],"djId":0,"copyright":1,"s_id":0,"rtype":0,"rurl":null,"mst":9,"cp":7002,"mv":5888115,"publishTime":1523462400007},{"name":"在你不安的时候","id":573623804,"pst":0,"t":0,"ar":[{"id":15199308,"name":"西茜（Sissie Wang）","tns":[],"alias":[]}],"alia":[],"pop":80.0,"st":0,"rt":null,"fee":0,"v":9,"crbt":null,"cf":"","al":{"id":39686469,"name":"在你不安的时候","picUrl":"http://p1.music.126.net/XRku9qBkvW8efsqXjG8_bA==/109951163355967535.jpg","tns":[],"pic_str":"109951163355967535","pic":109951163355967535},"dt":186040,"h":{"br":320000,"fid":0,"size":7450166,"vd":-3.0},"m":{"br":192000,"fid":0,"size":4470117,"vd":-3.0},"l":{"br":128000,"fid":0,"size":2980093,"vd":-3.0},"a":null,"cd":"","no":1,"rtUrl":null,"ftype":0,"rtUrls":[],"djId":0,"copyright":2,"s_id":0,"rtype":0,"rurl":null,"mst":9,"cp":0,"mv":10729074,"publishTime":1529058604530},{"name":"她的微笑","id":560709039,"pst":0,"t":0,"ar":[{"id":12124013,"name":"KOZAY","tns":[],"alias":[]}],"alia":[],"pop":80.0,"st":0,"rt":null,"fee":0,"v":7,"crbt":null,"cf":"","al":{"id":38633780,"name":"她的微笑","picUrl":"http://p1.music.126.net/4__WjeR0uP6MYyM7oitbMQ==/109951163296658808.jpg","tns":[],"pic_str":"109951163296658808","pic":109951163296658808},"dt":260740,"h":{"br":320000,"fid":0,"size":10432305,"vd":-1.0},"m":{"br":192000,"fid":0,"size":6259400,"vd":-1.0},"l":{"br":128000,"fid":0,"size":4172948,"vd":-1.0},"a":null,"cd":"","no":1,"rtUrl":null,"ftype":0,"rtUrls":[],"djId":0,"copyright":0,"s_id":0,"rtype":0,"rurl":null,"mst":9,"cp":0,"mv":5917095,"publishTime":1526140800000},{"name":"未知","id":862880804,"pst":0,"t":0,"ar":[{"id":13683346,"name":"GM5","tns":[],"alias":[]},{"id":27728399,"name":"杜航","tns":[],"alias":[]}],"alia":[],"pop":100.0,"st":0,"rt":null,"fee":0,"v":6,"crbt":null,"cf":"","al":{"id":71642292,"name":"未知","picUrl":"http://p1.music.126.net/yqO4Ns_cuXlwWVsCx4yZ1A==/109951163375678012.jpg","tns":[],"pic_str":"109951163375678012","pic":109951163375678012},"dt":210120,"h":{"br":320000,"fid":0,"size":8407293,"vd":0.0},"m":{"br":192000,"fid":0,"size":5044393,"vd":0.0},"l":{"br":128000,"fid":0,"size":3362943,"vd":0.0},"a":null,"cd":"","no":1,"rtUrl":null,"ftype":0,"rtUrls":[],"djId":0,"copyright":0,"s_id":0,"rtype":0,"rurl":null,"mst":9,"cp":0,"mv":0,"publishTime":1529856000000},{"name":"Let It Go","id":862099236,"pst":0,"t":0,"ar":[{"id":12468212,"name":"杨晓川","tns":[],"alias":[]}],"alia":[],"pop":100.0,"st":0,"rt":null,"fee":0,"v":3,"crbt":null,"cf":"","al":{"id":71612704,"name":"Let It Go","picUrl":"http://p1.music.126.net/RQ9jSgAPWWIWqe_HerTR_A==/109951163376484749.jpg","tns":[],"pic_str":"109951163376484749","pic":109951163376484749},"dt":221354,"h":{"br":320000,"fid":0,"size":8856599,"vd":-1.0},"m":{"br":192000,"fid":0,"size":5313977,"vd":-1.0},"l":{"br":128000,"fid":0,"size":3542666,"vd":-1.0},"a":null,"cd":"","no":1,"rtUrl":null,"ftype":0,"rtUrls":[],"djId":0,"copyright":0,"s_id":0,"rtype":0,"rurl":null,"mst":9,"cp":747010,"mv":0,"publishTime":1529942400007},{"name":"조금만 더","id":862098624,"pst":0,"t":0,"ar":[{"id":12132537,"name":"JINHO","tns":[],"alias":[]},{"id":12828299,"name":"Rothy","tns":[],"alias":[]}],"alia":[],"pop":100.0,"st":0,"rt":null,"fee":8,"v":7,"crbt":null,"cf":"","al":{"id":71614787,"name":"김비서가 왜 그럴까 OST Part.4","picUrl":"http://p1.music.126.net/VKL2Hz_y6XIPtYGSrggx4Q==/109951163378795034.jpg","tns":["What's wrong with secretary kim OST Part.4"],"pic_str":"109951163378795034","pic":109951163378795034},"dt":204628,"h":{"br":320000,"fid":0,"size":8187864,"vd":-2.0},"m":{"br":192000,"fid":0,"size":4912736,"vd":-1.0},"l":{"br":128000,"fid":0,"size":3275172,"vd":-1.0},"a":null,"cd":"1","no":1,"rtUrl":null,"ftype":0,"rtUrls":[],"djId":0,"copyright":2,"s_id":0,"rtype":0,"rurl":null,"mst":9,"cp":755016,"mv":0,"publishTime":1530028800007,"tns":["A little bit more"]},{"name":"浪人琵琶","id":566442496,"pst":0,"t":0,"ar":[{"id":12947071,"name":"胡66","tns":[],"alias":[]}],"alia":[],"pop":100.0,"st":0,"rt":null,"fee":8,"v":1,"crbt":null,"cf":"","al":{"id":39266160,"name":"浪人琵琶","picUrl":"http://p1.music.126.net/G5YxAyt9812z9MROfWarkg==/109951163318974870.jpg","tns":[],"pic_str":"109951163318974870","pic":109951163318974870},"dt":224263,"h":{"br":320000,"fid":0,"size":8973627,"vd":-1.0},"m":{"br":192000,"fid":0,"size":5384194,"vd":-1.0},"l":{"br":128000,"fid":0,"size":3589477,"vd":-1.0},"a":null,"cd":"","no":1,"rtUrl":null,"ftype":0,"rtUrls":[],"djId":0,"copyright":0,"s_id":0,"rtype":0,"rurl":null,"mst":9,"cp":722019,"mv":0,"publishTime":1527696000007},{"name":"听说","id":505820138,"pst":0,"t":0,"ar":[{"id":12634049,"name":"丛铭君","tns":[],"alias":[]}],"alia":[],"pop":100.0,"st":0,"rt":null,"fee":0,"v":16,"crbt":null,"cf":"","al":{"id":36211039,"name":"听说","picUrl":"http://p1.music.126.net/fHIsIYyut1N658aI0i7KxQ==/109951163024333101.jpg","tns":[],"pic_str":"109951163024333101","pic":109951163024333101},"dt":259245,"h":{"br":320000,"fid":0,"size":10372746,"vd":0.0},"m":{"br":192000,"fid":0,"size":6223665,"vd":0.0},"l":{"br":128000,"fid":0,"size":4149124,"vd":0.0},"a":null,"cd":"","no":1,"rtUrl":null,"ftype":0,"rtUrls":[],"djId":0,"copyright":2,"s_id":0,"rtype":0,"rurl":null,"mst":9,"cp":469014,"mv":0,"publishTime":1505232000007},{"name":"그대만 보여서","id":862099756,"pst":0,"t":0,"ar":[{"id":830036,"name":"金娜英","tns":[],"alias":[]}],"alia":[],"pop":0.0,"st":0,"rt":null,"fee":8,"v":3,"crbt":null,"cf":"","al":{"id":71614825,"name":"김비서가 왜 그럴까 OST Part.5","picUrl":"http://p1.music.126.net/hvfXET7ZCnECGEWB787bNg==/109951163380305553.jpg","tns":["What's wrong with secretary kim OST Part.5"],"pic_str":"109951163380305553","pic":109951163380305553},"dt":220352,"h":{"br":320000,"fid":0,"size":8816893,"vd":-3.0},"m":{"br":192000,"fid":0,"size":5290153,"vd":-3.0},"l":{"br":128000,"fid":0,"size":3526783,"vd":-3.0},"a":null,"cd":"1","no":1,"rtUrl":null,"ftype":0,"rtUrls":[],"djId":0,"copyright":0,"s_id":0,"rtype":0,"rurl":null,"mst":9,"cp":755016,"mv":5955275,"publishTime":1530115200007,"tns":["Because I only see you"]},{"name":"Live It Up (Official Song 2018 FIFA World Cup Russia)","id":567098860,"pst":0,"t":0,"ar":[{"id":69608,"name":"Nicky Jam","tns":[],"alias":[]},{"id":45836,"name":"Will Smith","tns":[],"alias":[]},{"id":12006364,"name":"Era Istrefi","tns":[],"alias":[]}],"alia":["放飞自我 2018年俄罗斯世界杯主题曲"],"pop":100.0,"st":0,"rt":null,"fee":8,"v":16,"crbt":null,"cf":"","al":{"id":39318358,"name":"Live It Up (Official Song 2018 FIFA World Cup Russia)","picUrl":"http://p1.music.126.net/jBbwcgKsmbcqE0NkhoJwMA==/109951163328637519.jpg","tns":[],"pic_str":"109951163328637519","pic":109951163328637519},"dt":207977,"h":{"br":320000,"fid":0,"size":8321611,"vd":-4.0},"m":{"br":192000,"fid":0,"size":4992984,"vd":-3.0},"l":{"br":128000,"fid":0,"size":3328671,"vd":-3.0},"a":null,"cd":"1","no":1,"rtUrl":null,"ftype":0,"rtUrls":[],"djId":0,"copyright":1,"s_id":0,"rtype":0,"rurl":null,"mst":9,"cp":7001,"mv":5952081,"publishTime":1527177600007},{"name":"戒烟","id":518686034,"pst":0,"t":0,"ar":[{"id":4292,"name":"李荣浩","tns":[],"alias":[]}],"alia":[],"pop":100.0,"st":0,"rt":null,"fee":8,"v":14,"crbt":null,"cf":"","al":{"id":36796018,"name":"戒烟","picUrl":"http://p1.music.126.net/rVkRzdKkIqVxRjDhN4LFHQ==/18342052975051883.jpg","tns":[],"pic_str":"18342052975051883","pic":18342052975051883},"dt":293903,"h":{"br":320000,"fid":0,"size":11757236,"vd":-2.0},"m":{"br":192000,"fid":0,"size":7054359,"vd":-2.0},"l":{"br":128000,"fid":0,"size":4702920,"vd":-1.0},"a":null,"cd":"1","no":1,"rtUrl":null,"ftype":0,"rtUrls":[],"djId":0,"copyright":0,"s_id":0,"rtype":0,"rurl":null,"mst":9,"cp":7002,"mv":5736067,"publishTime":1510588800007},{"name":"Without You","id":862098839,"pst":0,"t":0,"ar":[{"id":1193232,"name":"Slushii","tns":[],"alias":[]}],"alia":[],"pop":0.0,"st":0,"rt":null,"fee":0,"v":3,"crbt":null,"cf":"","al":{"id":71611831,"name":"Without You","picUrl":"http://p1.music.126.net/Zxi5aJc8mXo23Mj_EIl7gg==/109951163380715199.jpg","tns":[],"pic_str":"109951163380715199","pic":109951163380715199},"dt":196832,"h":{"br":320000,"fid":0,"size":7875440,"vd":-6.0},"m":{"br":192000,"fid":0,"size":4725281,"vd":-5.0},"l":{"br":128000,"fid":0,"size":3150202,"vd":-5.0},"a":null,"cd":"","no":1,"rtUrl":null,"ftype":0,"rtUrls":[],"djId":0,"copyright":0,"s_id":0,"rtype":0,"rurl":null,"mst":9,"cp":0,"mv":0,"publishTime":1530201600007},{"name":"SORIMA","id":863234478,"pst":0,"t":0,"ar":[{"id":12002138,"name":"Ekber-Ehmed","tns":[],"alias":[]}],"alia":[],"pop":0.0,"st":0,"rt":null,"fee":0,"v":10,"crbt":null,"cf":"","al":{"id":71685664,"name":"SORIMA","picUrl":"http://p1.music.126.net/3i3V8DxSY3T4H0Y-17nr9Q==/109951163380409352.jpg","tns":[],"pic_str":"109951163380409352","pic":109951163380409352},"dt":289301,"h":{"br":320000,"fid":0,"size":11574378,"vd":-2.0},"m":{"br":192000,"fid":0,"size":6944644,"vd":-1.0},"l":{"br":128000,"fid":0,"size":4629777,"vd":-1.0},"a":null,"cd":"","no":1,"rtUrl":null,"ftype":0,"rtUrls":[],"djId":0,"copyright":0,"s_id":0,"rtype":0,"rurl":null,"mst":9,"cp":0,"mv":10731139,"publishTime":1530028800000},{"name":"小可爱与小领带","id":544000206,"pst":0,"t":0,"ar":[{"id":12050057,"name":"G.G(张思源)","tns":[],"alias":[]}],"alia":[],"pop":100.0,"st":0,"rt":null,"fee":8,"v":6,"crbt":null,"cf":"","al":{"id":37889044,"name":"小可爱与小领带","picUrl":"http://p1.music.126.net/BVAvzcUEfAPPNZDC-kyVmg==/109951163181634069.jpg","tns":[],"pic_str":"109951163181634069","pic":109951163181634069},"dt":205714,"h":{"br":320000,"fid":0,"size":8231750,"vd":-2.0},"m":{"br":192000,"fid":0,"size":4939067,"vd":-2.0},"l":{"br":128000,"fid":0,"size":3292726,"vd":-2.0},"a":null,"cd":"","no":0,"rtUrl":null,"ftype":0,"rtUrls":[],"djId":0,"copyright":2,"s_id":0,"rtype":0,"rurl":null,"mst":9,"cp":760012,"mv":0,"publishTime":1520524800007},{"name":"落花成泥","id":571340268,"pst":0,"t":0,"ar":[{"id":1032298,"name":"鞠婧祎","tns":[],"alias":[]}],"alia":["电视剧《芸汐传》推广曲"],"pop":100.0,"st":0,"rt":null,"fee":0,"v":5,"crbt":null,"cf":"","al":{"id":39592082,"name":"落花成泥","picUrl":"http://p1.music.126.net/gZBpIucAMqpJwLRXLZ7HAA==/109951163337945829.jpg","tns":[],"pic_str":"109951163337945829","pic":109951163337945829},"dt":281466,"h":{"br":320000,"fid":0,"size":11260909,"vd":0.0},"m":{"br":192000,"fid":0,"size":6756563,"vd":0.0},"l":{"br":128000,"fid":0,"size":4504390,"vd":0.0},"a":null,"cd":"","no":0,"rtUrl":null,"ftype":0,"rtUrls":[],"djId":0,"copyright":0,"s_id":0,"rtype":0,"rurl":null,"mst":9,"cp":36015,"mv":5917904,"publishTime":1528387200007},{"name":"Bad Liar","id":862099752,"pst":0,"t":0,"ar":[{"id":208915,"name":"Krewella","tns":[],"alias":[]}],"alia":[],"pop":0.0,"st":0,"rt":null,"fee":0,"v":3,"crbt":null,"cf":"","al":{"id":71613826,"name":"Bad Liar","picUrl":"http://p1.music.126.net/LLSoyFfQ15caghuWo666qg==/109951163380287912.jpg","tns":[],"pic_str":"109951163380287912","pic":109951163380287912},"dt":227439,"h":{"br":320000,"fid":0,"size":9097970,"vd":-2.0},"m":{"br":192000,"fid":0,"size":5458800,"vd":-1.0},"l":{"br":128000,"fid":0,"size":3639214,"vd":-1.0},"a":null,"cd":"1","no":1,"rtUrl":null,"ftype":0,"rtUrls":[],"djId":0,"copyright":0,"s_id":0,"rtype":0,"rurl":null,"mst":9,"cp":0,"mv":0,"publishTime":1530115200007},{"name":"消愁","id":569200213,"pst":0,"t":0,"ar":[{"id":12138269,"name":"毛不易","tns":[],"alias":[]}],"alia":[],"pop":100.0,"st":0,"rt":null,"fee":4,"v":59,"crbt":null,"cf":"","al":{"id":39483040,"name":"平凡的一天","picUrl":"http://p1.music.126.net/vmCcDvD1H04e9gm97xsCqg==/109951163350929740.jpg","tns":[],"pic_str":"109951163350929740","pic":109951163350929740},"dt":261346,"h":{"br":320000,"fid":0,"size":10456338,"vd":0.0},"m":{"br":192000,"fid":0,"size":6273820,"vd":0.0},"l":{"br":128000,"fid":0,"size":4182561,"vd":0.0},"a":null,"cd":"2：非凡精选","no":4,"rtUrl":null,"ftype":0,"rtUrls":[],"djId":0,"copyright":2,"s_id":0,"rtype":0,"rurl":null,"mst":9,"cp":755014,"mv":5958062,"publishTime":1527696000007},{"name":"Dracarys","id":862318369,"pst":0,"t":0,"ar":[{"id":366358,"name":"Deorro","tns":[],"alias":[]},{"id":1078100,"name":"Dirty Audio","tns":[],"alias":[]}],"alia":[],"pop":0.0,"st":0,"rt":null,"fee":8,"v":1,"crbt":null,"cf":"","al":{"id":71647684,"name":"Dracarys","picUrl":"http://p1.music.126.net/R_0-3MxYcBR8JR9koi7TOQ==/109951163371184156.jpg","tns":[],"pic_str":"109951163371184156","pic":109951163371184156},"dt":175956,"h":{"br":320000,"fid":0,"size":7040566,"vd":-2.0},"m":{"br":192000,"fid":0,"size":4224357,"vd":-2.0},"l":{"br":128000,"fid":0,"size":2816253,"vd":-2.0},"a":null,"cd":"1","no":1,"rtUrl":null,"ftype":0,"rtUrls":[],"djId":0,"copyright":1,"s_id":0,"rtype":0,"rurl":null,"mst":9,"cp":729016,"mv":0,"publishTime":1530115200007},{"name":"Vibe","id":533017528,"pst":0,"t":0,"ar":[{"id":1163027,"name":"Fly by Midnight","tns":[],"alias":[]}],"alia":[],"pop":35.0,"st":0,"rt":null,"fee":0,"v":6,"crbt":null,"cf":"","al":{"id":37391205,"name":"Vibe","picUrl":"http://p1.music.126.net/y8gZKxed1SxehqqjQFGMYw==/109951163117870748.jpg","tns":[],"pic_str":"109951163117870748","pic":109951163117870748},"dt":198400,"h":{"br":320000,"fid":0,"size":7937089,"vd":-1.0},"m":{"br":192000,"fid":0,"size":4762271,"vd":-1.0},"l":{"br":128000,"fid":0,"size":3174862,"vd":-1.0},"a":null,"cd":"1","no":1,"rtUrl":null,"ftype":0,"rtUrls":[],"djId":0,"copyright":0,"s_id":0,"rtype":0,"rurl":null,"mst":9,"cp":0,"mv":0,"publishTime":1505404800000},{"name":"青梅竹马","id":570326067,"pst":0,"t":0,"ar":[{"id":13161063,"name":"陈秋含","tns":[],"alias":[]}],"alia":[],"pop":100.0,"st":0,"rt":null,"fee":0,"v":2,"crbt":null,"cf":"","al":{"id":39538027,"name":"青梅竹马","picUrl":"http://p1.music.126.net/XQDjR2ASpbH3hScXkVnLEQ==/109951163327015892.jpg","tns":[],"pic_str":"109951163327015892","pic":109951163327015892},"dt":242041,"h":{"br":320000,"fid":0,"size":9684158,"vd":0.0},"m":{"br":192000,"fid":0,"size":5810512,"vd":0.0},"l":{"br":128000,"fid":0,"size":3873689,"vd":0.0},"a":null,"cd":"","no":1,"rtUrl":null,"ftype":0,"rtUrls":[],"djId":0,"copyright":0,"s_id":0,"rtype":0,"rurl":null,"mst":9,"cp":698013,"mv":0,"publishTime":1527696000007},{"name":"最美的期待","id":531295576,"pst":0,"t":0,"ar":[{"id":10558,"name":"周笔畅","tns":[],"alias":[]}],"alia":[],"pop":100.0,"st":0,"rt":null,"fee":8,"v":43,"crbt":null,"cf":"","al":{"id":37313151,"name":"最美的期待","picUrl":"http://p1.music.126.net/mwCUI0iL3xEC2a4WVICHlA==/109951163115369030.jpg","tns":[],"pic_str":"109951163115369030","pic":109951163115369030},"dt":210878,"h":{"br":320000,"fid":0,"size":8437595,"vd":-1.0},"m":{"br":192000,"fid":0,"size":5062574,"vd":-1.0},"l":{"br":128000,"fid":0,"size":3375064,"vd":0.0},"a":null,"cd":"1","no":1,"rtUrl":null,"ftype":0,"rtUrls":[],"djId":0,"copyright":2,"s_id":0,"rtype":0,"rurl":null,"mst":9,"cp":756014,"mv":0,"publishTime":1521388800007},{"name":"一生独一","id":572819430,"pst":0,"t":0,"ar":[{"id":12523349,"name":"卢焱","tns":[],"alias":[]}],"alia":[],"pop":100.0,"st":0,"rt":null,"fee":0,"v":10,"crbt":null,"cf":"","al":{"id":39654171,"name":"一生独一","picUrl":"http://p1.music.126.net/maCaAYM1GS5sl9SaBdgfTA==/109951163348574432.jpg","tns":[],"pic_str":"109951163348574432","pic":109951163348574432},"dt":249873,"h":{"br":320000,"fid":0,"size":9997627,"vd":0.0},"m":{"br":192000,"fid":0,"size":5998594,"vd":0.0},"l":{"br":128000,"fid":0,"size":3999077,"vd":0.0},"a":null,"cd":"","no":1,"rtUrl":null,"ftype":0,"rtUrls":[],"djId":0,"copyright":2,"s_id":0,"rtype":0,"rurl":null,"mst":9,"cp":0,"mv":0,"publishTime":1528761600000},{"name":"DIRTY","id":862282833,"pst":0,"t":0,"ar":[{"id":12055072,"name":"方块","tns":[],"alias":[]}],"alia":[],"pop":20.0,"st":0,"rt":null,"fee":0,"v":11,"crbt":null,"cf":"","al":{"id":71640721,"name":"人造卫星","picUrl":"http://p1.music.126.net/OCocM9GmvpD94ChPKpfi4Q==/109951163371008834.jpg","tns":[],"pic_str":"109951163371008834","pic":109951163371008834},"dt":232800,"h":{"br":320000,"fid":0,"size":9314264,"vd":0.0},"m":{"br":192000,"fid":0,"size":5588576,"vd":0.0},"l":{"br":128000,"fid":0,"size":3725732,"vd":0.0},"a":null,"cd":"","no":3,"rtUrl":null,"ftype":0,"rtUrls":[],"djId":0,"copyright":2,"s_id":0,"rtype":0,"rurl":null,"mst":9,"cp":0,"mv":0,"publishTime":1529712000000},{"name":"文艺复兴","id":863331410,"pst":0,"t":0,"ar":[{"id":12349362,"name":"畸形儿-DeformedBoi","tns":[],"alias":[]},{"id":1008034,"name":"鬼卞","tns":[],"alias":[]}],"alia":[],"pop":0.0,"st":0,"rt":null,"fee":0,"v":6,"crbt":null,"cf":"","al":{"id":71683847,"name":"文艺复兴","picUrl":"http://p1.music.126.net/7BhxdpnbF8tMKFvTu8VnAA==/109951163380231320.jpg","tns":[],"pic_str":"109951163380231320","pic":109951163380231320},"dt":309357,"h":{"br":320000,"fid":0,"size":12376860,"vd":-1.0},"m":{"br":192000,"fid":0,"size":7426133,"vd":-1.0},"l":{"br":128000,"fid":0,"size":4950770,"vd":-1.0},"a":null,"cd":"","no":1,"rtUrl":null,"ftype":0,"rtUrls":[],"djId":0,"copyright":0,"s_id":0,"rtype":0,"rurl":null,"mst":9,"cp":0,"mv":0,"publishTime":1530144000000},{"name":"MEGALOBOX","id":862099550,"pst":0,"t":0,"ar":[{"id":14748,"name":"Mabanua","tns":[],"alias":[]}],"alia":[],"pop":100.0,"st":0,"rt":null,"fee":0,"v":408,"crbt":null,"cf":"","al":{"id":71614764,"name":"メガロボクス オリジナル・サウンドトラック","picUrl":"http://p1.music.126.net/2WjA9bpzgxGfqUWIoJ53lg==/109951163378360676.jpg","tns":[],"pic_str":"109951163378360676","pic":109951163378360676},"dt":125770,"h":{"br":320000,"fid":0,"size":5033317,"vd":-1.0},"m":{"br":192000,"fid":0,"size":3020008,"vd":-1.0},"l":{"br":128000,"fid":0,"size":2013353,"vd":-1.0},"a":null,"cd":"1","no":1,"rtUrl":null,"ftype":0,"rtUrls":[],"djId":0,"copyright":2,"s_id":0,"rtype":0,"rurl":null,"mst":9,"cp":663018,"mv":0,"publishTime":1530028800007},{"name":"平凡的一天","id":569214247,"pst":0,"t":0,"ar":[{"id":12138269,"name":"毛不易","tns":[],"alias":[]}],"alia":[],"pop":100.0,"st":0,"rt":null,"fee":4,"v":62,"crbt":null,"cf":"","al":{"id":39483040,"name":"平凡的一天","picUrl":"http://p1.music.126.net/vmCcDvD1H04e9gm97xsCqg==/109951163350929740.jpg","tns":[],"pic_str":"109951163350929740","pic":109951163350929740},"dt":276773,"h":{"br":320000,"fid":0,"size":11073872,"vd":0.0},"m":{"br":192000,"fid":0,"size":6644341,"vd":0.0},"l":{"br":128000,"fid":0,"size":4429575,"vd":0.0},"a":null,"cd":"1：平凡新作","no":1,"rtUrl":null,"ftype":0,"rtUrls":[],"djId":0,"copyright":2,"s_id":0,"rtype":0,"rurl":null,"mst":9,"cp":755014,"mv":5952085,"publishTime":1527696000007},{"name":"双笙 易言-杏林无花","id":863220295,"pst":0,"t":0,"ar":[{"id":12025552,"name":"双笙","tns":[],"alias":[]},{"id":12077190,"name":"易世樊花","tns":[],"alias":[]},{"id":14115484,"name":"果冻音乐工作室","tns":[],"alias":[]}],"alia":[],"pop":0.0,"st":0,"rt":null,"fee":0,"v":6,"crbt":null,"cf":"","al":{"id":71685639,"name":"周果亦作曲编曲音乐制作作品集","picUrl":"http://p1.music.126.net/RU4nIn2C9L4gMQn5ZsI_Lw==/109951163379314160.jpg","tns":[],"pic_str":"109951163379314160","pic":109951163379314160},"dt":238680,"h":{"br":320000,"fid":0,"size":9549366,"vd":0.0},"m":{"br":192000,"fid":0,"size":5729637,"vd":0.0},"l":{"br":128000,"fid":0,"size":3819773,"vd":0.0},"a":null,"cd":"","no":1,"rtUrl":null,"ftype":0,"rtUrls":[],"djId":0,"copyright":0,"s_id":0,"rtype":0,"rurl":null,"mst":9,"cp":0,"mv":0,"publishTime":1530028800000},{"name":"It's you","id":573583412,"pst":0,"t":0,"ar":[{"id":12487104,"name":"郑世云","tns":[],"alias":[]}],"alia":[],"pop":100.0,"st":0,"rt":null,"fee":8,"v":7,"crbt":null,"cf":"","al":{"id":39721083,"name":"김비서가 왜 그럴까 OST Part.2","picUrl":"http://p1.music.126.net/N749t7q25Zwl9Adkq5ejOg==/109951163366940126.jpg","tns":["What's wrong with secretary kim OST Part.2"],"pic_str":"109951163366940126","pic":109951163366940126},"dt":219506,"h":{"br":320000,"fid":0,"size":8782411,"vd":-3.0},"m":{"br":192000,"fid":0,"size":5269464,"vd":-3.0},"l":{"br":128000,"fid":0,"size":3512991,"vd":-3.0},"a":null,"cd":"1","no":1,"rtUrl":null,"ftype":0,"rtUrls":[],"djId":0,"copyright":0,"s_id":0,"rtype":0,"rurl":null,"mst":9,"cp":755016,"mv":5958061,"publishTime":1529424000007},{"name":"爱你 (Live)","id":543987399,"pst":0,"t":0,"ar":[{"id":12054456,"name":"董又霖","tns":[],"alias":[]},{"id":13056456,"name":"陆定昊","tns":[],"alias":[]},{"id":13059437,"name":"黄新淳","tns":[],"alias":[]},{"id":13058498,"name":"林彦俊","tns":[],"alias":[]}],"alia":["原唱：陈芳语"],"pop":100.0,"st":0,"rt":null,"fee":0,"v":98,"crbt":null,"cf":"","al":{"id":37579301,"name":"偶像练习生 表演曲目合集","picUrl":"http://p1.music.126.net/0fNqjjWb3srRgcsb0w7Qzg==/109951163170276615.jpg","tns":[],"pic_str":"109951163170276615","pic":109951163170276615},"dt":210393,"h":{"br":320000,"fid":0,"size":8418787,"vd":0.0},"m":{"br":192000,"fid":0,"size":5051289,"vd":0.0},"l":{"br":128000,"fid":0,"size":3367541,"vd":0.0},"a":null,"cd":"4","no":2,"rtUrl":null,"ftype":0,"rtUrls":[],"djId":0,"copyright":2,"s_id":0,"rtype":0,"rurl":null,"mst":9,"cp":0,"mv":0,"publishTime":1522944000007},{"name":"云烟成雨","id":513360721,"pst":0,"t":0,"ar":[{"id":1050282,"name":"房东的猫","tns":[],"alias":[]}],"alia":["动画《我是江小白》片尾曲"],"pop":100.0,"st":0,"rt":null,"fee":8,"v":13,"crbt":null,"cf":"","al":{"id":36583135,"name":"云烟成雨","picUrl":"http://p1.music.126.net/DSTg1dR7yKsyGq4IK3NL8A==/109951163046050093.jpg","tns":[],"pic_str":"109951163046050093","pic":109951163046050093},"dt":240782,"h":{"br":320000,"fid":0,"size":9634003,"vd":-2.0},"m":{"br":192000,"fid":0,"size":5780419,"vd":-1.0},"l":{"br":128000,"fid":0,"size":3853627,"vd":-1.0},"a":null,"cd":"","no":1,"rtUrl":null,"ftype":0,"rtUrls":[],"djId":0,"copyright":0,"s_id":0,"rtype":0,"rurl":null,"mst":9,"cp":0,"mv":5686040,"publishTime":1508342400007},{"name":"卡布奇诺","id":862100158,"pst":0,"t":0,"ar":[{"id":27694317,"name":"6诗人","tns":[],"alias":[]}],"alia":[],"pop":100.0,"st":0,"rt":null,"fee":8,"v":7,"crbt":null,"cf":"","al":{"id":71613677,"name":"卡布奇诺","picUrl":"http://p1.music.126.net/gywFrVzlIcV4aXV-6JLXyQ==/109951163370367878.jpg","tns":[],"pic_str":"109951163370367878","pic":109951163370367878},"dt":184320,"h":{"br":320000,"fid":0,"size":7374933,"vd":-1.0},"m":{"br":192000,"fid":0,"size":4424977,"vd":-1.0},"l":{"br":128000,"fid":0,"size":2949999,"vd":0.0},"a":null,"cd":"","no":1,"rtUrl":null,"ftype":0,"rtUrls":[],"djId":0,"copyright":0,"s_id":0,"rtype":0,"rurl":null,"mst":9,"cp":698013,"mv":0,"publishTime":1529596800007},{"name":"TIME","id":554244265,"pst":0,"t":0,"ar":[{"id":12199576,"name":"小青龙","tns":[],"alias":[]}],"alia":[],"pop":100.0,"st":0,"rt":null,"fee":0,"v":1,"crbt":null,"cf":"","al":{"id":38433089,"name":"TIME","picUrl":"http://p1.music.126.net/T6O30-wGjvMegKGaNgMR8w==/109951163265788016.jpg","tns":[],"pic_str":"109951163265788016","pic":109951163265788016},"dt":168670,"h":{"br":320000,"fid":0,"size":6749040,"vd":0.0},"m":{"br":192000,"fid":0,"size":4049441,"vd":0.0},"l":{"br":128000,"fid":0,"size":2699642,"vd":0.0},"a":null,"cd":"","no":0,"rtUrl":null,"ftype":0,"rtUrls":[],"djId":0,"copyright":0,"s_id":0,"rtype":0,"rurl":null,"mst":9,"cp":490040,"mv":0,"publishTime":1524585600007},{"name":"像我这样的人","id":569213220,"pst":0,"t":0,"ar":[{"id":12138269,"name":"毛不易","tns":[],"alias":[]}],"alia":[],"pop":100.0,"st":0,"rt":null,"fee":4,"v":59,"crbt":null,"cf":"","al":{"id":39483040,"name":"平凡的一天","picUrl":"http://p1.music.126.net/vmCcDvD1H04e9gm97xsCqg==/109951163350929740.jpg","tns":[],"pic_str":"109951163350929740","pic":109951163350929740},"dt":207466,"h":{"br":320000,"fid":0,"size":8301758,"vd":0.0},"m":{"br":192000,"fid":0,"size":4981072,"vd":0.0},"l":{"br":128000,"fid":0,"size":3320729,"vd":0.0},"a":null,"cd":"2：非凡精选","no":1,"rtUrl":null,"ftype":0,"rtUrls":[],"djId":0,"copyright":2,"s_id":0,"rtype":0,"rurl":null,"mst":9,"cp":755014,"mv":5959041,"publishTime":1527696000007},{"name":"Years","id":556850848,"pst":0,"t":0,"ar":[{"id":12096025,"name":"BAYNK","tns":[],"alias":[]}],"alia":[],"pop":100.0,"st":0,"rt":null,"fee":8,"v":1,"crbt":null,"cf":"","al":{"id":38549294,"name":"Be in Love / Years","picUrl":"http://p1.music.126.net/5vkQzp9e6uYBCUv_qDw_aw==/109951163276554780.jpg","tns":[],"pic_str":"109951163276554780","pic":109951163276554780},"dt":214285,"h":{"br":320000,"fid":0,"size":8574476,"vd":-1.0},"m":{"br":192000,"fid":0,"size":5144703,"vd":-1.0},"l":{"br":128000,"fid":0,"size":3429817,"vd":-1.0},"a":null,"cd":"1","no":2,"rtUrl":null,"ftype":0,"rtUrls":[],"djId":0,"copyright":1,"s_id":0,"rtype":0,"rurl":null,"mst":9,"cp":405025,"mv":0,"publishTime":1526572800007},{"name":"如果会是你","id":562594319,"pst":0,"t":0,"ar":[{"id":12523504,"name":"潘紫妍","tns":[],"alias":[]}],"alia":[],"pop":100.0,"st":0,"rt":null,"fee":0,"v":3,"crbt":null,"cf":"","al":{"id":38983108,"name":"如果会是你","picUrl":"http://p1.music.126.net/qXlSrD1AfajK6yc-0cKycQ==/109951163309649752.jpg","tns":[],"pic_str":"109951163309649752","pic":109951163309649752},"dt":292192,"h":{"br":320000,"fid":0,"size":11690362,"vd":0.0},"m":{"br":192000,"fid":0,"size":7014235,"vd":0.0},"l":{"br":128000,"fid":0,"size":4676171,"vd":0.0},"a":null,"cd":"","no":1,"rtUrl":null,"ftype":0,"rtUrls":[],"djId":0,"copyright":0,"s_id":0,"rtype":0,"rurl":null,"mst":9,"cp":687012,"mv":5912073,"publishTime":1526832000007},{"name":"婴儿","id":863377826,"pst":0,"t":0,"ar":[{"id":816103,"name":"纣王老胡","tns":[],"alias":[]}],"alia":[],"pop":0.0,"st":0,"rt":null,"fee":0,"v":4,"crbt":null,"cf":"","al":{"id":71680956,"name":"婴儿","picUrl":"http://p1.music.126.net/u7Zhsm5fvkmi0XKzpznv5Q==/109951163380702641.jpg","tns":[],"pic_str":"109951163380702641","pic":109951163380702641},"dt":279000,"h":{"br":320000,"fid":0,"size":11162689,"vd":0.0},"m":{"br":192000,"fid":0,"size":6697631,"vd":0.0},"l":{"br":128000,"fid":0,"size":4465102,"vd":0.0},"a":null,"cd":"","no":1,"rtUrl":null,"ftype":0,"rtUrls":[],"djId":0,"copyright":0,"s_id":0,"rtype":0,"rurl":null,"mst":9,"cp":0,"mv":0,"publishTime":1530144000000},{"name":"Shallow City (Acoustic)","id":550684384,"pst":0,"t":0,"ar":[{"id":1081546,"name":"Handsome Ghost","tns":[],"alias":[]}],"alia":[],"pop":5.0,"st":0,"rt":null,"fee":8,"v":2,"crbt":null,"cf":"","al":{"id":38227349,"name":"Welcome Back: The Acoustic Recordings","picUrl":"http://p1.music.126.net/IXEl4BIEHA1ZocjhZJIqPg==/109951163233446930.jpg","tns":[],"pic_str":"109951163233446930","pic":109951163233446930},"dt":188917,"h":{"br":320000,"fid":0,"size":7557791,"vd":0.0},"m":{"br":192000,"fid":0,"size":4534692,"vd":0.0},"l":{"br":128000,"fid":0,"size":3023142,"vd":0.0},"a":null,"cd":"1","no":5,"rtUrl":null,"ftype":0,"rtUrls":[],"djId":0,"copyright":1,"s_id":0,"rtype":0,"rurl":null,"mst":9,"cp":7003,"mv":0,"publishTime":1522944000007},{"name":"My Life (Kyle Watson Remix)","id":863171352,"pst":0,"t":0,"ar":[{"id":210132,"name":"Zhu","tns":[],"alias":[]},{"id":102939,"name":"Tame Impala","tns":[],"alias":[]},{"id":844010,"name":"Kyle Watson","tns":[],"alias":[]}],"alia":[],"pop":0.0,"st":0,"rt":null,"fee":8,"v":5,"crbt":null,"cf":"","al":{"id":71688079,"name":"My Life (Kyle Watson Remix)","picUrl":"http://p1.music.126.net/Jqklbgb9ApntIYD_aUbeFw==/109951163378961013.jpg","tns":[],"pic_str":"109951163378961013","pic":109951163378961013},"dt":343802,"h":{"br":320000,"fid":0,"size":13755080,"vd":0.0},"m":{"br":192000,"fid":0,"size":8253066,"vd":0.0},"l":{"br":128000,"fid":0,"size":5502058,"vd":0.0},"a":null,"cd":"1","no":1,"rtUrl":null,"ftype":0,"rtUrls":[],"djId":0,"copyright":1,"s_id":0,"rtype":0,"rurl":null,"mst":9,"cp":456010,"mv":0,"publishTime":1530201600007},{"name":"You Don't Know About Me (The ACLU Remix)","id":572103594,"pst":0,"t":0,"ar":[{"id":12121298,"name":"Ella Vos","tns":[],"alias":[]},{"id":94773,"name":"Icona Pop","tns":[],"alias":[]},{"id":963498,"name":"VÉRITÉ","tns":[],"alias":[]},{"id":383056,"name":"Mija","tns":[],"alias":[]}],"alia":[],"pop":0.0,"st":0,"rt":null,"fee":8,"v":1,"crbt":null,"cf":"","al":{"id":39637382,"name":"You Don't Know About Me (The ACLU Remix)","picUrl":"http://p1.music.126.net/GgDa97tL0KLjD89IDWTnIA==/109951163369551159.jpg","tns":[],"pic_str":"109951163369551159","pic":109951163369551159},"dt":207818,"h":{"br":320000,"fid":0,"size":8315342,"vd":0.0},"m":{"br":192000,"fid":0,"size":4989222,"vd":0.0},"l":{"br":128000,"fid":0,"size":3326163,"vd":0.0},"a":null,"cd":"1","no":1,"rtUrl":null,"ftype":0,"rtUrls":[],"djId":0,"copyright":1,"s_id":0,"rtype":0,"rurl":null,"mst":9,"cp":631010,"mv":0,"publishTime":1530115200007},{"name":"花桥流水","id":523250454,"pst":0,"t":0,"ar":[{"id":12263033,"name":"纳兰珠儿","tns":[],"alias":[]},{"id":2963,"name":"高安","tns":[],"alias":[]}],"alia":[],"pop":100.0,"st":0,"rt":null,"fee":8,"v":6,"crbt":null,"cf":"","al":{"id":36952165,"name":"花桥流水","picUrl":"http://p1.music.126.net/gVAgBs_eL2sPaaXBWdt-XA==/109951163083309557.jpg","tns":[],"pic_str":"109951163083309557","pic":109951163083309557},"dt":216933,"h":{"br":320000,"fid":0,"size":8680011,"vd":-4.0},"m":{"br":192000,"fid":0,"size":5208024,"vd":-4.0},"l":{"br":128000,"fid":0,"size":3472031,"vd":-4.0},"a":null,"cd":"","no":1,"rtUrl":null,"ftype":0,"rtUrls":[],"djId":0,"copyright":0,"s_id":0,"rtype":0,"rurl":null,"mst":9,"cp":0,"mv":0,"publishTime":1512921600007},{"name":"INFINITY","id":574924781,"pst":0,"t":0,"ar":[{"id":12262949,"name":"Lyn","tns":[],"alias":[]}],"alia":["TV动画《女神异闻录5》ED"],"pop":0.0,"st":0,"rt":null,"fee":0,"v":2,"crbt":null,"cf":"","al":{"id":39723917,"name":"PERSONA 5 the Animation Vol.1 Bonus CD","picUrl":"http://p1.music.126.net/lmDiGpVuv2-6zo9Kd-AtOw==/109951163379947653.jpg","tns":[],"pic_str":"109951163379947653","pic":109951163379947653},"dt":262687,"h":{"br":320000,"fid":0,"size":10508582,"vd":0.0},"m":{"br":192000,"fid":0,"size":6305167,"vd":0.0},"l":{"br":128000,"fid":0,"size":4203459,"vd":0.0},"a":null,"cd":"1","no":2,"rtUrl":null,"ftype":0,"rtUrls":[],"djId":0,"copyright":0,"s_id":0,"rtype":0,"rurl":null,"mst":9,"cp":663018,"mv":0,"publishTime":1530028800000},{"name":"未完成的夏天","id":863307082,"pst":0,"t":0,"ar":[{"id":27725876,"name":"SDUer","tns":[],"alias":[]}],"alia":[],"pop":0.0,"st":0,"rt":null,"fee":0,"v":7,"crbt":null,"cf":"","al":{"id":71680837,"name":"山东大学2018毕业MV主题歌","picUrl":"http://p1.music.126.net/qAHiEG8Y9kUMfHVyijaXJw==/109951163379979679.jpg","tns":[],"pic_str":"109951163379979679","pic":109951163379979679},"dt":417933,"h":{"br":320000,"fid":0,"size":16720501,"vd":-1.0},"m":{"br":192000,"fid":0,"size":10032318,"vd":0.0},"l":{"br":128000,"fid":0,"size":6688226,"vd":0.0},"a":null,"cd":"","no":1,"rtUrl":null,"ftype":0,"rtUrls":[],"djId":0,"copyright":0,"s_id":0,"rtype":0,"rurl":null,"mst":9,"cp":0,"mv":10728164,"publishTime":1530154007295},{"name":"No Remorse","id":862102732,"pst":0,"t":0,"ar":[{"id":12544560,"name":"ＴＲＡ＄Ｈ","tns":[],"alias":[]}],"alia":[],"pop":0.0,"st":0,"rt":null,"fee":0,"v":3,"crbt":null,"cf":"","al":{"id":71614817,"name":"No Remorse","picUrl":"http://p1.music.126.net/N5yUBsmjCF86kK_TwBaDNw==/109951163380215918.jpg","tns":[],"pic_str":"109951163380215918","pic":109951163380215918},"dt":140998,"h":{"br":320000,"fid":0,"size":5642493,"vd":0.0},"m":{"br":192000,"fid":0,"size":3385513,"vd":0.0},"l":{"br":128000,"fid":0,"size":2257023,"vd":0.0},"a":null,"cd":"","no":1,"rtUrl":null,"ftype":0,"rtUrls":[],"djId":0,"copyright":0,"s_id":0,"rtype":0,"rurl":null,"mst":9,"cp":0,"mv":0,"publishTime":1527868800007},{"name":"好几年","id":571545156,"pst":0,"t":0,"ar":[{"id":4080,"name":"刘心","tns":[],"alias":[]}],"alia":[],"pop":95.0,"st":0,"rt":null,"fee":0,"v":3,"crbt":null,"cf":"","al":{"id":39563230,"name":"好几年","picUrl":"http://p1.music.126.net/twdnhKTDNEeMzSPfmpa9nQ==/109951163335988512.jpg","tns":[],"pic_str":"109951163335988512","pic":109951163335988512},"dt":217500,"h":{"br":320000,"fid":0,"size":8702999,"vd":-1.0},"m":{"br":192000,"fid":0,"size":5221817,"vd":-1.0},"l":{"br":128000,"fid":0,"size":3481226,"vd":0.0},"a":null,"cd":"1","no":1,"rtUrl":null,"ftype":0,"rtUrls":[],"djId":0,"copyright":0,"s_id":0,"rtype":0,"rurl":null,"mst":9,"cp":667011,"mv":0,"publishTime":1528214400007},{"name":"麓","id":572610144,"pst":0,"t":0,"ar":[{"id":12027336,"name":"Jiaye","tns":[],"alias":[]}],"alia":[],"pop":95.0,"st":0,"rt":null,"fee":0,"v":5,"crbt":null,"cf":"","al":{"id":39621844,"name":"麓","picUrl":"http://p1.music.126.net/U4FGUTWygY13aAyAxqs-yw==/109951163344749522.jpg","tns":[],"pic_str":"109951163344749522","pic":109951163344749522},"dt":180410,"h":{"br":320000,"fid":0,"size":7219244,"vd":-4.0},"m":{"br":192000,"fid":0,"size":4331564,"vd":-4.0},"l":{"br":128000,"fid":0,"size":2887724,"vd":-4.0},"a":null,"cd":"","no":1,"rtUrl":null,"ftype":0,"rtUrls":[],"djId":0,"copyright":0,"s_id":0,"rtype":0,"rurl":null,"mst":9,"cp":0,"mv":0,"publishTime":1528905600000},{"name":"Eyesight","id":862102410,"pst":0,"t":0,"ar":[{"id":12501103,"name":"X-TIME","tns":[],"alias":[]}],"alia":["微电影《慧眼特攻》片尾曲"],"pop":80.0,"st":0,"rt":null,"fee":0,"v":1,"crbt":null,"cf":"","al":{"id":71614734,"name":"Eyesight","picUrl":"http://p1.music.126.net/EHpP6BqIsgqgElsWH5wZNQ==/109951163376844677.jpg","tns":[],"pic_str":"109951163376844677","pic":109951163376844677},"dt":203529,"h":{"br":320000,"fid":0,"size":8143978,"vd":-2.0},"m":{"br":192000,"fid":0,"size":4886404,"vd":-2.0},"l":{"br":128000,"fid":0,"size":3257617,"vd":-1.0},"a":null,"cd":"","no":1,"rtUrl":null,"ftype":0,"rtUrls":[],"djId":0,"copyright":0,"s_id":0,"rtype":0,"rurl":null,"mst":9,"cp":541010,"mv":0,"publishTime":1530028800007},{"name":"Bloom","id":556204150,"pst":0,"t":0,"ar":[{"id":45129,"name":"Troye Sivan","tns":[],"alias":[]}],"alia":[],"pop":100.0,"st":0,"rt":null,"fee":8,"v":10,"crbt":null,"cf":"","al":{"id":38529067,"name":"Bloom","picUrl":"http://p1.music.126.net/kaSBPpFc1J2eKEg_XepMaA==/109951163279924029.jpg","tns":[],"pic_str":"109951163279924029","pic":109951163279924029},"dt":222145,"h":{"br":320000,"fid":0,"size":8886901,"vd":-1.0},"m":{"br":192000,"fid":0,"size":5332158,"vd":-1.0},"l":{"br":128000,"fid":0,"size":3554786,"vd":0.0},"a":null,"cd":"1","no":1,"rtUrl":null,"ftype":0,"rtUrls":[],"djId":0,"copyright":0,"s_id":0,"rtype":0,"rurl":null,"mst":9,"cp":7003,"mv":5954031,"publishTime":1525276800007},{"name":"Shake The Ground","id":862100743,"pst":0,"t":0,"ar":[{"id":38057,"name":"Kill The Noise","tns":[],"alias":[]},{"id":791425,"name":"Snails","tns":[],"alias":[]},{"id":1032439,"name":"Sullivan King","tns":[],"alias":[]},{"id":0,"name":"Jonah Kay","tns":[],"alias":[]}],"alia":[],"pop":0.0,"st":0,"rt":null,"fee":0,"v":3,"crbt":null,"cf":"","al":{"id":71614827,"name":"Shake The Ground","picUrl":"http://p1.music.126.net/7lCMz2B_0Ke_G-bF1MSYag==/109951163380304672.jpg","tns":[],"pic_str":"109951163380304672","pic":109951163380304672},"dt":245995,"h":{"br":320000,"fid":0,"size":9841938,"vd":-5.0},"m":{"br":192000,"fid":0,"size":5905180,"vd":-5.0},"l":{"br":128000,"fid":0,"size":3936801,"vd":-5.0},"a":null,"cd":"","no":1,"rtUrl":null,"ftype":0,"rtUrls":[],"djId":0,"copyright":0,"s_id":0,"rtype":0,"rurl":null,"mst":9,"cp":0,"mv":0,"publishTime":1530028800007},{"name":"你要来呢嘎！","id":574924491,"pst":0,"t":0,"ar":[{"id":12144032,"name":"Kawa","tns":[],"alias":[]}],"alia":[],"pop":0.0,"st":0,"rt":null,"fee":8,"v":3,"crbt":null,"cf":"","al":{"id":39723876,"name":"你要来呢嘎！","picUrl":"http://p1.music.126.net/vhCpHUvNtU7AZdZ8bduVSw==/109951163378739816.jpg","tns":[],"pic_str":"109951163378739816","pic":109951163378739816},"dt":286829,"h":{"br":320000,"fid":0,"size":11476158,"vd":5.0},"m":{"br":192000,"fid":0,"size":6885712,"vd":4.0},"l":{"br":128000,"fid":0,"size":4590489,"vd":4.0},"a":null,"cd":"1","no":1,"rtUrl":null,"ftype":0,"rtUrls":[],"djId":0,"copyright":0,"s_id":0,"rtype":0,"rurl":null,"mst":9,"cp":723013,"mv":0,"publishTime":1530028800000},{"name":"起风了","id":551339538,"pst":0,"t":0,"ar":[{"id":906077,"name":"和楽器バンド","tns":[],"alias":[]}],"alia":["动画《阴阳师平安物语》主题曲"],"pop":100.0,"st":0,"rt":null,"fee":0,"v":9,"crbt":null,"cf":"","al":{"id":38274114,"name":"起风了","picUrl":"http://p1.music.126.net/yh3wRvbRzJq8eTCCuy7VcA==/109951163243167300.jpg","tns":[],"pic_str":"109951163243167300","pic":109951163243167300},"dt":248400,"h":{"br":320000,"fid":0,"size":9939113,"vd":-2.0},"m":{"br":192000,"fid":0,"size":5963485,"vd":-2.0},"l":{"br":128000,"fid":0,"size":3975671,"vd":-2.0},"a":null,"cd":"","no":0,"rtUrl":null,"ftype":0,"rtUrls":[],"djId":0,"copyright":0,"s_id":0,"rtype":0,"rurl":null,"mst":9,"cp":714013,"mv":0,"publishTime":1523548800007},{"name":"Ocean","id":553812216,"pst":0,"t":0,"ar":[{"id":12047335,"name":"DEAMN","tns":[],"alias":[]}],"alia":[],"pop":100.0,"st":0,"rt":null,"fee":0,"v":2,"crbt":null,"cf":"","al":{"id":38403071,"name":"Ocean","picUrl":"http://p1.music.126.net/uah6IGvXv3zznHfWCe1wLw==/109951163255894417.jpg","tns":[],"pic_str":"109951163255894417","pic":109951163255894417},"dt":179069,"h":{"br":320000,"fid":0,"size":7164909,"vd":-2.0},"m":{"br":192000,"fid":0,"size":4298963,"vd":-2.0},"l":{"br":128000,"fid":0,"size":2865990,"vd":-2.0},"a":null,"cd":"","no":1,"rtUrl":null,"ftype":0,"rtUrls":[],"djId":0,"copyright":0,"s_id":0,"rtype":0,"rurl":null,"mst":9,"cp":0,"mv":0,"publishTime":1522944000007},{"name":"只是太在意","id":528273459,"pst":0,"t":0,"ar":[{"id":980113,"name":"宁桓宇","tns":[],"alias":[]}],"alia":["超级网剧《镇魂》片尾曲"],"pop":100.0,"st":0,"rt":null,"fee":8,"v":18,"crbt":null,"cf":"","al":{"id":37179189,"name":"只是太在意","picUrl":"http://p1.music.126.net/cB-Jgl63kB9iAP_jNBOPnA==/109951163103657142.jpg","tns":[],"pic_str":"109951163103657142","pic":109951163103657142},"dt":226567,"h":{"br":320000,"fid":0,"size":9065578,"vd":-3.0},"m":{"br":192000,"fid":0,"size":5439364,"vd":-2.0},"l":{"br":128000,"fid":0,"size":3626257,"vd":-2.0},"a":null,"cd":"","no":0,"rtUrl":null,"ftype":0,"rtUrls":[],"djId":0,"copyright":0,"s_id":0,"rtype":0,"rurl":null,"mst":9,"cp":636011,"mv":0,"publishTime":1515513600007},{"name":"PlanB","id":571339207,"pst":0,"t":0,"ar":[{"id":13059454,"name":"徐圣恩","tns":[],"alias":[]}],"alia":[],"pop":100.0,"st":0,"rt":null,"fee":0,"v":3,"crbt":null,"cf":"","al":{"id":39592056,"name":"PlanB","picUrl":"http://p1.music.126.net/gZS0SrXMxYTHnSnSprGY4A==/109951163336316984.jpg","tns":[],"pic_str":"109951163336316984","pic":109951163336316984},"dt":197388,"h":{"br":320000,"fid":0,"size":7898427,"vd":-4.0},"m":{"br":192000,"fid":0,"size":4739074,"vd":-4.0},"l":{"br":128000,"fid":0,"size":3159397,"vd":-4.0},"a":null,"cd":"","no":0,"rtUrl":null,"ftype":0,"rtUrls":[],"djId":0,"copyright":2,"s_id":0,"rtype":0,"rurl":null,"mst":9,"cp":756013,"mv":0,"publishTime":1528387200007},{"name":"All The Things That We Wished (Original Mix)","id":503976589,"pst":0,"t":0,"ar":[{"id":12323347,"name":"8THSIN","tns":[],"alias":[]},{"id":1070044,"name":"Mandragora","tns":[],"alias":[]}],"alia":[],"pop":25.0,"st":0,"rt":null,"fee":0,"v":7,"crbt":null,"cf":"","al":{"id":36132572,"name":"All The Things That We Wished","picUrl":"http://p1.music.126.net/aLc5WEBIw0eWzB7HOJ4m-Q==/18335455905367932.jpg","tns":[],"pic_str":"18335455905367932","pic":18335455905367932},"dt":394782,"h":{"br":320000,"fid":0,"size":15793676,"vd":0.0},"m":{"br":192000,"fid":0,"size":9476223,"vd":0.0},"l":{"br":128000,"fid":0,"size":6317497,"vd":0.0},"a":null,"cd":"1","no":1,"rtUrl":null,"ftype":0,"rtUrls":[],"djId":0,"copyright":1,"s_id":0,"rtype":0,"rurl":null,"mst":9,"cp":526012,"mv":0,"publishTime":1458489600007},{"name":"Grand Tokyo Buffet (Special M Remix)","id":503975491,"pst":0,"t":0,"ar":[{"id":1070044,"name":"Mandragora","tns":[],"alias":[]},{"id":12628496,"name":"Special M","tns":[],"alias":[]}],"alia":[],"pop":60.0,"st":0,"rt":null,"fee":8,"v":4,"crbt":null,"cf":"","al":{"id":36131658,"name":"Special M","picUrl":"http://p1.music.126.net/_B6VIzaUgmZrhuyBYakeIA==/18423416835274867.jpg","tns":[],"pic_str":"18423416835274867","pic":18423416835274867},"dt":317112,"h":{"br":320000,"fid":0,"size":12687195,"vd":-1.0},"m":{"br":192000,"fid":0,"size":7612334,"vd":-1.0},"l":{"br":128000,"fid":0,"size":5074904,"vd":0.0},"a":null,"cd":"1","no":3,"rtUrl":null,"ftype":0,"rtUrls":[],"djId":0,"copyright":1,"s_id":0,"rtype":0,"rurl":null,"mst":9,"cp":526012,"mv":0,"publishTime":1503936000007},{"name":"成龙","id":516818285,"pst":0,"t":0,"ar":[{"id":12124013,"name":"KOZAY","tns":[],"alias":[]},{"id":12127362,"name":"GALI","tns":[],"alias":[]}],"alia":[],"pop":85.0,"st":0,"rt":null,"fee":8,"v":15,"crbt":null,"cf":"","al":{"id":36724104,"name":"成龙","picUrl":"http://p1.music.126.net/HpM-DQEePIjj3csbQcH1cQ==/109951163057257826.jpg","tns":[],"pic_str":"109951163057257826","pic":109951163057257826},"dt":232500,"h":{"br":320000,"fid":0,"size":9302770,"vd":-3.0},"m":{"br":192000,"fid":0,"size":5581680,"vd":-3.0},"l":{"br":128000,"fid":0,"size":3721134,"vd":-3.0},"a":null,"cd":"","no":1,"rtUrl":null,"ftype":0,"rtUrls":[],"djId":0,"copyright":0,"s_id":0,"rtype":0,"rurl":null,"mst":9,"cp":386011,"mv":5678763,"publishTime":1509465600007},{"name":"那个孩子","id":862912989,"pst":0,"t":0,"ar":[{"id":12897296,"name":"444+222","tns":[],"alias":[]},{"id":1194018,"name":"Power6","tns":[],"alias":[]}],"alia":[],"pop":25.0,"st":0,"rt":null,"fee":0,"v":5,"crbt":null,"cf":"","al":{"id":71638207,"name":"444+222","picUrl":"http://p1.music.126.net/6OpO3afCF_-GCbcQgcdWsw==/109951163375679894.jpg","tns":[],"pic_str":"109951163375679894","pic":109951163375679894},"dt":197733,"h":{"br":320000,"fid":0,"size":7918280,"vd":-3.0},"m":{"br":192000,"fid":0,"size":4750986,"vd":-2.0},"l":{"br":128000,"fid":0,"size":3167338,"vd":-2.0},"a":null,"cd":"","no":6,"rtUrl":null,"ftype":0,"rtUrls":[],"djId":0,"copyright":0,"s_id":0,"rtype":0,"rurl":null,"mst":9,"cp":0,"mv":0,"publishTime":1529884800000},{"name":"Ei Ei","id":529823971,"pst":0,"t":0,"ar":[{"id":13059577,"name":"偶像练习生","tns":[],"alias":[]}],"alia":[],"pop":100.0,"st":0,"rt":null,"fee":0,"v":18,"crbt":null,"cf":"","al":{"id":37256285,"name":"偶像练习生","picUrl":"http://p1.music.126.net/iutMqAr58qq8HYKPCrv9sg==/109951163110826700.jpg","tns":[],"pic_str":"109951163110826700","pic":109951163110826700},"dt":226893,"h":{"br":320000,"fid":0,"size":9078117,"vd":-2.0},"m":{"br":192000,"fid":0,"size":5446888,"vd":-2.0},"l":{"br":128000,"fid":0,"size":3631273,"vd":-1.0},"a":null,"cd":"","no":1,"rtUrl":null,"ftype":0,"rtUrls":[],"djId":0,"copyright":2,"s_id":0,"rtype":0,"rurl":null,"mst":9,"cp":0,"mv":5819118,"publishTime":1516118400007},{"name":"星尘的往事","id":561985902,"pst":0,"t":0,"ar":[{"id":13908047,"name":"TOUCH合唱团","tns":[],"alias":[]}],"alia":[],"pop":100.0,"st":0,"rt":null,"fee":0,"v":16,"crbt":null,"cf":"","al":{"id":38796244,"name":"星尘的往事","picUrl":"http://p1.music.126.net/DWznKUokOJ9JzrDyp2VVSQ==/109951163300218874.jpg","tns":[],"pic_str":"109951163300218874","pic":109951163300218874},"dt":473200,"h":{"br":320000,"fid":0,"size":18930460,"vd":0.0},"m":{"br":192000,"fid":0,"size":11358293,"vd":0.0},"l":{"br":128000,"fid":0,"size":7572210,"vd":0.0},"a":null,"cd":"","no":10,"rtUrl":null,"ftype":0,"rtUrls":[],"djId":0,"copyright":2,"s_id":0,"rtype":0,"rurl":null,"mst":9,"cp":0,"mv":0,"publishTime":1526342400000},{"name":"戒烟 (Live)","id":548648087,"pst":0,"t":0,"ar":[{"id":4292,"name":"李荣浩","tns":[],"alias":[]},{"id":13057513,"name":"朱正廷","tns":[],"alias":[]},{"id":13056440,"name":"陈立农","tns":[],"alias":[]},{"id":13058503,"name":"尤长靖","tns":[],"alias":[]},{"id":13056454,"name":"灵超","tns":[],"alias":[]},{"id":13056459,"name":"木子洋","tns":[],"alias":[]},{"id":13056466,"name":"杨非同","tns":[],"alias":[]},{"id":13056456,"name":"陆定昊","tns":[],"alias":[]}],"alia":[],"pop":100.0,"st":0,"rt":null,"fee":0,"v":32,"crbt":null,"cf":"","al":{"id":37579301,"name":"偶像练习生 表演曲目合集","picUrl":"http://p1.music.126.net/0fNqjjWb3srRgcsb0w7Qzg==/109951163170276615.jpg","tns":[],"pic_str":"109951163170276615","pic":109951163170276615},"dt":256000,"h":{"br":320000,"fid":0,"size":10242133,"vd":-1.0},"m":{"br":192000,"fid":0,"size":6145297,"vd":0.0},"l":{"br":128000,"fid":0,"size":4096879,"vd":0.0},"a":null,"cd":"6","no":4,"rtUrl":null,"ftype":0,"rtUrls":[],"djId":0,"copyright":2,"s_id":0,"rtype":0,"rurl":null,"mst":9,"cp":0,"mv":0,"publishTime":1522944000007},{"name":"穿梭","id":556145357,"pst":0,"t":0,"ar":[{"id":1050247,"name":"赵学昊","tns":[],"alias":[]}],"alia":[],"pop":100.0,"st":0,"rt":null,"fee":0,"v":6,"crbt":null,"cf":"","al":{"id":38477933,"name":"穿梭","picUrl":"http://p1.music.126.net/qFceS2xj0cIqJ4q5JHdfng==/109951163271376361.jpg","tns":[],"pic_str":"109951163271376361","pic":109951163271376361},"dt":195567,"h":{"br":320000,"fid":0,"size":7831554,"vd":0.0},"m":{"br":192000,"fid":0,"size":4698950,"vd":0.0},"l":{"br":128000,"fid":0,"size":3132648,"vd":0.0},"a":null,"cd":"","no":1,"rtUrl":null,"ftype":0,"rtUrls":[],"djId":0,"copyright":0,"s_id":0,"rtype":0,"rurl":null,"mst":9,"cp":0,"mv":0,"publishTime":1524844800000},{"name":"路过南京，路过你","id":504826080,"pst":0,"t":0,"ar":[{"id":12471927,"name":"江皓南","tns":[],"alias":[]}],"alia":[],"pop":100.0,"st":0,"rt":null,"fee":0,"v":10,"crbt":null,"cf":"","al":{"id":36141526,"name":"路过南京，路过你","picUrl":"http://p1.music.126.net/GJe0qYiULfPzaretj9HcEA==/109951163020774531.jpg","tns":[],"pic_str":"109951163020774531","pic":109951163020774531},"dt":281500,"h":{"br":320000,"fid":0,"size":11262999,"vd":-2.0},"m":{"br":192000,"fid":0,"size":6757817,"vd":-2.0},"l":{"br":128000,"fid":0,"size":4505226,"vd":-2.0},"a":null,"cd":"","no":1,"rtUrl":null,"ftype":0,"rtUrls":[],"djId":0,"copyright":0,"s_id":0,"rtype":0,"rurl":null,"mst":9,"cp":0,"mv":0,"publishTime":1504886400000},{"name":"BUFF FREESTYLE","id":863235813,"pst":0,"t":0,"ar":[{"id":12083570,"name":"YKEY","tns":[],"alias":[]}],"alia":[],"pop":0.0,"st":0,"rt":null,"fee":0,"v":8,"crbt":null,"cf":"","al":{"id":71683775,"name":"BUFF FREESTYLE","picUrl":"http://p1.music.126.net/MvVnvJJIXTVNs_skHQlYBw==/109951163379535601.jpg","tns":[],"pic_str":"109951163379535601","pic":109951163379535601},"dt":101013,"h":{"br":320000,"fid":0,"size":4042754,"vd":-3.0},"m":{"br":192000,"fid":0,"size":2425670,"vd":-3.0},"l":{"br":128000,"fid":0,"size":1617128,"vd":-3.0},"a":null,"cd":"","no":1,"rtUrl":null,"ftype":0,"rtUrls":[],"djId":0,"copyright":0,"s_id":0,"rtype":0,"rurl":null,"mst":9,"cp":0,"mv":0,"publishTime":1530028800000},{"name":"BLACK HEART","id":574925417,"pst":0,"t":0,"ar":[{"id":13582203,"name":"UNB","tns":[],"alias":[]}],"alia":[],"pop":0.0,"st":0,"rt":null,"fee":8,"v":7,"crbt":null,"cf":"","al":{"id":39724004,"name":"BLACK HEART","picUrl":"http://p1.music.126.net/wHkQ5ZYFrzusyH4F5yzBEQ==/109951163380502691.jpg","tns":[],"pic_str":"109951163380502691","pic":109951163380502691},"dt":185969,"h":{"br":320000,"fid":0,"size":7441807,"vd":-5.0},"m":{"br":192000,"fid":0,"size":4465102,"vd":-5.0},"l":{"br":128000,"fid":0,"size":2976749,"vd":-5.0},"a":null,"cd":"1","no":1,"rtUrl":null,"ftype":0,"rtUrls":[],"djId":0,"copyright":2,"s_id":0,"rtype":0,"rurl":null,"mst":9,"cp":583010,"mv":10731140,"publishTime":1530115200000},{"name":"冷眼看世界","id":863189490,"pst":0,"t":0,"ar":[{"id":12126092,"name":"张奕奕奕奕奕","tns":[],"alias":[]}],"alia":[],"pop":0.0,"st":0,"rt":null,"fee":0,"v":4,"crbt":null,"cf":"","al":{"id":71681734,"name":"冷眼看世界","picUrl":"http://p1.music.126.net/lpq6V0S1_HbYRLgwnbeEfQ==/109951163379104412.jpg","tns":[],"pic_str":"109951163379104412","pic":109951163379104412},"dt":217767,"h":{"br":320000,"fid":0,"size":8713448,"vd":-2.0},"m":{"br":192000,"fid":0,"size":5228086,"vd":-2.0},"l":{"br":128000,"fid":0,"size":3485405,"vd":-2.0},"a":null,"cd":"","no":1,"rtUrl":null,"ftype":0,"rtUrls":[],"djId":0,"copyright":0,"s_id":0,"rtype":0,"rurl":null,"mst":9,"cp":0,"mv":0,"publishTime":1530028800000},{"name":"何以歌","id":571534645,"pst":0,"t":0,"ar":[{"id":188558,"name":"Aki阿杰","tns":[],"alias":[]}],"alia":[],"pop":100.0,"st":0,"rt":null,"fee":0,"v":4,"crbt":null,"cf":"","al":{"id":39517762,"name":"何以歌 — 魔道祖师广播剧主题曲","picUrl":"http://p1.music.126.net/PovjLIICxrhPma63xYO_mA==/109951163335684886.jpg","tns":[],"pic_str":"109951163335684886","pic":109951163335684886},"dt":273475,"h":{"br":320000,"fid":0,"size":10941170,"vd":-2.0},"m":{"br":192000,"fid":0,"size":6564720,"vd":-2.0},"l":{"br":128000,"fid":0,"size":4376494,"vd":-2.0},"a":null,"cd":"","no":1,"rtUrl":null,"ftype":0,"rtUrls":[],"djId":0,"copyright":0,"s_id":0,"rtype":0,"rurl":null,"mst":9,"cp":0,"mv":0,"publishTime":1527724800000},{"name":"I Never Noticed","id":862100722,"pst":0,"t":0,"ar":[{"id":12544560,"name":"ＴＲＡ＄Ｈ","tns":[],"alias":[]}],"alia":[],"pop":0.0,"st":0,"rt":null,"fee":0,"v":2,"crbt":null,"cf":"","al":{"id":71613820,"name":"I Never Noticed","picUrl":"http://p1.music.126.net/UgcSlpO7MshTLX4TsOxTsQ==/109951163380219819.jpg","tns":[],"pic_str":"109951163380219819","pic":109951163380219819},"dt":153998,"h":{"br":320000,"fid":0,"size":6162852,"vd":0.0},"m":{"br":192000,"fid":0,"size":3697729,"vd":0.0},"l":{"br":128000,"fid":0,"size":2465167,"vd":0.0},"a":null,"cd":"","no":1,"rtUrl":null,"ftype":0,"rtUrls":[],"djId":0,"copyright":0,"s_id":0,"rtype":0,"rurl":null,"mst":9,"cp":0,"mv":0,"publishTime":1528992000007},{"name":"Like A Mercedes","id":573583159,"pst":0,"t":0,"ar":[{"id":1124151,"name":"刘柏辛Lexie","tns":[],"alias":[]}],"alia":[],"pop":100.0,"st":0,"rt":null,"fee":8,"v":2,"crbt":null,"cf":"","al":{"id":39720037,"name":"Like A Mercedes","picUrl":"http://p1.music.126.net/75uyZMMsLuN8n5rwGGAQWA==/109951163364953849.jpg","tns":[],"pic_str":"109951163364953849","pic":109951163364953849},"dt":212822,"h":{"br":320000,"fid":0,"size":8515962,"vd":0.0},"m":{"br":192000,"fid":0,"size":5109595,"vd":0.0},"l":{"br":128000,"fid":0,"size":3406411,"vd":0.0},"a":null,"cd":"","no":0,"rtUrl":null,"ftype":0,"rtUrls":[],"djId":0,"copyright":0,"s_id":0,"rtype":0,"rurl":null,"mst":9,"cp":36016,"mv":5959042,"publishTime":1529337600007},{"name":"往复上一场大雨","id":526464266,"pst":0,"t":0,"ar":[{"id":12971019,"name":"郭恩嘉","tns":[],"alias":[]}],"alia":[],"pop":95.0,"st":0,"rt":null,"fee":0,"v":12,"crbt":null,"cf":"","al":{"id":37087066,"name":"往复上一场大雨","picUrl":"http://p1.music.126.net/cxaaIUvv0Z7rNfSWCCJOCQ==/109951163371798978.jpg","tns":[],"pic_str":"109951163371798978","pic":109951163371798978},"dt":252593,"h":{"br":320000,"fid":0,"size":10106297,"vd":0.0},"m":{"br":192000,"fid":0,"size":6063795,"vd":0.0},"l":{"br":128000,"fid":0,"size":4042545,"vd":0.0},"a":null,"cd":"","no":1,"rtUrl":null,"ftype":0,"rtUrls":[],"djId":0,"copyright":0,"s_id":0,"rtype":0,"rurl":null,"mst":9,"cp":589011,"mv":5808224,"publishTime":1512921600007},{"name":"乱世战果 (粤语版)","id":862102125,"pst":0,"t":0,"ar":[{"id":7481,"name":"崔子格","tns":[],"alias":[]}],"alia":["网剧《太子妃升职记》主题曲"],"pop":95.0,"st":0,"rt":null,"fee":8,"v":1,"crbt":null,"cf":"","al":{"id":71612662,"name":"乱世战果 (粤语版)","picUrl":"http://p1.music.126.net/D8RXMUhfUWSOWYkMPAaiAQ==/109951163370165614.jpg","tns":[],"pic_str":"109951163370165614","pic":109951163370165614},"dt":282099,"h":{"br":320000,"fid":0,"size":11287031,"vd":-2.0},"m":{"br":192000,"fid":0,"size":6772236,"vd":-2.0},"l":{"br":128000,"fid":0,"size":4514839,"vd":-2.0},"a":null,"cd":"","no":0,"rtUrl":null,"ftype":0,"rtUrls":[],"djId":0,"copyright":0,"s_id":0,"rtype":0,"rurl":null,"mst":9,"cp":754010,"mv":0,"publishTime":1529856000007},{"name":"Perfect","id":460043703,"pst":0,"t":0,"ar":[{"id":33184,"name":"Ed Sheeran","tns":[],"alias":[]}],"alia":[],"pop":100.0,"st":0,"rt":null,"fee":8,"v":59,"crbt":null,"cf":"","al":{"id":35150843,"name":"÷ (Deluxe)","picUrl":"http://p1.music.126.net/ARJwzJcDmmd0PYArKnmGCg==/18810444929762432.jpg","tns":[],"pic_str":"18810444929762432","pic":18810444929762432},"dt":263400,"h":{"br":320000,"fid":0,"size":10538885,"vd":-1.2},"m":{"br":160000,"fid":0,"size":5269465,"vd":-0.76},"l":{"br":96000,"fid":0,"size":3161697,"vd":-0.79},"a":null,"cd":"1","no":5,"rtUrl":null,"ftype":0,"rtUrls":[],"djId":0,"copyright":2,"s_id":0,"rtype":0,"rurl":null,"mst":9,"cp":7002,"mv":5725016,"publishTime":1488470400007},{"name":"最美印记","id":571339817,"pst":0,"t":0,"ar":[{"id":159692,"name":"初音ミク","tns":[],"alias":[]}],"alia":["小米手机官方合作单曲"],"pop":100.0,"st":0,"rt":null,"fee":0,"v":3,"crbt":null,"cf":"","al":{"id":39593236,"name":"最美印记","picUrl":"http://p1.music.126.net/GvunKWMdk9mjtRB6y-BYHA==/109951163377283301.jpg","tns":[],"pic_str":"109951163377283301","pic":109951163377283301},"dt":266250,"h":{"br":320000,"fid":0,"size":10652778,"vd":5.0},"m":{"br":192000,"fid":0,"size":6391684,"vd":5.0},"l":{"br":128000,"fid":0,"size":4261137,"vd":5.0},"a":null,"cd":"","no":0,"rtUrl":null,"ftype":0,"rtUrls":[],"djId":0,"copyright":0,"s_id":0,"rtype":0,"rurl":null,"mst":9,"cp":753023,"mv":0,"publishTime":1528819200007},{"name":"For The Night ","id":862098730,"pst":0,"t":0,"ar":[{"id":12061085,"name":"VELVETEARS","tns":[],"alias":[]},{"id":12262596,"name":"Aaron Cartier","tns":[],"alias":[]}],"alia":[],"pop":0.0,"st":0,"rt":null,"fee":0,"v":3,"crbt":null,"cf":"","al":{"id":71614815,"name":"For The Night","picUrl":"http://p1.music.126.net/MgCZRgyvSEu1yNR8qTkKVg==/109951163380212279.jpg","tns":[],"pic_str":"109951163380212279","pic":109951163380212279},"dt":138998,"h":{"br":320000,"fid":0,"size":5563080,"vd":-3.0},"m":{"br":192000,"fid":0,"size":3337866,"vd":-3.0},"l":{"br":128000,"fid":0,"size":2225258,"vd":-3.0},"a":null,"cd":"","no":1,"rtUrl":null,"ftype":0,"rtUrls":[],"djId":0,"copyright":0,"s_id":0,"rtype":0,"rurl":null,"mst":9,"cp":0,"mv":0,"publishTime":1527955200007},{"name":"Hard","id":514186522,"pst":0,"t":0,"ar":[{"id":91551,"name":"Dunes","tns":[],"alias":[]}],"alia":[],"pop":5.0,"st":0,"rt":null,"fee":8,"v":5,"crbt":null,"cf":"","al":{"id":36631550,"name":"Hard","picUrl":"http://p1.music.126.net/L7XDEmFkO0FImDjkw9QuBw==/18856624416460680.jpg","tns":[],"pic_str":"18856624416460680","pic":18856624416460680},"dt":219629,"h":{"br":320000,"fid":0,"size":8787636,"vd":-2.0},"m":{"br":192000,"fid":0,"size":5272599,"vd":-2.0},"l":{"br":128000,"fid":0,"size":3515080,"vd":-2.0},"a":null,"cd":"1","no":1,"rtUrl":null,"ftype":0,"rtUrls":[],"djId":0,"copyright":1,"s_id":0,"rtype":0,"rurl":null,"mst":9,"cp":405025,"mv":0,"publishTime":1505404800007},{"name":"谁 (Live版)","id":566436427,"pst":0,"t":0,"ar":[{"id":13022016,"name":"廖俊涛","tns":[],"alias":[]}],"alia":[],"pop":100.0,"st":0,"rt":null,"fee":8,"v":107,"crbt":null,"cf":"","al":{"id":39263103,"name":"这个人创作LIVE现场辑","picUrl":"http://p1.music.126.net/7HzttIveECGYRhAjKCCdfg==/109951163315608239.jpg","tns":[],"pic_str":"109951163315608239","pic":109951163315608239},"dt":254428,"h":{"br":320000,"fid":0,"size":10179440,"vd":-2.0},"m":{"br":192000,"fid":0,"size":6107681,"vd":-2.0},"l":{"br":128000,"fid":0,"size":4071802,"vd":-2.0},"a":null,"cd":"1","no":4,"rtUrl":null,"ftype":0,"rtUrls":[],"djId":0,"copyright":2,"s_id":0,"rtype":0,"rurl":null,"mst":9,"cp":755014,"mv":5917923,"publishTime":1528905600007},{"name":"屈原（思美人）","id":862171971,"pst":0,"t":0,"ar":[{"id":12007156,"name":"曹哲","tns":[],"alias":[]}],"alia":[],"pop":20.0,"st":0,"rt":null,"fee":0,"v":4,"crbt":null,"cf":"","al":{"id":71622667,"name":"屈原（思美人）","picUrl":"http://p1.music.126.net/AVNx1hMFLz2gjsuRcWoMNw==/109951163370104365.jpg","tns":[],"pic_str":"109951163370104365","pic":109951163370104365},"dt":233247,"h":{"br":320000,"fid":0,"size":9332027,"vd":1.0},"m":{"br":192000,"fid":0,"size":5599234,"vd":1.0},"l":{"br":128000,"fid":0,"size":3732837,"vd":2.0},"a":null,"cd":"","no":2,"rtUrl":null,"ftype":0,"rtUrls":[],"djId":0,"copyright":0,"s_id":0,"rtype":0,"rurl":null,"mst":9,"cp":0,"mv":0,"publishTime":1529596800000},{"name":"I Just Wanna","id":863212446,"pst":0,"t":0,"ar":[{"id":14469032,"name":"王一浩","tns":[],"alias":[]}],"alia":[],"pop":0.0,"st":0,"rt":null,"fee":0,"v":2,"crbt":null,"cf":"","al":{"id":71690402,"name":"一号情人","picUrl":"http://p1.music.126.net/d70hayhXrDJCqYsftdH8sg==/109951163379970625.jpg","tns":[],"pic_str":"109951163379970625","pic":109951163379970625},"dt":217512,"h":{"br":320000,"fid":0,"size":8702999,"vd":-1.0},"m":{"br":192000,"fid":0,"size":5221817,"vd":0.0},"l":{"br":128000,"fid":0,"size":3481226,"vd":0.0},"a":null,"cd":"1","no":3,"rtUrl":null,"ftype":0,"rtUrls":[],"djId":0,"copyright":1,"s_id":0,"rtype":0,"rurl":null,"mst":9,"cp":22036,"mv":0,"publishTime":1530115200007},{"name":"安","id":862300218,"pst":0,"t":0,"ar":[{"id":1063109,"name":"刘柄鑫","tns":[],"alias":[]}],"alia":[],"pop":80.0,"st":0,"rt":null,"fee":0,"v":5,"crbt":null,"cf":"","al":{"id":71640740,"name":"安","picUrl":"http://p1.music.126.net/_P23sOgMpnEhbNv0bSfbVA==/109951163371111852.jpg","tns":[],"pic_str":"109951163371111852","pic":109951163371111852},"dt":250446,"h":{"br":320000,"fid":0,"size":10020615,"vd":6.0},"m":{"br":192000,"fid":0,"size":6012386,"vd":6.0},"l":{"br":128000,"fid":0,"size":4008272,"vd":6.0},"a":null,"cd":"","no":1,"rtUrl":null,"ftype":0,"rtUrls":[],"djId":0,"copyright":0,"s_id":0,"rtype":0,"rurl":null,"mst":9,"cp":0,"mv":0,"publishTime":1529712000000},{"name":"配角不登台","id":863326953,"pst":0,"t":0,"ar":[{"id":13222148,"name":"陈朗清","tns":[],"alias":[]}],"alia":[],"pop":0.0,"st":0,"rt":null,"fee":0,"v":5,"crbt":null,"cf":"","al":{"id":71683846,"name":"配角不登台","picUrl":"http://p1.music.126.net/ZHAVwrC4rEo_uNI-EuU6Vg==/109951163380229176.jpg","tns":[],"pic_str":"109951163380229176","pic":109951163380229176},"dt":372062,"h":{"br":320000,"fid":0,"size":14884615,"vd":0.0},"m":{"br":192000,"fid":0,"size":8930786,"vd":0.0},"l":{"br":128000,"fid":0,"size":5953872,"vd":0.0},"a":null,"cd":"","no":1,"rtUrl":null,"ftype":0,"rtUrls":[],"djId":0,"copyright":0,"s_id":0,"rtype":0,"rurl":null,"mst":9,"cp":0,"mv":0,"publishTime":1530144000000},{"name":"DIVE or ELEVATE 沉还是升","id":533436055,"pst":0,"t":0,"ar":[{"id":1032022,"name":"莫安琪AngelMo","tns":[],"alias":[]}],"alia":[],"pop":80.0,"st":0,"rt":null,"fee":0,"v":9,"crbt":null,"cf":"","al":{"id":37416042,"name":"DIVEorELEVATE","picUrl":"http://p1.music.126.net/bMYd1fgwPS41hbjl54cL2A==/109951163118685338.jpg","tns":[],"pic_str":"109951163118685338","pic":109951163118685338},"dt":211499,"h":{"br":320000,"fid":0,"size":8462672,"vd":-2.0},"m":{"br":192000,"fid":0,"size":5077621,"vd":-1.0},"l":{"br":128000,"fid":0,"size":3385095,"vd":-1.0},"a":null,"cd":"","no":1,"rtUrl":null,"ftype":0,"rtUrls":[],"djId":0,"copyright":0,"s_id":0,"rtype":0,"rurl":null,"mst":9,"cp":0,"mv":0,"publishTime":1516948771507},{"name":"一个人走","id":534136486,"pst":0,"t":0,"ar":[{"id":1050364,"name":"Yee","tns":[],"alias":[]}],"alia":[],"pop":100.0,"st":0,"rt":null,"fee":0,"v":12,"crbt":null,"cf":"","al":{"id":37440102,"name":"一个人走","picUrl":"http://p1.music.126.net/jXP5XHcOfRttCItS2s5voQ==/109951163123685864.jpg","tns":[],"pic_str":"109951163123685864","pic":109951163123685864},"dt":250005,"h":{"br":320000,"fid":0,"size":10002852,"vd":0.0},"m":{"br":192000,"fid":0,"size":6001729,"vd":0.0},"l":{"br":128000,"fid":0,"size":4001167,"vd":0.0},"a":null,"cd":"","no":1,"rtUrl":null,"ftype":0,"rtUrls":[],"djId":0,"copyright":0,"s_id":0,"rtype":0,"rurl":null,"mst":9,"cp":0,"mv":0,"publishTime":1517231641325},{"name":"咲くは浮世の君花火","id":862099805,"pst":0,"t":0,"ar":[{"id":12278016,"name":"駒形友梨","tns":[],"alias":[]},{"id":1046426,"name":"渡部優衣","tns":[],"alias":[]},{"id":1024317,"name":"上田麗奈","tns":[],"alias":[]},{"id":12170250,"name":"大関英里","tns":[],"alias":[]},{"id":12249041,"name":"浜崎奈々","tns":[],"alias":[]}],"alia":[],"pop":0.0,"st":0,"rt":null,"fee":0,"v":3,"crbt":null,"cf":"","al":{"id":71612841,"name":"THE IDOLM@STER MILLION THE@TER GENERATION 10 閃光☆HANABI団","picUrl":"http://p1.music.126.net/mAnLJYqbltFtIurZsTKlyQ==/109951163380598658.jpg","tns":[],"pic_str":"109951163380598658","pic":109951163380598658},"dt":262034,"h":{"br":320000,"fid":0,"size":10482460,"vd":-5.0},"m":{"br":192000,"fid":0,"size":6289493,"vd":-4.0},"l":{"br":128000,"fid":0,"size":4193010,"vd":-4.0},"a":null,"cd":"1","no":1,"rtUrl":null,"ftype":0,"rtUrls":[],"djId":0,"copyright":0,"s_id":0,"rtype":0,"rurl":null,"mst":9,"cp":663018,"mv":10728047,"publishTime":1530115200007},{"name":"Applesauce","id":862096032,"pst":0,"t":0,"ar":[{"id":761029,"name":"EH!DE","tns":[],"alias":[]},{"id":1113015,"name":"Riot Ten","tns":[],"alias":[]}],"alia":[],"pop":0.0,"st":0,"rt":null,"fee":0,"v":3,"crbt":null,"cf":"","al":{"id":71610358,"name":"Applesauce","picUrl":"http://p1.music.126.net/zlOx9wEsmuKh5PXUEWfC5w==/109951163368510740.jpg","tns":[],"pic_str":"109951163368510740","pic":109951163368510740},"dt":187060,"h":{"br":320000,"fid":0,"size":7484648,"vd":-1.0},"m":{"br":192000,"fid":0,"size":4490806,"vd":-1.0},"l":{"br":128000,"fid":0,"size":2993885,"vd":-1.0},"a":null,"cd":"1","no":1,"rtUrl":null,"ftype":0,"rtUrls":[],"djId":0,"copyright":1,"s_id":0,"rtype":0,"rurl":null,"mst":9,"cp":456010,"mv":0,"publishTime":1530028800007},{"name":"抱歉","id":863336048,"pst":0,"t":0,"ar":[{"id":12664246,"name":"Rebellious","tns":[],"alias":[]}],"alia":[],"pop":0.0,"st":0,"rt":null,"fee":0,"v":5,"crbt":null,"cf":"","al":{"id":71683850,"name":"抱歉","picUrl":"http://p1.music.126.net/rp4IPvpawbw_dNag3CKrfA==/109951163380253279.jpg","tns":[],"pic_str":"109951163380253279","pic":109951163380253279},"dt":158775,"h":{"br":320000,"fid":0,"size":6354068,"vd":0.0},"m":{"br":192000,"fid":0,"size":3812458,"vd":0.0},"l":{"br":128000,"fid":0,"size":2541653,"vd":0.0},"a":null,"cd":"","no":1,"rtUrl":null,"ftype":0,"rtUrls":[],"djId":0,"copyright":0,"s_id":0,"rtype":0,"rurl":null,"mst":9,"cp":0,"mv":0,"publishTime":1530115200000}],"trackIds":[{"id":571338279,"v":4,"lr":0,"ratio":336},{"id":862098671,"v":6,"ratio":267},{"id":573577428,"v":5,"ratio":213},{"id":863359163,"v":5,"ratio":211},{"id":862099159,"v":1,"ratio":144},{"id":574919590,"v":16,"ratio":108},{"id":574922289,"v":3,"ratio":85},{"id":550602119,"v":7,"ratio":84},{"id":862100618,"v":2,"ratio":59},{"id":571336962,"v":1,"ratio":56},{"id":862100563,"v":1,"ratio":55},{"id":574922328,"v":3,"ratio":52},{"id":574566207,"v":5,"ratio":50},{"id":530986063,"v":8,"lr":82,"ratio":40},{"id":574924780,"v":3,"ratio":37},{"id":862102679,"v":1,"ratio":36},{"id":552366521,"v":4,"ratio":34},{"id":573623804,"v":9,"ratio":32},{"id":560709039,"v":7,"ratio":31},{"id":862880804,"v":6,"ratio":30},{"id":862099236,"v":3,"ratio":30},{"id":862098624,"v":7,"lr":14,"ratio":29},{"id":566442496,"v":1,"ratio":29},{"id":505820138,"v":16,"ratio":28},{"id":862099756,"v":3,"ratio":27},{"id":567098860,"v":16,"lr":43,"ratio":27},{"id":518686034,"v":14,"ratio":25},{"id":862098839,"v":3,"ratio":24},{"id":863234478,"v":10,"ratio":23},{"id":544000206,"v":6,"ratio":23},{"id":571340268,"v":5,"lr":19,"ratio":20},{"id":862099752,"v":3,"ratio":18},{"id":569200213,"v":59,"ratio":18},{"id":862318369,"v":1,"ratio":18},{"id":533017528,"v":6,"ratio":17},{"id":570326067,"v":2,"ratio":15},{"id":531295576,"v":43,"ratio":15},{"id":572819430,"v":10,"ratio":15},{"id":862282833,"v":11,"ratio":15},{"id":863331410,"v":6,"ratio":14},{"id":862099550,"v":408,"lr":18,"ratio":14},{"id":569214247,"v":62,"ratio":13},{"id":863220295,"v":6,"ratio":13},{"id":573583412,"v":7,"ratio":13},{"id":543987399,"v":98,"ratio":13},{"id":513360721,"v":13,"ratio":12},{"id":862100158,"v":7,"ratio":12},{"id":554244265,"v":1,"ratio":11},{"id":569213220,"v":59,"ratio":11},{"id":556850848,"v":1,"ratio":11},{"id":562594319,"v":3,"ratio":11},{"id":863377826,"v":4,"ratio":11},{"id":550684384,"v":2,"ratio":11},{"id":863171352,"v":5,"ratio":10},{"id":572103594,"v":1,"ratio":10},{"id":523250454,"v":6,"ratio":10},{"id":574924781,"v":2,"ratio":10},{"id":863307082,"v":7,"ratio":10},{"id":862102732,"v":3,"ratio":10},{"id":571545156,"v":3,"ratio":10},{"id":572610144,"v":5,"ratio":9},{"id":862102410,"v":1,"ratio":9},{"id":556204150,"v":10,"ratio":9},{"id":862100743,"v":3,"ratio":9},{"id":574924491,"v":3,"ratio":9},{"id":551339538,"v":9,"ratio":9},{"id":553812216,"v":2,"ratio":9},{"id":528273459,"v":18,"ratio":9},{"id":571339207,"v":3,"ratio":9},{"id":503976589,"v":7,"ratio":9},{"id":503975491,"v":4,"ratio":8},{"id":516818285,"v":15,"ratio":8},{"id":862912989,"v":5,"ratio":8},{"id":529823971,"v":18,"ratio":8},{"id":561985902,"v":16,"ratio":8},{"id":548648087,"v":32,"ratio":8},{"id":556145357,"v":6,"ratio":8},{"id":504826080,"v":10,"ratio":8},{"id":863235813,"v":8,"ratio":8},{"id":574925417,"v":7,"ratio":8},{"id":863189490,"v":4,"ratio":7},{"id":571534645,"v":4,"ratio":7},{"id":862100722,"v":2,"ratio":7},{"id":573583159,"v":2,"ratio":7},{"id":526464266,"v":12,"ratio":7},{"id":862102125,"v":1,"ratio":7},{"id":460043703,"v":59,"ratio":7},{"id":571339817,"v":3,"ratio":7},{"id":862098730,"v":3,"ratio":7},{"id":514186522,"v":5,"ratio":7},{"id":566436427,"v":107,"ratio":7},{"id":862171971,"v":4,"ratio":7},{"id":863212446,"v":2,"ratio":7},{"id":862300218,"v":5,"ratio":7},{"id":863326953,"v":5,"ratio":6},{"id":533436055,"v":9,"ratio":6},{"id":534136486,"v":12,"ratio":6},{"id":862099805,"v":3,"ratio":6},{"id":862096032,"v":3,"ratio":6},{"id":863336048,"v":5,"ratio":6}],"status":0,"ordered":true,"tags":[],"cloudTrackCount":0,"subscribedCount":1043387,"description":"云音乐中每天热度上升最快的100首单曲，每日更新。","privacy":0,"coverImgUrl":"http://p4.music.126.net/DrRIg6CrgDfVLEph9SNh7w==/18696095720518497.jpg","specialType":10,"userId":1,"updateTime":1530232314607,"trackUpdateTime":1530279115202,"trackCount":100,"coverImgId":18696095720518497,"createTime":1404115136883,"newImported":false,"commentThreadId":"A_PL_0_19723756","highQuality":false,"playCount":1115906048,"adType":0,"trackNumberUpdateTime":1530232314540,"name":"云音乐飙升榜","id":19723756,"shareCount":3652,"coverImgId_str":"18696095720518497","ToplistType":"S","commentCount":126438},"code":200,"privileges":[{"id":571338279,"fee":8,"payed":0,"st":0,"pl":128000,"dl":0,"sp":7,"cp":1,"subp":1,"cs":false,"maxbr":999000,"fl":128000,"toast":false,"flag":0,"preSell":false},{"id":862098671,"fee":8,"payed":0,"st":0,"pl":128000,"dl":0,"sp":7,"cp":1,"subp":1,"cs":false,"maxbr":999000,"fl":128000,"toast":false,"flag":0,"preSell":false},{"id":573577428,"fee":8,"payed":0,"st":0,"pl":128000,"dl":0,"sp":7,"cp":1,"subp":1,"cs":false,"maxbr":999000,"fl":128000,"toast":false,"flag":4,"preSell":false},{"id":863359163,"fee":0,"payed":0,"st":0,"pl":320000,"dl":320000,"sp":7,"cp":1,"subp":1,"cs":false,"maxbr":999000,"fl":320000,"toast":false,"flag":0,"preSell":false},{"id":862099159,"fee":8,"payed":0,"st":0,"pl":128000,"dl":0,"sp":7,"cp":1,"subp":1,"cs":false,"maxbr":999000,"fl":128000,"toast":false,"flag":0,"preSell":false},{"id":574919590,"fee":0,"payed":0,"st":0,"pl":320000,"dl":320000,"sp":7,"cp":1,"subp":1,"cs":false,"maxbr":999000,"fl":320000,"toast":false,"flag":0,"preSell":false},{"id":574922289,"fee":8,"payed":0,"st":0,"pl":128000,"dl":0,"sp":7,"cp":1,"subp":1,"cs":false,"maxbr":320000,"fl":128000,"toast":false,"flag":4,"preSell":false},{"id":550602119,"fee":0,"payed":0,"st":0,"pl":320000,"dl":320000,"sp":7,"cp":1,"subp":1,"cs":false,"maxbr":999000,"fl":320000,"toast":false,"flag":0,"preSell":false},{"id":862100618,"fee":8,"payed":0,"st":0,"pl":128000,"dl":0,"sp":7,"cp":1,"subp":1,"cs":false,"maxbr":999000,"fl":128000,"toast":false,"flag":0,"preSell":false},{"id":571336962,"fee":8,"payed":0,"st":0,"pl":128000,"dl":0,"sp":7,"cp":1,"subp":1,"cs":false,"maxbr":999000,"fl":128000,"toast":false,"flag":0,"preSell":false},{"id":862100563,"fee":8,"payed":0,"st":0,"pl":128000,"dl":0,"sp":7,"cp":1,"subp":1,"cs":false,"maxbr":999000,"fl":128000,"toast":false,"flag":0,"preSell":false},{"id":574922328,"fee":8,"payed":0,"st":0,"pl":128000,"dl":0,"sp":7,"cp":1,"subp":1,"cs":false,"maxbr":320000,"fl":128000,"toast":false,"flag":4,"preSell":false},{"id":574566207,"fee":0,"payed":0,"st":0,"pl":320000,"dl":320000,"sp":7,"cp":1,"subp":1,"cs":false,"maxbr":999000,"fl":320000,"toast":false,"flag":0,"preSell":false},{"id":530986063,"fee":0,"payed":0,"st":0,"pl":320000,"dl":320000,"sp":7,"cp":1,"subp":1,"cs":false,"maxbr":999000,"fl":320000,"toast":false,"flag":0,"preSell":false},{"id":574924780,"fee":0,"payed":0,"st":0,"pl":320000,"dl":320000,"sp":7,"cp":1,"subp":1,"cs":false,"maxbr":320000,"fl":320000,"toast":false,"flag":0,"preSell":false},{"id":862102679,"fee":8,"payed":0,"st":0,"pl":128000,"dl":0,"sp":7,"cp":1,"subp":1,"cs":false,"maxbr":999000,"fl":128000,"toast":false,"flag":0,"preSell":false},{"id":552366521,"fee":8,"payed":0,"st":0,"pl":128000,"dl":0,"sp":7,"cp":1,"subp":1,"cs":false,"maxbr":320000,"fl":128000,"toast":false,"flag":4,"preSell":false},{"id":573623804,"fee":0,"payed":0,"st":0,"pl":320000,"dl":320000,"sp":7,"cp":1,"subp":1,"cs":false,"maxbr":320000,"fl":320000,"toast":false,"flag":0,"preSell":false},{"id":560709039,"fee":0,"payed":0,"st":0,"pl":320000,"dl":320000,"sp":7,"cp":1,"subp":1,"cs":false,"maxbr":999000,"fl":320000,"toast":false,"flag":0,"preSell":false},{"id":862880804,"fee":0,"payed":0,"st":0,"pl":320000,"dl":320000,"sp":7,"cp":1,"subp":1,"cs":false,"maxbr":999000,"fl":320000,"toast":false,"flag":0,"preSell":false},{"id":862099236,"fee":0,"payed":0,"st":0,"pl":320000,"dl":320000,"sp":7,"cp":1,"subp":1,"cs":false,"maxbr":999000,"fl":320000,"toast":false,"flag":0,"preSell":false},{"id":862098624,"fee":8,"payed":0,"st":0,"pl":128000,"dl":0,"sp":7,"cp":1,"subp":1,"cs":false,"maxbr":999000,"fl":128000,"toast":false,"flag":0,"preSell":false},{"id":566442496,"fee":8,"payed":0,"st":0,"pl":128000,"dl":0,"sp":7,"cp":1,"subp":1,"cs":false,"maxbr":999000,"fl":128000,"toast":false,"flag":0,"preSell":false},{"id":505820138,"fee":0,"payed":0,"st":0,"pl":320000,"dl":320000,"sp":7,"cp":1,"subp":1,"cs":false,"maxbr":999000,"fl":320000,"toast":false,"flag":2,"preSell":false},{"id":862099756,"fee":8,"payed":0,"st":0,"pl":128000,"dl":0,"sp":7,"cp":1,"subp":1,"cs":false,"maxbr":999000,"fl":128000,"toast":false,"flag":0,"preSell":false},{"id":567098860,"fee":8,"payed":0,"st":0,"pl":128000,"dl":0,"sp":7,"cp":1,"subp":1,"cs":false,"maxbr":999000,"fl":128000,"toast":false,"flag":4,"preSell":false},{"id":518686034,"fee":8,"payed":0,"st":0,"pl":128000,"dl":0,"sp":7,"cp":1,"subp":1,"cs":false,"maxbr":320000,"fl":128000,"toast":false,"flag":0,"preSell":false},{"id":862098839,"fee":0,"payed":0,"st":0,"pl":320000,"dl":320000,"sp":7,"cp":1,"subp":1,"cs":false,"maxbr":320000,"fl":320000,"toast":false,"flag":0,"preSell":false},{"id":863234478,"fee":0,"payed":0,"st":0,"pl":320000,"dl":320000,"sp":7,"cp":1,"subp":1,"cs":false,"maxbr":999000,"fl":320000,"toast":false,"flag":2,"preSell":false},{"id":544000206,"fee":8,"payed":0,"st":0,"pl":128000,"dl":0,"sp":7,"cp":1,"subp":1,"cs":false,"maxbr":999000,"fl":128000,"toast":false,"flag":2,"preSell":false},{"id":571340268,"fee":0,"payed":0,"st":0,"pl":320000,"dl":320000,"sp":7,"cp":1,"subp":1,"cs":false,"maxbr":999000,"fl":320000,"toast":false,"flag":0,"preSell":false},{"id":862099752,"fee":0,"payed":0,"st":0,"pl":320000,"dl":320000,"sp":7,"cp":1,"subp":1,"cs":false,"maxbr":320000,"fl":320000,"toast":false,"flag":0,"preSell":false},{"id":569200213,"fee":4,"payed":0,"st":0,"pl":0,"dl":0,"sp":0,"cp":0,"subp":0,"cs":false,"maxbr":999000,"fl":0,"toast":false,"flag":0,"preSell":false},{"id":862318369,"fee":8,"payed":0,"st":0,"pl":128000,"dl":0,"sp":7,"cp":1,"subp":1,"cs":false,"maxbr":999000,"fl":128000,"toast":false,"flag":0,"preSell":false},{"id":533017528,"fee":0,"payed":0,"st":0,"pl":320000,"dl":320000,"sp":7,"cp":1,"subp":1,"cs":false,"maxbr":320000,"fl":320000,"toast":false,"flag":0,"preSell":false},{"id":570326067,"fee":0,"payed":0,"st":0,"pl":320000,"dl":320000,"sp":7,"cp":1,"subp":1,"cs":false,"maxbr":999000,"fl":320000,"toast":false,"flag":0,"preSell":false},{"id":531295576,"fee":8,"payed":0,"st":0,"pl":128000,"dl":0,"sp":7,"cp":1,"subp":1,"cs":false,"maxbr":999000,"fl":128000,"toast":false,"flag":0,"preSell":false},{"id":572819430,"fee":0,"payed":0,"st":0,"pl":320000,"dl":320000,"sp":7,"cp":1,"subp":1,"cs":false,"maxbr":999000,"fl":320000,"toast":false,"flag":0,"preSell":false},{"id":862282833,"fee":0,"payed":0,"st":0,"pl":320000,"dl":320000,"sp":7,"cp":1,"subp":1,"cs":false,"maxbr":999000,"fl":320000,"toast":false,"flag":0,"preSell":false},{"id":863331410,"fee":0,"payed":0,"st":0,"pl":320000,"dl":320000,"sp":7,"cp":1,"subp":1,"cs":false,"maxbr":999000,"fl":320000,"toast":false,"flag":0,"preSell":false},{"id":862099550,"fee":0,"payed":0,"st":0,"pl":320000,"dl":320000,"sp":7,"cp":1,"subp":1,"cs":false,"maxbr":999000,"fl":320000,"toast":false,"flag":0,"preSell":false},{"id":569214247,"fee":4,"payed":0,"st":0,"pl":0,"dl":0,"sp":0,"cp":0,"subp":0,"cs":false,"maxbr":999000,"fl":0,"toast":false,"flag":0,"preSell":false},{"id":863220295,"fee":0,"payed":0,"st":0,"pl":320000,"dl":320000,"sp":7,"cp":1,"subp":1,"cs":false,"maxbr":320000,"fl":320000,"toast":false,"flag":0,"preSell":false},{"id":573583412,"fee":8,"payed":0,"st":0,"pl":128000,"dl":0,"sp":7,"cp":1,"subp":1,"cs":false,"maxbr":999000,"fl":128000,"toast":false,"flag":0,"preSell":false},{"id":543987399,"fee":0,"payed":0,"st":0,"pl":320000,"dl":320000,"sp":7,"cp":1,"subp":1,"cs":false,"maxbr":999000,"fl":320000,"toast":false,"flag":0,"preSell":false},{"id":513360721,"fee":8,"payed":0,"st":0,"pl":128000,"dl":0,"sp":7,"cp":1,"subp":1,"cs":false,"maxbr":999000,"fl":128000,"toast":false,"flag":2,"preSell":false},{"id":862100158,"fee":8,"payed":0,"st":0,"pl":128000,"dl":0,"sp":7,"cp":1,"subp":1,"cs":false,"maxbr":999000,"fl":128000,"toast":false,"flag":0,"preSell":false},{"id":554244265,"fee":0,"payed":0,"st":0,"pl":320000,"dl":320000,"sp":7,"cp":1,"subp":1,"cs":false,"maxbr":999000,"fl":320000,"toast":false,"flag":0,"preSell":false},{"id":569213220,"fee":4,"payed":0,"st":0,"pl":0,"dl":0,"sp":0,"cp":0,"subp":0,"cs":false,"maxbr":999000,"fl":0,"toast":false,"flag":0,"preSell":false},{"id":556850848,"fee":8,"payed":0,"st":0,"pl":128000,"dl":0,"sp":7,"cp":1,"subp":1,"cs":false,"maxbr":999000,"fl":128000,"toast":false,"flag":0,"preSell":false},{"id":562594319,"fee":0,"payed":0,"st":0,"pl":320000,"dl":320000,"sp":7,"cp":1,"subp":1,"cs":false,"maxbr":999000,"fl":320000,"toast":false,"flag":2,"preSell":false},{"id":863377826,"fee":0,"payed":0,"st":0,"pl":320000,"dl":320000,"sp":7,"cp":1,"subp":1,"cs":false,"maxbr":999000,"fl":320000,"toast":false,"flag":0,"preSell":false},{"id":550684384,"fee":8,"payed":0,"st":0,"pl":128000,"dl":0,"sp":7,"cp":1,"subp":1,"cs":false,"maxbr":320000,"fl":128000,"toast":false,"flag":4,"preSell":false},{"id":863171352,"fee":8,"payed":0,"st":0,"pl":128000,"dl":0,"sp":7,"cp":1,"subp":1,"cs":false,"maxbr":999000,"fl":128000,"toast":false,"flag":0,"preSell":false},{"id":572103594,"fee":8,"payed":0,"st":0,"pl":128000,"dl":0,"sp":7,"cp":1,"subp":1,"cs":false,"maxbr":999000,"fl":128000,"toast":false,"flag":4,"preSell":false},{"id":523250454,"fee":8,"payed":0,"st":0,"pl":128000,"dl":0,"sp":7,"cp":1,"subp":1,"cs":false,"maxbr":999000,"fl":128000,"toast":false,"flag":0,"preSell":false},{"id":574924781,"fee":0,"payed":0,"st":0,"pl":320000,"dl":320000,"sp":7,"cp":1,"subp":1,"cs":false,"maxbr":320000,"fl":320000,"toast":false,"flag":0,"preSell":false},{"id":863307082,"fee":0,"payed":0,"st":0,"pl":320000,"dl":320000,"sp":7,"cp":1,"subp":1,"cs":false,"maxbr":999000,"fl":320000,"toast":false,"flag":0,"preSell":false},{"id":862102732,"fee":0,"payed":0,"st":0,"pl":320000,"dl":320000,"sp":7,"cp":1,"subp":1,"cs":false,"maxbr":320000,"fl":320000,"toast":false,"flag":0,"preSell":false},{"id":571545156,"fee":0,"payed":0,"st":0,"pl":320000,"dl":320000,"sp":7,"cp":1,"subp":1,"cs":false,"maxbr":999000,"fl":320000,"toast":false,"flag":0,"preSell":false},{"id":572610144,"fee":0,"payed":0,"st":0,"pl":320000,"dl":320000,"sp":7,"cp":1,"subp":1,"cs":false,"maxbr":999000,"fl":320000,"toast":false,"flag":0,"preSell":false},{"id":862102410,"fee":0,"payed":0,"st":0,"pl":320000,"dl":320000,"sp":7,"cp":1,"subp":1,"cs":false,"maxbr":999000,"fl":320000,"toast":false,"flag":0,"preSell":false},{"id":556204150,"fee":0,"payed":0,"st":0,"pl":320000,"dl":0,"sp":7,"cp":1,"subp":1,"cs":false,"maxbr":320000,"fl":128000,"toast":false,"flag":0,"preSell":false},{"id":862100743,"fee":0,"payed":0,"st":0,"pl":320000,"dl":320000,"sp":7,"cp":1,"subp":1,"cs":false,"maxbr":320000,"fl":320000,"toast":false,"flag":0,"preSell":false},{"id":574924491,"fee":8,"payed":0,"st":0,"pl":128000,"dl":0,"sp":7,"cp":1,"subp":1,"cs":false,"maxbr":999000,"fl":128000,"toast":false,"flag":0,"preSell":false},{"id":551339538,"fee":0,"payed":0,"st":0,"pl":320000,"dl":320000,"sp":7,"cp":1,"subp":1,"cs":false,"maxbr":999000,"fl":320000,"toast":false,"flag":0,"preSell":false},{"id":553812216,"fee":0,"payed":0,"st":0,"pl":320000,"dl":320000,"sp":7,"cp":1,"subp":1,"cs":false,"maxbr":320000,"fl":320000,"toast":false,"flag":0,"preSell":false},{"id":528273459,"fee":8,"payed":0,"st":0,"pl":128000,"dl":0,"sp":7,"cp":1,"subp":1,"cs":false,"maxbr":999000,"fl":128000,"toast":false,"flag":0,"preSell":false},{"id":571339207,"fee":0,"payed":0,"st":0,"pl":320000,"dl":320000,"sp":7,"cp":1,"subp":1,"cs":false,"maxbr":999000,"fl":320000,"toast":false,"flag":0,"preSell":false},{"id":503976589,"fee":0,"payed":0,"st":0,"pl":320000,"dl":320000,"sp":7,"cp":1,"subp":1,"cs":false,"maxbr":999000,"fl":320000,"toast":false,"flag":0,"preSell":false},{"id":503975491,"fee":8,"payed":0,"st":0,"pl":128000,"dl":0,"sp":7,"cp":1,"subp":1,"cs":false,"maxbr":999000,"fl":128000,"toast":false,"flag":0,"preSell":false},{"id":516818285,"fee":8,"payed":0,"st":0,"pl":128000,"dl":0,"sp":7,"cp":1,"subp":1,"cs":false,"maxbr":999000,"fl":128000,"toast":false,"flag":2,"preSell":false},{"id":862912989,"fee":0,"payed":0,"st":0,"pl":320000,"dl":320000,"sp":7,"cp":1,"subp":1,"cs":false,"maxbr":320000,"fl":320000,"toast":false,"flag":0,"preSell":false},{"id":529823971,"fee":0,"payed":0,"st":0,"pl":320000,"dl":320000,"sp":7,"cp":1,"subp":1,"cs":false,"maxbr":999000,"fl":320000,"toast":false,"flag":0,"preSell":false},{"id":561985902,"fee":0,"payed":0,"st":0,"pl":320000,"dl":320000,"sp":7,"cp":1,"subp":1,"cs":false,"maxbr":999000,"fl":320000,"toast":false,"flag":2,"preSell":false},{"id":548648087,"fee":0,"payed":0,"st":0,"pl":320000,"dl":320000,"sp":7,"cp":1,"subp":1,"cs":false,"maxbr":999000,"fl":320000,"toast":false,"flag":0,"preSell":false},{"id":556145357,"fee":0,"payed":0,"st":0,"pl":320000,"dl":320000,"sp":7,"cp":1,"subp":1,"cs":false,"maxbr":320000,"fl":320000,"toast":false,"flag":0,"preSell":false},{"id":504826080,"fee":0,"payed":0,"st":0,"pl":320000,"dl":320000,"sp":7,"cp":1,"subp":1,"cs":false,"maxbr":999000,"fl":320000,"toast":false,"flag":0,"preSell":false},{"id":863235813,"fee":0,"payed":0,"st":0,"pl":320000,"dl":320000,"sp":7,"cp":1,"subp":1,"cs":false,"maxbr":999000,"fl":320000,"toast":false,"flag":0,"preSell":false},{"id":574925417,"fee":8,"payed":0,"st":0,"pl":128000,"dl":0,"sp":7,"cp":1,"subp":1,"cs":false,"maxbr":999000,"fl":128000,"toast":false,"flag":0,"preSell":false},{"id":863189490,"fee":0,"payed":0,"st":0,"pl":320000,"dl":320000,"sp":7,"cp":1,"subp":1,"cs":false,"maxbr":999000,"fl":320000,"toast":false,"flag":0,"preSell":false},{"id":571534645,"fee":0,"payed":0,"st":0,"pl":320000,"dl":320000,"sp":7,"cp":1,"subp":1,"cs":false,"maxbr":320000,"fl":320000,"toast":false,"flag":0,"preSell":false},{"id":862100722,"fee":0,"payed":0,"st":0,"pl":320000,"dl":320000,"sp":7,"cp":1,"subp":1,"cs":false,"maxbr":320000,"fl":320000,"toast":false,"flag":0,"preSell":false},{"id":573583159,"fee":8,"payed":0,"st":0,"pl":128000,"dl":0,"sp":7,"cp":1,"subp":1,"cs":false,"maxbr":999000,"fl":128000,"toast":false,"flag":0,"preSell":false},{"id":526464266,"fee":0,"payed":0,"st":0,"pl":320000,"dl":320000,"sp":7,"cp":1,"subp":1,"cs":false,"maxbr":999000,"fl":320000,"toast":false,"flag":0,"preSell":false},{"id":862102125,"fee":8,"payed":0,"st":0,"pl":128000,"dl":0,"sp":7,"cp":1,"subp":1,"cs":false,"maxbr":999000,"fl":128000,"toast":false,"flag":0,"preSell":false},{"id":460043703,"fee":8,"payed":0,"st":0,"pl":128000,"dl":0,"sp":7,"cp":1,"subp":1,"cs":false,"maxbr":999000,"fl":128000,"toast":false,"flag":4,"preSell":false},{"id":571339817,"fee":0,"payed":0,"st":0,"pl":320000,"dl":320000,"sp":7,"cp":1,"subp":1,"cs":false,"maxbr":999000,"fl":320000,"toast":false,"flag":0,"preSell":false},{"id":862098730,"fee":0,"payed":0,"st":0,"pl":320000,"dl":320000,"sp":7,"cp":1,"subp":1,"cs":false,"maxbr":320000,"fl":320000,"toast":false,"flag":0,"preSell":false},{"id":514186522,"fee":8,"payed":0,"st":0,"pl":128000,"dl":0,"sp":7,"cp":1,"subp":1,"cs":false,"maxbr":999000,"fl":128000,"toast":false,"flag":0,"preSell":false},{"id":566436427,"fee":8,"payed":0,"st":0,"pl":128000,"dl":0,"sp":7,"cp":1,"subp":1,"cs":false,"maxbr":999000,"fl":128000,"toast":false,"flag":0,"preSell":false},{"id":862171971,"fee":0,"payed":0,"st":0,"pl":320000,"dl":320000,"sp":7,"cp":1,"subp":1,"cs":false,"maxbr":320000,"fl":320000,"toast":false,"flag":0,"preSell":false},{"id":863212446,"fee":0,"payed":0,"st":0,"pl":320000,"dl":320000,"sp":7,"cp":1,"subp":1,"cs":false,"maxbr":999000,"fl":320000,"toast":false,"flag":0,"preSell":false},{"id":862300218,"fee":0,"payed":0,"st":0,"pl":320000,"dl":320000,"sp":7,"cp":1,"subp":1,"cs":false,"maxbr":999000,"fl":320000,"toast":false,"flag":0,"preSell":false},{"id":863326953,"fee":0,"payed":0,"st":0,"pl":320000,"dl":320000,"sp":7,"cp":1,"subp":1,"cs":false,"maxbr":320000,"fl":320000,"toast":false,"flag":0,"preSell":false},{"id":533436055,"fee":0,"payed":0,"st":0,"pl":320000,"dl":320000,"sp":7,"cp":1,"subp":1,"cs":false,"maxbr":999000,"fl":320000,"toast":false,"flag":0,"preSell":false},{"id":534136486,"fee":0,"payed":0,"st":0,"pl":320000,"dl":320000,"sp":7,"cp":1,"subp":1,"cs":false,"maxbr":999000,"fl":320000,"toast":false,"flag":2,"preSell":false},{"id":862099805,"fee":0,"payed":0,"st":0,"pl":320000,"dl":320000,"sp":7,"cp":1,"subp":1,"cs":false,"maxbr":320000,"fl":320000,"toast":false,"flag":0,"preSell":false},{"id":862096032,"fee":0,"payed":0,"st":0,"pl":320000,"dl":320000,"sp":7,"cp":1,"subp":1,"cs":false,"maxbr":999000,"fl":320000,"toast":false,"flag":0,"preSell":false},{"id":863336048,"fee":0,"payed":0,"st":0,"pl":320000,"dl":320000,"sp":7,"cp":1,"subp":1,"cs":false,"maxbr":999000,"fl":320000,"toast":false,"flag":0,"preSell":false}]}