{"playlist":{"subscribers":[],"subscribed":false,"creator":{"defaultAvatar":false,"province":110000,"authStatus":1,"followed":false,"avatarUrl":"http://p1.music.126.net/QWMV-Ru_6149AKe0mCBXKg==/1420569024374784.jpg","accountStatus":0,"gender":1,"city":110101,"birthday":-2209017600000,"userId":1,"userType":2,"nickname":"网易云音乐","signature":"欢迎使用网易云音乐，有任何问题可以联系@云音乐客服， 我们会尽快答复。有关独立音乐人和独立厂牌请站内私信@原创君，DJ入驻联系邮箱： yunmusic@163.com","description":"网易云音乐官方账号","detailDescription":"网易云音乐官方账号","avatarImgId":1420569024374784,"backgroundImgId":2002210674180202,"backgroundUrl":"http://p1.music.126.net/pmHS4fcQtcNEGewNb5HRhg==/2002210674180202.jpg","authority":3,"mutual":false,"expertTags":null,"experts":null,"djStatus":10,"vipType":11,"remarkName":null,"avatarImgIdStr":"1420569024374784","backgroundImgIdStr":"2002210674180202"},"tracks":[{"name":"可能否","id":569214126,"pst":0,"t":0,"ar":[{"id":12037229,"name":"木小雅","tns":[],"alias":[]}],"alia":[],"pop":100.0,"st":0,"rt":null,"fee":8,"v":11,"crbt":null,"cf":"","al":{"id":39483016,"name":"可能否","picUrl":"http://p1.music.126.net/SJYnDay7wgewU3O7tPfmOQ==/109951163322541581.jpg","tns":[],"pic_str":"109951163322541581","pic":109951163322541581},"dt":227899,"h":{"br":320000,"fid":0,"size":9118868,"vd":0.0},"m":{"br":192000,"fid":0,"size":5471338,"vd":0.0},"l":{"br":128000,"fid":0,"size":3647573,"vd":0.0},"a":null,"cd":"","no":1,"rtUrl":null,"ftype":0,"rtUrls":[],"djId":0,"copyright":2,"s_id":0,"mst":9,"cp":748010,"mv":0,"rtype":0,"rurl":null,"publishTime":1527609600007},{"name":"往后余生（翻自 马良）","id":571338279,"pst":0,"t":0,"ar":[{"id":14312549,"name":"王贰浪","tns":[],"alias":[]}],"alia":[],"pop":100.0,"st":0,"rt":null,"fee":8,"v":4,"crbt":null,"cf":"","al":{"id":39591091,"name":"往后余生","picUrl":"http://p1.music.126.net/hTiVEeQTUSsc-YGF3o6ItQ==/109951163337847600.jpg","tns":[],"pic_str":"109951163337847600","pic":109951163337847600},"dt":231785,"h":{"br":320000,"fid":0,"size":9274558,"vd":0.0},"m":{"br":192000,"fid":0,"size":5564752,"vd":0.0},"l":{"br":128000,"fid":0,"size":3709849,"vd":0.0},"a":null,"cd":"","no":1,"rtUrl":null,"ftype":0,"rtUrls":[],"djId":0,"copyright":0,"s_id":0,"mst":9,"cp":1372820,"mv":0,"rtype":0,"rurl":null,"publishTime":1528387200007},{"name":"浪人琵琶","id":566442496,"pst":0,"t":0,"ar":[{"id":12947071,"name":"胡66","tns":[],"alias":[]}],"alia":[],"pop":100.0,"st":0,"rt":null,"fee":8,"v":1,"crbt":null,"cf":"","al":{"id":39266160,"name":"浪人琵琶","picUrl":"http://p1.music.126.net/G5YxAyt9812z9MROfWarkg==/109951163318974870.jpg","tns":[],"pic_str":"109951163318974870","pic":109951163318974870},"dt":224263,"h":{"br":320000,"fid":0,"size":8973627,"vd":-1.0},"m":{"br":192000,"fid":0,"size":5384194,"vd":-1.0},"l":{"br":128000,"fid":0,"size":3589477,"vd":-1.0},"a":null,"cd":"","no":1,"rtUrl":null,"ftype":0,"rtUrls":[],"djId":0,"copyright":0,"s_id":0,"mst":9,"cp":722019,"mv":0,"rtype":0,"rurl":null,"publishTime":1527696000007},{"name":"推动摇篮的手","id":862102137,"pst":0,"t":0,"ar":[{"id":3685,"name":"林宥嘉","tns":[],"alias":[]}],"alia":[],"pop":100.0,"st":0,"rt":null,"fee":8,"v":1,"crbt":null,"cf":"","al":{"id":71612677,"name":"推动摇篮的手","picUrl":"http://p1.music.126.net/FHtQLeSI7331ueL_tERbpg==/109951163370280050.jpg","tns":[],"pic_str":"109951163370280050","pic":109951163370280050},"dt":259754,"h":{"br":320000,"fid":0,"size":10392599,"vd":0.0},"m":{"br":192000,"fid":0,"size":6235577,"vd":0.0},"l":{"br":128000,"fid":0,"size":4157066,"vd":0.0},"a":null,"cd":"","no":0,"rtUrl":null,"ftype":0,"rtUrls":[],"djId":0,"copyright":0,"s_id":0,"mst":9,"cp":677020,"mv":0,"rtype":0,"rurl":null,"publishTime":1529856000007},{"name":"渐渐","id":574908698,"pst":0,"t":0,"ar":[{"id":2116,"name":"陈奕迅","tns":[],"alias":[]}],"alia":[],"pop":100.0,"st":0,"rt":null,"fee":8,"v":12,"crbt":null,"cf":"","al":{"id":39723379,"name":"渐渐","picUrl":"http://p1.music.126.net/SGRNxyeA6_43M8oB0TuqrQ==/109951163370531309.jpg","tns":[],"pic_str":"109951163370531309","pic":109951163370531309},"dt":278622,"h":{"br":320000,"fid":0,"size":11145970,"vd":-1.0},"m":{"br":192000,"fid":0,"size":6687600,"vd":-1.0},"l":{"br":128000,"fid":0,"size":4458414,"vd":-1.0},"a":null,"cd":"1","no":1,"rtUrl":null,"ftype":0,"rtUrls":[],"djId":0,"copyright":0,"s_id":0,"mst":9,"cp":7003,"mv":5955277,"rtype":0,"rurl":null,"publishTime":1529625600000},{"name":"明智之举","id":862099032,"pst":0,"t":0,"ar":[{"id":5771,"name":"许嵩","tns":[],"alias":[]}],"alia":[],"pop":100.0,"st":0,"rt":null,"fee":0,"v":1,"crbt":null,"cf":"","al":{"id":71611624,"name":"明智之举","picUrl":"http://p1.music.126.net/h6uPPd0gpFcd_nonGAvysA==/109951163368659808.jpg","tns":[],"pic_str":"109951163368659808","pic":109951163368659808},"dt":267142,"h":{"br":320000,"fid":0,"size":10688305,"vd":-1.0},"m":{"br":192000,"fid":0,"size":6413000,"vd":-1.0},"l":{"br":128000,"fid":0,"size":4275348,"vd":-1.0},"a":null,"cd":"","no":0,"rtUrl":null,"ftype":0,"rtUrls":[],"djId":0,"copyright":0,"s_id":0,"mst":9,"cp":14026,"mv":5955076,"rtype":0,"rurl":null,"publishTime":1529596800007},{"name":"盗将行","id":574566207,"pst":0,"t":0,"ar":[{"id":8103,"name":"花粥","tns":[],"alias":[]},{"id":826336,"name":"马雨阳","tns":[],"alias":[]}],"alia":[],"pop":100.0,"st":0,"rt":null,"fee":0,"v":5,"crbt":null,"cf":"","al":{"id":39752444,"name":"粥请客（二）","picUrl":"http://p1.music.126.net/a1U7azl9lHF_1vZdJ8YYmA==/109951163366440346.jpg","tns":[],"pic_str":"109951163366440346","pic":109951163366440346},"dt":198126,"h":{"br":320000,"fid":0,"size":7927685,"vd":-2.0},"m":{"br":192000,"fid":0,"size":4756628,"vd":-2.0},"l":{"br":128000,"fid":0,"size":3171100,"vd":-2.0},"a":null,"cd":"","no":1,"rtUrl":null,"ftype":0,"rtUrls":[],"djId":0,"copyright":0,"s_id":0,"mst":9,"cp":0,"mv":0,"rtype":0,"rurl":null,"publishTime":1529366400000},{"name":"那是你离开了北京的生活","id":571340283,"pst":0,"t":0,"ar":[{"id":5781,"name":"薛之谦","tns":[],"alias":[]}],"alia":[],"pop":100.0,"st":0,"rt":null,"fee":0,"v":1,"crbt":null,"cf":"","al":{"id":39592096,"name":"那是你离开了北京的生活","picUrl":"http://p1.music.126.net/xQqZ8LRCg4zrY5HGarKQNw==/109951163338145785.jpg","tns":[],"pic_str":"109951163338145785","pic":109951163338145785},"dt":268402,"h":{"br":320000,"fid":0,"size":10738460,"vd":0.0},"m":{"br":192000,"fid":0,"size":6443093,"vd":0.0},"l":{"br":128000,"fid":0,"size":4295410,"vd":0.0},"a":null,"cd":"","no":0,"rtUrl":null,"ftype":0,"rtUrls":[],"djId":0,"copyright":0,"s_id":0,"mst":9,"cp":22036,"mv":0,"rtype":0,"rurl":null,"publishTime":1528387200007},{"name":"讲真的","id":569870746,"pst":0,"t":0,"ar":[{"id":12420149,"name":"李袁杰","tns":[],"alias":[]},{"id":1053026,"name":"曾惜","tns":[],"alias":[]}],"alia":[],"pop":100.0,"st":0,"rt":null,"fee":8,"v":22,"crbt":null,"cf":"","al":{"id":39391498,"name":"讲真的","picUrl":"http://p1.music.126.net/459WLUlXcy6N6NUmmd7V8A==/109951163327091541.jpg","tns":[],"pic_str":"109951163327091541","pic":109951163327091541},"dt":239364,"h":{"br":320000,"fid":0,"size":9577578,"vd":0.0},"m":{"br":192000,"fid":0,"size":5746564,"vd":0.0},"l":{"br":128000,"fid":0,"size":3831057,"vd":0.0},"a":null,"cd":"1","no":1,"rtUrl":null,"ftype":0,"rtUrls":[],"djId":0,"copyright":0,"s_id":0,"mst":9,"cp":0,"mv":0,"rtype":0,"rurl":null,"publishTime":1527955200007},{"name":"时间飞行","id":571074019,"pst":0,"t":0,"ar":[{"id":12091076,"name":"白宇","tns":[],"alias":[]},{"id":12151013,"name":"朱一龙","tns":[],"alias":[]}],"alia":["超级网剧《镇魂》推广曲"],"pop":100.0,"st":0,"rt":null,"fee":0,"v":4,"crbt":null,"cf":"","al":{"id":39566012,"name":"时间飞行","picUrl":"http://p1.music.126.net/0L3N_IHy_Se107oF5jFDuw==/109951163334334869.jpg","tns":[],"pic_str":"109951163334334869","pic":109951163334334869},"dt":186176,"h":{"br":320000,"fid":0,"size":7450166,"vd":0.0},"m":{"br":192000,"fid":0,"size":4470117,"vd":0.0},"l":{"br":128000,"fid":0,"size":2980093,"vd":0.0},"a":null,"cd":"","no":0,"rtUrl":null,"ftype":0,"rtUrls":[],"djId":0,"copyright":0,"s_id":0,"mst":9,"cp":414012,"mv":5917795,"rtype":0,"rurl":null,"publishTime":1528128000007},{"name":"意料之中","id":862098671,"pst":0,"t":0,"ar":[{"id":12138269,"name":"毛不易","tns":[],"alias":[]},{"id":13022016,"name":"廖俊涛","tns":[],"alias":[]},{"id":12622588,"name":"钟易轩","tns":[],"alias":[]}],"alia":[],"pop":0.0,"st":0,"rt":null,"fee":8,"v":6,"crbt":null,"cf":"","al":{"id":71614796,"name":"意料之中","picUrl":"http://p1.music.126.net/49SayFRcqgvss9ULAPxl0Q==/109951163378990906.jpg","tns":[],"pic_str":"109951163378990906","pic":109951163378990906},"dt":237756,"h":{"br":320000,"fid":0,"size":9512795,"vd":0.0},"m":{"br":192000,"fid":0,"size":5707694,"vd":0.0},"l":{"br":128000,"fid":0,"size":3805144,"vd":0.0},"a":null,"cd":"","no":1,"rtUrl":null,"ftype":0,"rtUrls":[],"djId":0,"copyright":0,"s_id":0,"mst":9,"cp":755014,"mv":0,"rtype":0,"rurl":null,"publishTime":1530115200007},{"name":"再也不会遇见第二个她","id":573131630,"pst":0,"t":0,"ar":[{"id":13450163,"name":"李哈哈","tns":[],"alias":[]}],"alia":[],"pop":100.0,"st":0,"rt":null,"fee":0,"v":5,"crbt":null,"cf":"","al":{"id":39660458,"name":"再也不会遇见第二个她","picUrl":"http://p1.music.126.net/brcmF43gvelShCAFAI56zQ==/109951163351837923.jpg","tns":[],"pic_str":"109951163351837923","pic":109951163351837923},"dt":179826,"h":{"br":320000,"fid":0,"size":7195211,"vd":1.0},"m":{"br":192000,"fid":0,"size":4317144,"vd":2.0},"l":{"br":128000,"fid":0,"size":2878111,"vd":2.0},"a":null,"cd":"","no":1,"rtUrl":null,"ftype":0,"rtUrls":[],"djId":0,"copyright":0,"s_id":0,"mst":9,"cp":0,"mv":0,"rtype":0,"rurl":null,"publishTime":1528848000000},{"name":"Over My Skin","id":573577428,"pst":0,"t":0,"ar":[{"id":126009,"name":"Tiffany Young","tns":[],"alias":[]}],"alia":[],"pop":0.0,"st":0,"rt":null,"fee":8,"v":5,"crbt":null,"cf":"","al":{"id":39721081,"name":"Over My Skin","picUrl":"http://p1.music.126.net/X0u2ACWRZ1h6qMr_wU7pIQ==/109951163366912427.jpg","tns":[],"pic_str":"109951163366912427","pic":109951163366912427},"dt":176215,"h":{"br":320000,"fid":0,"size":7051015,"vd":-1.0},"m":{"br":192000,"fid":0,"size":4230626,"vd":0.0},"l":{"br":128000,"fid":0,"size":2820432,"vd":0.0},"a":null,"cd":"1","no":1,"rtUrl":null,"ftype":0,"rtUrls":[],"djId":0,"copyright":0,"s_id":0,"mst":9,"cp":760010,"mv":0,"rtype":0,"rurl":null,"publishTime":1530115200007},{"name":"又失恋了","id":863359163,"pst":0,"t":0,"ar":[{"id":8103,"name":"花粥","tns":[],"alias":[]}],"alia":[],"pop":0.0,"st":0,"rt":null,"fee":0,"v":5,"crbt":null,"cf":"","al":{"id":71681907,"name":"2018（三）","picUrl":"http://p1.music.126.net/j8Ome8FtxMRFZW6ud7Wptg==/109951163380476040.jpg","tns":[],"pic_str":"109951163380476040","pic":109951163380476040},"dt":191763,"h":{"br":320000,"fid":0,"size":7672729,"vd":0.0},"m":{"br":192000,"fid":0,"size":4603655,"vd":0.0},"l":{"br":128000,"fid":0,"size":3069118,"vd":0.0},"a":null,"cd":"","no":1,"rtUrl":null,"ftype":0,"rtUrls":[],"djId":0,"copyright":0,"s_id":0,"mst":9,"cp":0,"mv":0,"rtype":0,"rurl":null,"publishTime":1530144000000},{"name":"God Bless The Dead (prod.DJ FORGOTTEN)","id":862098264,"pst":0,"t":0,"ar":[{"id":12107961,"name":"XXXTENTACION","tns":[],"alias":[]},{"id":13124315,"name":"2Pac","tns":[],"alias":[]},{"id":44276,"name":"The Notorious B.I.G.","tns":[],"alias":[]}],"alia":[],"pop":100.0,"st":0,"rt":null,"fee":0,"v":4,"crbt":null,"cf":"","al":{"id":71613710,"name":"God Bless The Dead (prod.DJ FORGOTTEN)","picUrl":"http://p1.music.126.net/YlbaIcA2cA0CD-fR7Xj6Ng==/109951163375435235.jpg","tns":[],"pic_str":"109951163375435235","pic":109951163375435235},"dt":183510,"h":null,"m":null,"l":{"br":128000,"fid":0,"size":2936625,"vd":0.0},"a":null,"cd":"","no":1,"rtUrl":null,"ftype":0,"rtUrls":[],"djId":0,"copyright":2,"s_id":0,"mst":9,"cp":0,"mv":0,"rtype":0,"rurl":null,"publishTime":1529683200007},{"name":"第五人格","id":862099538,"pst":0,"t":0,"ar":[{"id":1142042,"name":"徐梦圆","tns":[],"alias":[]}],"alia":[],"pop":100.0,"st":0,"rt":null,"fee":0,"v":1,"crbt":null,"cf":"","al":{"id":71611758,"name":"Five","picUrl":"http://p1.music.126.net/lx5_Kq-S73yJ6vP_eF3QNg==/109951163377709735.jpg","tns":[],"pic_str":"109951163377709735","pic":109951163377709735},"dt":221425,"h":{"br":320000,"fid":0,"size":8859733,"vd":0.0},"m":{"br":192000,"fid":0,"size":5315857,"vd":0.0},"l":{"br":128000,"fid":0,"size":3543919,"vd":0.0},"a":null,"cd":"","no":1,"rtUrl":null,"ftype":0,"rtUrls":[],"djId":0,"copyright":0,"s_id":0,"mst":9,"cp":0,"mv":0,"rtype":0,"rurl":null,"publishTime":1530028800007},{"name":"Connection","id":574922126,"pst":0,"t":0,"ar":[{"id":98105,"name":"OneRepublic","tns":[],"alias":[]}],"alia":[],"pop":100.0,"st":0,"rt":null,"fee":8,"v":3,"crbt":null,"cf":"","al":{"id":39791185,"name":"Connection","picUrl":"http://p1.music.126.net/Cfpjdoeh2ZZ59gE3bN6G-Q==/109951163378041711.jpg","tns":[],"pic_str":"109951163378041711","pic":109951163378041711},"dt":148506,"h":{"br":320000,"fid":0,"size":5941333,"vd":-2.0},"m":{"br":192000,"fid":0,"size":3564817,"vd":-1.0},"l":{"br":128000,"fid":0,"size":2376559,"vd":-1.0},"a":null,"cd":"1","no":1,"rtUrl":null,"ftype":0,"rtUrls":[],"djId":0,"copyright":1,"s_id":0,"mst":9,"cp":7003,"mv":0,"rtype":0,"rurl":null,"publishTime":1529942400007},{"name":"青梅竹马","id":570326067,"pst":0,"t":0,"ar":[{"id":13161063,"name":"陈秋含","tns":[],"alias":[]}],"alia":[],"pop":100.0,"st":0,"rt":null,"fee":0,"v":2,"crbt":null,"cf":"","al":{"id":39538027,"name":"青梅竹马","picUrl":"http://p1.music.126.net/XQDjR2ASpbH3hScXkVnLEQ==/109951163327015892.jpg","tns":[],"pic_str":"109951163327015892","pic":109951163327015892},"dt":242041,"h":{"br":320000,"fid":0,"size":9684158,"vd":0.0},"m":{"br":192000,"fid":0,"size":5810512,"vd":0.0},"l":{"br":128000,"fid":0,"size":3873689,"vd":0.0},"a":null,"cd":"","no":1,"rtUrl":null,"ftype":0,"rtUrls":[],"djId":0,"copyright":0,"s_id":0,"mst":9,"cp":698013,"mv":0,"rtype":0,"rurl":null,"publishTime":1527696000007},{"name":"Wait A Minute","id":573583409,"pst":0,"t":0,"ar":[{"id":15021290,"name":"乐华七子NEXT","tns":[],"alias":[]}],"alia":["等一下"],"pop":100.0,"st":0,"rt":null,"fee":4,"v":4,"crbt":null,"cf":"","al":{"id":39592306,"name":"THE FIRST I","picUrl":"http://p1.music.126.net/r1oeSDKbatOCrshT6_SPWg==/109951163366934124.jpg","tns":[],"pic_str":"109951163366934124","pic":109951163366934124},"dt":201720,"h":{"br":320000,"fid":0,"size":8071880,"vd":1.0},"m":{"br":192000,"fid":0,"size":4843146,"vd":2.0},"l":{"br":128000,"fid":0,"size":3228778,"vd":2.0},"a":null,"cd":"","no":1,"rtUrl":null,"ftype":0,"rtUrls":[],"djId":0,"copyright":0,"s_id":0,"mst":9,"cp":757013,"mv":5955052,"rtype":0,"rurl":null,"publishTime":1529510400007},{"name":"Let It Go","id":862098298,"pst":0,"t":0,"ar":[{"id":15022053,"name":"88rising","tns":[],"alias":[]},{"id":12002201,"name":"Higher Brothers","tns":[],"alias":[]},{"id":13227157,"name":"BlocBoy JB","tns":[],"alias":[]}],"alia":[],"pop":100.0,"st":0,"rt":null,"fee":8,"v":1,"crbt":null,"cf":"","al":{"id":71613718,"name":"Let It Go","picUrl":"http://p1.music.126.net/70KJOIDIQ1-W4K_A1NckBQ==/109951163375576556.jpg","tns":[],"pic_str":"109951163375576556","pic":109951163375576556},"dt":169637,"h":{"br":320000,"fid":0,"size":6787701,"vd":-2.0},"m":{"br":192000,"fid":0,"size":4072638,"vd":-1.0},"l":{"br":128000,"fid":0,"size":2715106,"vd":-1.0},"a":null,"cd":"","no":0,"rtUrl":null,"ftype":0,"rtUrls":[],"djId":0,"copyright":0,"s_id":0,"mst":9,"cp":36016,"mv":0,"rtype":0,"rurl":null,"publishTime":1529942400007},{"name":"王牌冤家","id":862129612,"pst":0,"t":0,"ar":[{"id":4292,"name":"李荣浩","tns":[],"alias":[]}],"alia":[],"pop":100.0,"st":0,"rt":null,"fee":8,"v":8,"crbt":null,"cf":"","al":{"id":71619831,"name":"王牌冤家","picUrl":"http://p1.music.126.net/ldRfSHRgtSZRsNruD54taQ==/109951163370797182.jpg","tns":[],"pic_str":"109951163370797182","pic":109951163370797182},"dt":244914,"h":{"br":320000,"fid":0,"size":9799097,"vd":0.0},"m":{"br":192000,"fid":0,"size":5879475,"vd":0.0},"l":{"br":128000,"fid":0,"size":3919665,"vd":0.0},"a":null,"cd":"1","no":1,"rtUrl":null,"ftype":0,"rtUrls":[],"djId":0,"copyright":1,"s_id":0,"mst":9,"cp":7002,"mv":0,"rtype":0,"rurl":null,"publishTime":1529683200007},{"name":"For You","id":573583410,"pst":0,"t":0,"ar":[{"id":15021290,"name":"乐华七子NEXT","tns":[],"alias":[]}],"alia":["为你"],"pop":100.0,"st":0,"rt":null,"fee":4,"v":2,"crbt":null,"cf":"","al":{"id":39592306,"name":"THE FIRST I","picUrl":"http://p1.music.126.net/r1oeSDKbatOCrshT6_SPWg==/109951163366934124.jpg","tns":[],"pic_str":"109951163366934124","pic":109951163366934124},"dt":242287,"h":{"br":320000,"fid":0,"size":9694607,"vd":-3.0},"m":{"br":192000,"fid":0,"size":5816782,"vd":-3.0},"l":{"br":128000,"fid":0,"size":3877869,"vd":-3.0},"a":null,"cd":"","no":2,"rtUrl":null,"ftype":0,"rtUrls":[],"djId":0,"copyright":0,"s_id":0,"mst":9,"cp":757013,"mv":0,"rtype":0,"rurl":null,"publishTime":1529510400007},{"name":"Waiting For","id":573125026,"pst":0,"t":0,"ar":[{"id":1008034,"name":"鬼卞","tns":[],"alias":[]}],"alia":[],"pop":100.0,"st":0,"rt":null,"fee":8,"v":3,"crbt":null,"cf":"","al":{"id":39591273,"name":"Waiting For","picUrl":"http://p1.music.126.net/8QL660z5azCPqGTPgdSI8g==/109951163353384186.jpg","tns":[],"pic_str":"109951163353384186","pic":109951163353384186},"dt":196206,"h":{"br":320000,"fid":0,"size":7851407,"vd":0.0},"m":{"br":192000,"fid":0,"size":4710862,"vd":0.0},"l":{"br":128000,"fid":0,"size":3140589,"vd":0.0},"a":null,"cd":"","no":1,"rtUrl":null,"ftype":0,"rtUrls":[],"djId":0,"copyright":0,"s_id":0,"mst":9,"cp":0,"mv":0,"rtype":0,"rurl":null,"publishTime":1528992000007},{"name":"撒呦娜啦","id":862098138,"pst":0,"t":0,"ar":[{"id":12050057,"name":"G.G(张思源)","tns":[],"alias":[]}],"alia":[],"pop":100.0,"st":0,"rt":null,"fee":8,"v":6,"crbt":null,"cf":"","al":{"id":71612669,"name":"撒呦娜啦","picUrl":"http://p1.music.126.net/BOJS5I1MUMoSvN80gbwAjA==/109951163370210671.jpg","tns":[],"pic_str":"109951163370210671","pic":109951163370210671},"dt":184615,"h":{"br":320000,"fid":0,"size":7387472,"vd":-1.0},"m":{"br":192000,"fid":0,"size":4432501,"vd":-1.0},"l":{"br":128000,"fid":0,"size":2955015,"vd":-1.0},"a":null,"cd":"","no":0,"rtUrl":null,"ftype":0,"rtUrls":[],"djId":0,"copyright":2,"s_id":0,"mst":9,"cp":760012,"mv":0,"rtype":0,"rurl":null,"publishTime":1529856000007},{"name":"繁华梦","id":571336912,"pst":0,"t":0,"ar":[{"id":7890,"name":"黄龄","tns":[],"alias":[]}],"alia":["电视剧《扶摇》插曲"],"pop":100.0,"st":0,"rt":null,"fee":8,"v":4,"crbt":null,"cf":"","al":{"id":39592227,"name":"繁华梦","picUrl":"http://p1.music.126.net/6zcH_ecshqXwCl8LsxmoEg==/109951163351782860.jpg","tns":[],"pic_str":"109951163351782860","pic":109951163351782860},"dt":306206,"h":{"br":320000,"fid":0,"size":12250427,"vd":-1.0},"m":{"br":192000,"fid":0,"size":7350274,"vd":0.0},"l":{"br":128000,"fid":0,"size":4900197,"vd":0.0},"a":null,"cd":"","no":1,"rtUrl":null,"ftype":0,"rtUrls":[],"djId":0,"copyright":0,"s_id":0,"mst":9,"cp":756015,"mv":0,"rtype":0,"rurl":null,"publishTime":1528905600007},{"name":"如约而至","id":573384240,"pst":0,"t":0,"ar":[{"id":5771,"name":"许嵩","tns":[],"alias":[]}],"alia":[],"pop":100.0,"st":0,"rt":null,"fee":0,"v":3,"crbt":null,"cf":"","al":{"id":39701663,"name":"如约而至","picUrl":"http://p1.music.126.net/MUOEUR7zixJuKUsLSQF9gQ==/109951163353478766.jpg","tns":[],"pic_str":"109951163353478766","pic":109951163353478766},"dt":255708,"h":{"br":320000,"fid":0,"size":10230640,"vd":-1.0},"m":{"br":192000,"fid":0,"size":6138401,"vd":-1.0},"l":{"br":128000,"fid":0,"size":4092282,"vd":-1.0},"a":null,"cd":"1","no":1,"rtUrl":null,"ftype":0,"rtUrls":[],"djId":0,"copyright":1,"s_id":0,"mst":9,"cp":14026,"mv":5917878,"rtype":0,"rurl":null,"publishTime":1528732800007},{"name":"平凡的一天","id":569214247,"pst":0,"t":0,"ar":[{"id":12138269,"name":"毛不易","tns":[],"alias":[]}],"alia":[],"pop":100.0,"st":0,"rt":null,"fee":4,"v":62,"crbt":null,"cf":"","al":{"id":39483040,"name":"平凡的一天","picUrl":"http://p1.music.126.net/vmCcDvD1H04e9gm97xsCqg==/109951163350929740.jpg","tns":[],"pic_str":"109951163350929740","pic":109951163350929740},"dt":276773,"h":{"br":320000,"fid":0,"size":11073872,"vd":0.0},"m":{"br":192000,"fid":0,"size":6644341,"vd":0.0},"l":{"br":128000,"fid":0,"size":4429575,"vd":0.0},"a":null,"cd":"1：平凡新作","no":1,"rtUrl":null,"ftype":0,"rtUrls":[],"djId":0,"copyright":2,"s_id":0,"mst":9,"cp":755014,"mv":5952085,"rtype":0,"rurl":null,"publishTime":1527696000007},{"name":"一生独一","id":572819430,"pst":0,"t":0,"ar":[{"id":12523349,"name":"卢焱","tns":[],"alias":[]}],"alia":[],"pop":100.0,"st":0,"rt":null,"fee":0,"v":10,"crbt":null,"cf":"","al":{"id":39654171,"name":"一生独一","picUrl":"http://p1.music.126.net/maCaAYM1GS5sl9SaBdgfTA==/109951163348574432.jpg","tns":[],"pic_str":"109951163348574432","pic":109951163348574432},"dt":249873,"h":{"br":320000,"fid":0,"size":9997627,"vd":0.0},"m":{"br":192000,"fid":0,"size":5998594,"vd":0.0},"l":{"br":128000,"fid":0,"size":3999077,"vd":0.0},"a":null,"cd":"","no":1,"rtUrl":null,"ftype":0,"rtUrls":[],"djId":0,"copyright":2,"s_id":0,"mst":9,"cp":0,"mv":0,"rtype":0,"rurl":null,"publishTime":1528761600000},{"name":"可不可以","id":862099184,"pst":0,"t":0,"ar":[{"id":188565,"name":"银临","tns":[],"alias":[]}],"alia":[],"pop":100.0,"st":0,"rt":null,"fee":0,"v":2,"crbt":null,"cf":"","al":{"id":71614679,"name":"可不可以","picUrl":"http://p1.music.126.net/9QiNsyeyywu372rSfXspPw==/109951163371434071.jpg","tns":[],"pic_str":"109951163371434071","pic":109951163371434071},"dt":260063,"h":{"br":320000,"fid":0,"size":10405138,"vd":0.0},"m":{"br":192000,"fid":0,"size":6243100,"vd":0.0},"l":{"br":128000,"fid":0,"size":4162081,"vd":0.0},"a":null,"cd":"","no":1,"rtUrl":null,"ftype":0,"rtUrls":[],"djId":0,"copyright":0,"s_id":0,"mst":9,"cp":0,"mv":10731048,"rtype":0,"rurl":null,"publishTime":1529683200007},{"name":"没有人心疼我","id":572042895,"pst":0,"t":0,"ar":[{"id":12382970,"name":"陈雪凝","tns":[],"alias":[]}],"alia":[],"pop":100.0,"st":0,"rt":null,"fee":8,"v":7,"crbt":null,"cf":"","al":{"id":39620358,"name":"没有人心疼我","picUrl":"http://p1.music.126.net/K7Bmtm6YZ6U0YKWd66fk1A==/109951163339830733.jpg","tns":[],"pic_str":"109951163339830733","pic":109951163339830733},"dt":269047,"h":{"br":320000,"fid":0,"size":10764582,"vd":-2.0},"m":{"br":192000,"fid":0,"size":6458767,"vd":-1.0},"l":{"br":128000,"fid":0,"size":4305859,"vd":-1.0},"a":null,"cd":"","no":1,"rtUrl":null,"ftype":0,"rtUrls":[],"djId":0,"copyright":0,"s_id":0,"mst":9,"cp":0,"mv":0,"rtype":0,"rurl":null,"publishTime":1528416000000},{"name":"醒着醉","id":571338083,"pst":0,"t":0,"ar":[{"id":13609637,"name":"马良","tns":[],"alias":[]}],"alia":[],"pop":100.0,"st":0,"rt":null,"fee":8,"v":1,"crbt":null,"cf":"","al":{"id":39591023,"name":"醒着醉","picUrl":"http://p1.music.126.net/g-tbzhZCU2opvigyB2g_Qg==/109951163334448121.jpg","tns":[],"pic_str":"109951163334448121","pic":109951163334448121},"dt":228864,"h":{"br":320000,"fid":0,"size":9157529,"vd":0.0},"m":{"br":192000,"fid":0,"size":5494535,"vd":0.0},"l":{"br":128000,"fid":0,"size":3663038,"vd":0.0},"a":null,"cd":"","no":0,"rtUrl":null,"ftype":0,"rtUrls":[],"djId":0,"copyright":0,"s_id":0,"mst":9,"cp":0,"mv":0,"rtype":0,"rurl":null,"publishTime":1528214400007},{"name":"只要平凡","id":574919767,"pst":0,"t":0,"ar":[{"id":6472,"name":"张杰","tns":[],"alias":[]},{"id":1024308,"name":"张碧晨","tns":[],"alias":[]}],"alia":["《我不是药神》电影主题曲"],"pop":10.0,"st":0,"rt":null,"fee":0,"v":1,"crbt":null,"cf":"","al":{"id":39723555,"name":"只要平凡","picUrl":"http://p1.music.126.net/CjGoliP3xOB0gcCUaeTTBg==/109951163375727336.jpg","tns":[],"pic_str":"109951163375727336","pic":109951163375727336},"dt":246028,"h":{"br":320000,"fid":0,"size":9844027,"vd":0.0},"m":{"br":192000,"fid":0,"size":5906434,"vd":0.0},"l":{"br":128000,"fid":0,"size":3937637,"vd":0.0},"a":null,"cd":"1","no":1,"rtUrl":null,"ftype":0,"rtUrls":[],"djId":0,"copyright":0,"s_id":0,"mst":9,"cp":375019,"mv":0,"rtype":0,"rurl":null,"publishTime":1529856000000},{"name":"窗","id":573577092,"pst":0,"t":0,"ar":[{"id":187229,"name":"吴青峰","tns":[],"alias":[]}],"alia":["电视剧《扶摇》片尾曲/人物主题曲"],"pop":100.0,"st":0,"rt":null,"fee":8,"v":5,"crbt":null,"cf":"","al":{"id":39719032,"name":"窗","picUrl":"http://p1.music.126.net/R-DcicXbPYdzVUaI2MGpdw==/109951163363701829.jpg","tns":[],"pic_str":"109951163363701829","pic":109951163363701829},"dt":210428,"h":{"br":320000,"fid":0,"size":8419831,"vd":-3.0},"m":{"br":192000,"fid":0,"size":5051916,"vd":-3.0},"l":{"br":128000,"fid":0,"size":3367959,"vd":-3.0},"a":null,"cd":"","no":1,"rtUrl":null,"ftype":0,"rtUrls":[],"djId":0,"copyright":1,"s_id":0,"mst":9,"cp":756015,"mv":0,"rtype":0,"rurl":null,"publishTime":1529337600007},{"name":"惊蛰","id":862099159,"pst":0,"t":0,"ar":[{"id":12174521,"name":"音阙诗听","tns":[],"alias":[]},{"id":12048239,"name":"王梓钰","tns":[],"alias":[]}],"alia":[],"pop":100.0,"st":0,"rt":null,"fee":8,"v":1,"crbt":null,"cf":"","al":{"id":71611669,"name":"惊蛰","picUrl":"http://p1.music.126.net/5MmXpaP9r88tNzExPGMI8Q==/109951163370350985.jpg","tns":[],"pic_str":"109951163370350985","pic":109951163370350985},"dt":241967,"h":{"br":320000,"fid":0,"size":9681023,"vd":-3.0},"m":{"br":192000,"fid":0,"size":5808631,"vd":-2.0},"l":{"br":128000,"fid":0,"size":3872435,"vd":-2.0},"a":null,"cd":"","no":1,"rtUrl":null,"ftype":0,"rtUrls":[],"djId":0,"copyright":0,"s_id":0,"mst":9,"cp":733010,"mv":0,"rtype":0,"rurl":null,"publishTime":1529856000007},{"name":"你住在我心里的原因","id":862100246,"pst":0,"t":0,"ar":[{"id":1195028,"name":"鹿先森乐队","tns":[],"alias":[]}],"alia":[],"pop":100.0,"st":0,"rt":null,"fee":8,"v":1,"crbt":null,"cf":"","al":{"id":71611699,"name":"你住在我心里的原因","picUrl":"http://p1.music.126.net/NPprP0R20nlMHfSJbBEWrw==/109951163375436591.jpg","tns":[],"pic_str":"109951163375436591","pic":109951163375436591},"dt":271419,"h":{"br":320000,"fid":0,"size":10859668,"vd":-2.0},"m":{"br":192000,"fid":0,"size":6515818,"vd":-2.0},"l":{"br":128000,"fid":0,"size":4343893,"vd":-2.0},"a":null,"cd":"","no":0,"rtUrl":null,"ftype":0,"rtUrls":[],"djId":0,"copyright":0,"s_id":0,"mst":9,"cp":36016,"mv":0,"rtype":0,"rurl":null,"publishTime":1529942400007},{"name":"天地","id":571068108,"pst":0,"t":0,"ar":[{"id":964108,"name":"吴亦凡","tns":[],"alias":[]}],"alia":["《中国新说唱》主题曲"],"pop":100.0,"st":0,"rt":null,"fee":8,"v":8,"crbt":null,"cf":"","al":{"id":39564043,"name":"天地","picUrl":"http://p1.music.126.net/qEyQhqGR3qP1nCBxU7_0dQ==/109951163332645756.jpg","tns":[],"pic_str":"109951163332645756","pic":109951163332645756},"dt":216137,"h":{"br":320000,"fid":0,"size":8646574,"vd":0.0},"m":{"br":192000,"fid":0,"size":5187962,"vd":0.0},"l":{"br":128000,"fid":0,"size":3458656,"vd":0.0},"a":null,"cd":"1","no":1,"rtUrl":null,"ftype":0,"rtUrls":[],"djId":0,"copyright":0,"s_id":0,"mst":9,"cp":7003,"mv":5917793,"rtype":0,"rurl":null,"publishTime":1528243200000},{"name":"listen","id":573582024,"pst":0,"t":0,"ar":[{"id":12174521,"name":"音阙诗听","tns":[],"alias":[]},{"id":12276171,"name":"Sia-Fire","tns":[],"alias":[]}],"alia":[],"pop":100.0,"st":0,"rt":null,"fee":8,"v":1,"crbt":null,"cf":"","al":{"id":39722012,"name":"listen","picUrl":"http://p1.music.126.net/yVzPqeForLNRJw50ylOdrg==/109951163355089228.jpg","tns":[],"pic_str":"109951163355089228","pic":109951163355089228},"dt":241967,"h":{"br":320000,"fid":0,"size":9681023,"vd":-3.0},"m":{"br":192000,"fid":0,"size":5808631,"vd":-2.0},"l":{"br":128000,"fid":0,"size":3872435,"vd":-2.0},"a":null,"cd":"","no":1,"rtUrl":null,"ftype":0,"rtUrls":[],"djId":0,"copyright":0,"s_id":0,"mst":9,"cp":733010,"mv":0,"rtype":0,"rurl":null,"publishTime":1529078400007},{"name":"All For You","id":574922289,"pst":0,"t":0,"ar":[{"id":827604,"name":"Years & Years","tns":[],"alias":[]}],"alia":[],"pop":0.0,"st":0,"rt":null,"fee":8,"v":3,"crbt":null,"cf":"","al":{"id":39791211,"name":"All For You","picUrl":"http://p1.music.126.net/Npv_JJHTISyoNP6o6Idseg==/109951163379547457.jpg","tns":[],"pic_str":"109951163379547457","pic":109951163379547457},"dt":219689,"h":{"br":320000,"fid":0,"size":8788680,"vd":-2.0},"m":{"br":192000,"fid":0,"size":5273226,"vd":-2.0},"l":{"br":128000,"fid":0,"size":3515498,"vd":-2.0},"a":null,"cd":"1","no":1,"rtUrl":null,"ftype":0,"rtUrls":[],"djId":0,"copyright":1,"s_id":0,"mst":9,"cp":7003,"mv":0,"rtype":0,"rurl":null,"publishTime":1530028800007},{"name":"大千世界","id":569213279,"pst":0,"t":0,"ar":[{"id":5771,"name":"许嵩","tns":[],"alias":[]}],"alia":[],"pop":100.0,"st":0,"rt":null,"fee":0,"v":3,"crbt":null,"cf":"","al":{"id":39460057,"name":"大千世界","picUrl":"http://p1.music.126.net/MClLyknLYaNnK_BSQfjQQA==/109951163324009705.jpg","tns":[],"pic_str":"109951163324009705","pic":109951163324009705},"dt":255391,"h":{"br":320000,"fid":0,"size":10218101,"vd":-2.0},"m":{"br":192000,"fid":0,"size":6130878,"vd":-2.0},"l":{"br":128000,"fid":0,"size":4087266,"vd":-2.0},"a":null,"cd":"","no":0,"rtUrl":null,"ftype":0,"rtUrls":[],"djId":0,"copyright":0,"s_id":0,"mst":9,"cp":14026,"mv":5917476,"rtype":0,"rurl":null,"publishTime":1527782400007},{"name":"谁 (Live版)","id":566436427,"pst":0,"t":0,"ar":[{"id":13022016,"name":"廖俊涛","tns":[],"alias":[]}],"alia":[],"pop":100.0,"st":0,"rt":null,"fee":8,"v":107,"crbt":null,"cf":"","al":{"id":39263103,"name":"这个人创作LIVE现场辑","picUrl":"http://p1.music.126.net/7HzttIveECGYRhAjKCCdfg==/109951163315608239.jpg","tns":[],"pic_str":"109951163315608239","pic":109951163315608239},"dt":254428,"h":{"br":320000,"fid":0,"size":10179440,"vd":-2.0},"m":{"br":192000,"fid":0,"size":6107681,"vd":-2.0},"l":{"br":128000,"fid":0,"size":4071802,"vd":-2.0},"a":null,"cd":"1","no":4,"rtUrl":null,"ftype":0,"rtUrls":[],"djId":0,"copyright":2,"s_id":0,"mst":9,"cp":755014,"mv":5917923,"rtype":0,"rurl":null,"publishTime":1528905600007},{"name":"That Girl (Donny Bootleg)","id":574837680,"pst":0,"t":0,"ar":[{"id":1183079,"name":"Donny","tns":[],"alias":[]}],"alia":[],"pop":100.0,"st":0,"rt":null,"fee":0,"v":8,"crbt":null,"cf":"","al":{"id":71617628,"name":"That Girl (Donny Bootleg)","picUrl":"http://p1.music.126.net/MwHm5mOPOyIJptiKfgXHhg==/109951163368813830.jpg","tns":[],"pic_str":"109951163368813830","pic":109951163368813830},"dt":178033,"h":{"br":320000,"fid":0,"size":7124158,"vd":-3.0},"m":{"br":192000,"fid":0,"size":4274512,"vd":-3.0},"l":{"br":128000,"fid":0,"size":2849689,"vd":-3.0},"a":null,"cd":"","no":1,"rtUrl":null,"ftype":0,"rtUrls":[],"djId":0,"copyright":0,"s_id":0,"mst":9,"cp":0,"mv":0,"rtype":0,"rurl":null,"publishTime":1529539200000},{"name":"消愁","id":569200213,"pst":0,"t":0,"ar":[{"id":12138269,"name":"毛不易","tns":[],"alias":[]}],"alia":[],"pop":100.0,"st":0,"rt":null,"fee":4,"v":59,"crbt":null,"cf":"","al":{"id":39483040,"name":"平凡的一天","picUrl":"http://p1.music.126.net/vmCcDvD1H04e9gm97xsCqg==/109951163350929740.jpg","tns":[],"pic_str":"109951163350929740","pic":109951163350929740},"dt":261346,"h":{"br":320000,"fid":0,"size":10456338,"vd":0.0},"m":{"br":192000,"fid":0,"size":6273820,"vd":0.0},"l":{"br":128000,"fid":0,"size":4182561,"vd":0.0},"a":null,"cd":"2：非凡精选","no":4,"rtUrl":null,"ftype":0,"rtUrls":[],"djId":0,"copyright":2,"s_id":0,"mst":9,"cp":755014,"mv":5958062,"rtype":0,"rurl":null,"publishTime":1527696000007},{"name":"We Won't be Falling","id":571339463,"pst":0,"t":0,"ar":[{"id":14420803,"name":"陈雪燃","tns":[],"alias":[]}],"alia":["超级网剧《镇魂》主题曲"],"pop":100.0,"st":0,"rt":null,"fee":0,"v":1,"crbt":null,"cf":"","al":{"id":39590148,"name":"We Won't be Falling","picUrl":"http://p1.music.126.net/9L-yvdw-jaLvam3JElWoTw==/109951163345342882.jpg","tns":[],"pic_str":"109951163345342882","pic":109951163345342882},"dt":191647,"h":{"br":320000,"fid":0,"size":7668550,"vd":-1.0},"m":{"br":192000,"fid":0,"size":4601147,"vd":-1.0},"l":{"br":128000,"fid":0,"size":3067446,"vd":-1.0},"a":null,"cd":"","no":0,"rtUrl":null,"ftype":0,"rtUrls":[],"djId":0,"copyright":0,"s_id":0,"mst":9,"cp":414012,"mv":0,"rtype":0,"rurl":null,"publishTime":1528732800007},{"name":"初心","id":573577614,"pst":0,"t":0,"ar":[{"id":166016,"name":"张赫宣","tns":[],"alias":[]}],"alia":["超级网剧《镇魂》插曲"],"pop":100.0,"st":0,"rt":null,"fee":0,"v":3,"crbt":null,"cf":"","al":{"id":39720163,"name":"初心","picUrl":"http://p1.music.126.net/bFeiVfmrl3IRM653po0WrA==/109951163368511110.jpg","tns":[],"pic_str":"109951163368511110","pic":109951163368511110},"dt":232500,"h":{"br":320000,"fid":0,"size":9302770,"vd":0.0},"m":{"br":192000,"fid":0,"size":5581680,"vd":0.0},"l":{"br":128000,"fid":0,"size":3721134,"vd":0.0},"a":null,"cd":"","no":0,"rtUrl":null,"ftype":0,"rtUrls":[],"djId":0,"copyright":0,"s_id":0,"mst":9,"cp":414012,"mv":0,"rtype":0,"rurl":null,"publishTime":1529596800007},{"name":"故事外的人","id":862515525,"pst":0,"t":0,"ar":[{"id":12413,"name":"慕寒","tns":[],"alias":[]}],"alia":[],"pop":100.0,"st":0,"rt":null,"fee":0,"v":4,"crbt":null,"cf":"","al":{"id":71637911,"name":"故事外的人","picUrl":"http://p1.music.126.net/1rFY7bb4GRiZSdpyec4cKg==/109951163373014235.jpg","tns":[],"pic_str":"109951163373014235","pic":109951163373014235},"dt":288000,"h":{"br":320000,"fid":0,"size":11522133,"vd":0.0},"m":{"br":192000,"fid":0,"size":6913297,"vd":0.0},"l":{"br":128000,"fid":0,"size":4608879,"vd":0.0},"a":null,"cd":"","no":1,"rtUrl":null,"ftype":0,"rtUrls":[],"djId":0,"copyright":0,"s_id":0,"mst":9,"cp":0,"mv":0,"rtype":0,"rurl":null,"publishTime":1529798400000},{"name":"Midsummer Madness","id":571339219,"pst":0,"t":0,"ar":[{"id":15022053,"name":"88rising","tns":[],"alias":[]},{"id":12203295,"name":"joji","tns":[],"alias":[]},{"id":12024301,"name":"Rich Brian","tns":[],"alias":[]},{"id":12002201,"name":"Higher Brothers","tns":[],"alias":[]},{"id":13161102,"name":"AUGUST 08","tns":[],"alias":[]}],"alia":[],"pop":100.0,"st":0,"rt":null,"fee":8,"v":5,"crbt":null,"cf":"","al":{"id":39591069,"name":"Midsummer Madness","picUrl":"http://p1.music.126.net/ctp0JXuYTKrT4VUGrOPrHg==/109951163336469698.jpg","tns":[],"pic_str":"109951163336469698","pic":109951163336469698},"dt":280841,"h":{"br":320000,"fid":0,"size":11235831,"vd":0.0},"m":{"br":192000,"fid":0,"size":6741516,"vd":0.0},"l":{"br":128000,"fid":0,"size":4494359,"vd":0.0},"a":null,"cd":"","no":0,"rtUrl":null,"ftype":0,"rtUrls":[],"djId":0,"copyright":0,"s_id":0,"mst":9,"cp":36016,"mv":5917725,"rtype":0,"rurl":null,"publishTime":1528300800007},{"name":"第二杯半价","id":571854148,"pst":0,"t":0,"ar":[{"id":12308136,"name":"纳豆","tns":[],"alias":[]}],"alia":[],"pop":100.0,"st":0,"rt":null,"fee":8,"v":5,"crbt":null,"cf":"","al":{"id":39563457,"name":"第二杯半价","picUrl":"http://p1.music.126.net/8CTGjzEIvp2Is-xsdZHVgg==/109951163339494182.jpg","tns":[],"pic_str":"109951163339494182","pic":109951163339494182},"dt":165141,"h":{"br":320000,"fid":0,"size":6607978,"vd":-1.0},"m":{"br":192000,"fid":0,"size":3964804,"vd":-1.0},"l":{"br":128000,"fid":0,"size":2643217,"vd":0.0},"a":null,"cd":"1","no":1,"rtUrl":null,"ftype":0,"rtUrls":[],"djId":0,"copyright":0,"s_id":0,"mst":9,"cp":0,"mv":0,"rtype":0,"rurl":null,"publishTime":1528387200000},{"name":"海盗船长2.0","id":571601379,"pst":0,"t":0,"ar":[{"id":8103,"name":"花粥","tns":[],"alias":[]},{"id":1032016,"name":"风子","tns":[],"alias":[]}],"alia":[],"pop":100.0,"st":0,"rt":null,"fee":0,"v":3,"crbt":null,"cf":"","al":{"id":39517921,"name":"粥请客（一）","picUrl":"http://p1.music.126.net/OqfOJEOTevVEafeMRfpq5g==/109951163336170259.jpg","tns":[],"pic_str":"109951163336170259","pic":109951163336170259},"dt":287573,"h":{"br":320000,"fid":0,"size":11505415,"vd":-1.0},"m":{"br":192000,"fid":0,"size":6903266,"vd":-1.0},"l":{"br":128000,"fid":0,"size":4602192,"vd":-1.0},"a":null,"cd":"","no":1,"rtUrl":null,"ftype":0,"rtUrls":[],"djId":0,"copyright":0,"s_id":0,"mst":9,"cp":0,"mv":0,"rtype":0,"rurl":null,"publishTime":1528243200000},{"name":"Dance To This","id":573240010,"pst":0,"t":0,"ar":[{"id":45129,"name":"Troye Sivan","tns":[],"alias":[]},{"id":48161,"name":"Ariana Grande","tns":[],"alias":[]}],"alia":[],"pop":100.0,"st":0,"rt":null,"fee":8,"v":3,"crbt":null,"cf":"","al":{"id":39694010,"name":"Dance To This","picUrl":"http://p1.music.126.net/7-lOXPjKw0rATcZFOZI5fQ==/109951163352630593.jpg","tns":[],"pic_str":"109951163352630593","pic":109951163352630593},"dt":231888,"h":{"br":320000,"fid":0,"size":9276648,"vd":0.0},"m":{"br":192000,"fid":0,"size":5566006,"vd":0.0},"l":{"br":128000,"fid":0,"size":3710685,"vd":0.0},"a":null,"cd":"1","no":1,"rtUrl":null,"ftype":0,"rtUrls":[],"djId":0,"copyright":1,"s_id":0,"mst":9,"cp":7003,"mv":0,"rtype":0,"rurl":null,"publishTime":1528819200007},{"name":"别遇见","id":862100330,"pst":0,"t":0,"ar":[{"id":5944,"name":"夏天Alex","tns":[],"alias":[]}],"alia":[],"pop":100.0,"st":0,"rt":null,"fee":8,"v":1,"crbt":null,"cf":"","al":{"id":71614725,"name":"别遇见","picUrl":"http://p1.music.126.net/p_rzndaARQ1aFJEQl1QIkA==/109951163375694305.jpg","tns":[],"pic_str":"109951163375694305","pic":109951163375694305},"dt":257586,"h":{"br":320000,"fid":0,"size":10305872,"vd":0.0},"m":{"br":192000,"fid":0,"size":6183541,"vd":0.0},"l":{"br":128000,"fid":0,"size":4122375,"vd":0.0},"a":null,"cd":"","no":1,"rtUrl":null,"ftype":0,"rtUrls":[],"djId":0,"copyright":0,"s_id":0,"mst":9,"cp":656015,"mv":0,"rtype":0,"rurl":null,"publishTime":1530028800007},{"name":"买条街","id":573843002,"pst":0,"t":0,"ar":[{"id":12782871,"name":"$唐老师","tns":[],"alias":[]},{"id":13527275,"name":"Wya乌鸦","tns":[],"alias":[]}],"alia":[],"pop":100.0,"st":0,"rt":null,"fee":0,"v":5,"crbt":null,"cf":"","al":{"id":39686683,"name":"买条街","picUrl":"http://p1.music.126.net/uv2TrxMzJb5dJdV7eYdBZg==/109951163360056941.jpg","tns":[],"pic_str":"109951163360056941","pic":109951163360056941},"dt":185806,"h":{"br":320000,"fid":0,"size":7434493,"vd":0.0},"m":{"br":192000,"fid":0,"size":4460713,"vd":0.0},"l":{"br":128000,"fid":0,"size":2973823,"vd":0.0},"a":null,"cd":"","no":1,"rtUrl":null,"ftype":0,"rtUrls":[],"djId":0,"copyright":0,"s_id":0,"mst":9,"cp":0,"mv":0,"rtype":0,"rurl":null,"publishTime":1529107200000},{"name":"조금만 더","id":862098624,"pst":0,"t":0,"ar":[{"id":12132537,"name":"JINHO","tns":[],"alias":[]},{"id":12828299,"name":"Rothy","tns":[],"alias":[]}],"alia":[],"pop":100.0,"st":0,"rt":null,"fee":8,"v":7,"crbt":null,"cf":"","al":{"id":71614787,"name":"김비서가 왜 그럴까 OST Part.4","picUrl":"http://p1.music.126.net/VKL2Hz_y6XIPtYGSrggx4Q==/109951163378795034.jpg","tns":["What's wrong with secretary kim OST Part.4"],"pic_str":"109951163378795034","pic":109951163378795034},"dt":204628,"h":{"br":320000,"fid":0,"size":8187864,"vd":-2.0},"m":{"br":192000,"fid":0,"size":4912736,"vd":-1.0},"l":{"br":128000,"fid":0,"size":3275172,"vd":-1.0},"a":null,"cd":"1","no":1,"rtUrl":null,"ftype":0,"rtUrls":[],"djId":0,"copyright":2,"s_id":0,"mst":9,"cp":755016,"mv":0,"rtype":0,"rurl":null,"publishTime":1530028800007,"tns":["A little bit more"]},{"name":"Warpaint","id":862100618,"pst":0,"t":0,"ar":[{"id":15022053,"name":"88rising","tns":[],"alias":[]},{"id":473353,"name":"NIKI","tns":[],"alias":[]}],"alia":[],"pop":0.0,"st":0,"rt":null,"fee":8,"v":2,"crbt":null,"cf":"","al":{"id":71613796,"name":"Warpaint","picUrl":"http://p1.music.126.net/FVdtrQblC5p77AUJbqEQNw==/109951163378823427.jpg","tns":[],"pic_str":"109951163378823427","pic":109951163378823427},"dt":213787,"h":{"br":320000,"fid":0,"size":8554623,"vd":-3.0},"m":{"br":192000,"fid":0,"size":5132791,"vd":-3.0},"l":{"br":128000,"fid":0,"size":3421875,"vd":-3.0},"a":null,"cd":"","no":0,"rtUrl":null,"ftype":0,"rtUrls":[],"djId":0,"copyright":0,"s_id":0,"mst":9,"cp":36016,"mv":0,"rtype":0,"rurl":null,"publishTime":1530115200007},{"name":"慢慢喜欢你","id":541687281,"pst":0,"t":0,"ar":[{"id":8926,"name":"莫文蔚","tns":[],"alias":[]}],"alia":[],"pop":100.0,"st":0,"rt":null,"fee":4,"v":110,"crbt":null,"cf":"","al":{"id":39355990,"name":"我们在中场相遇","picUrl":"http://p1.music.126.net/THtdeFI72E9E1TIpGizTsg==/109951163316299578.jpg","tns":[],"pic_str":"109951163316299578","pic":109951163316299578},"dt":221447,"h":{"br":320000,"fid":0,"size":8860778,"vd":-2.0},"m":{"br":192000,"fid":0,"size":5316484,"vd":-1.0},"l":{"br":128000,"fid":0,"size":3544337,"vd":-1.0},"a":null,"cd":"1","no":9,"rtUrl":null,"ftype":0,"rtUrls":[],"djId":0,"copyright":2,"s_id":0,"mst":9,"cp":7001,"mv":0,"rtype":0,"rurl":null,"publishTime":1528300800007},{"name":"我就乐意这样寂寞了","id":862100563,"pst":0,"t":0,"ar":[{"id":787169,"name":"悬铃木","tns":[],"alias":[]}],"alia":[],"pop":0.0,"st":0,"rt":null,"fee":8,"v":1,"crbt":null,"cf":"","al":{"id":71614773,"name":"我就乐意这样寂寞了","picUrl":"http://p1.music.126.net/oMwV3d6dGc5C7OczSEFM5w==/109951163378446049.jpg","tns":[],"pic_str":"109951163378446049","pic":109951163378446049},"dt":256176,"h":{"br":320000,"fid":0,"size":10249448,"vd":0.0},"m":{"br":192000,"fid":0,"size":6149686,"vd":0.0},"l":{"br":128000,"fid":0,"size":4099805,"vd":0.0},"a":null,"cd":"","no":1,"rtUrl":null,"ftype":0,"rtUrls":[],"djId":0,"copyright":0,"s_id":0,"mst":9,"cp":748010,"mv":0,"rtype":0,"rurl":null,"publishTime":1530115200007},{"name":"念念又不忘","id":862130427,"pst":0,"t":0,"ar":[{"id":4292,"name":"李荣浩","tns":[],"alias":[]}],"alia":[],"pop":100.0,"st":0,"rt":null,"fee":8,"v":7,"crbt":null,"cf":"","al":{"id":71619831,"name":"王牌冤家","picUrl":"http://p1.music.126.net/ldRfSHRgtSZRsNruD54taQ==/109951163370797182.jpg","tns":[],"pic_str":"109951163370797182","pic":109951163370797182},"dt":342594,"h":{"br":320000,"fid":0,"size":13705970,"vd":0.0},"m":{"br":192000,"fid":0,"size":8223600,"vd":0.0},"l":{"br":128000,"fid":0,"size":5482414,"vd":0.0},"a":null,"cd":"1","no":2,"rtUrl":null,"ftype":0,"rtUrls":[],"djId":0,"copyright":1,"s_id":0,"mst":9,"cp":7002,"mv":0,"rtype":0,"rurl":null,"publishTime":1529683200007},{"name":"秋呢喃","id":571336962,"pst":0,"t":0,"ar":[{"id":1039007,"name":"卿卓茜 ","tns":[],"alias":[]}],"alia":[],"pop":100.0,"st":0,"rt":null,"fee":8,"v":1,"crbt":null,"cf":"","al":{"id":39590241,"name":"秋呢喃","picUrl":"http://p1.music.126.net/93PZ_Q6IU6K_QQjRztVVqg==/109951163352292302.jpg","tns":[],"pic_str":"109951163352292302","pic":109951163352292302},"dt":208695,"h":{"br":320000,"fid":0,"size":8350868,"vd":0.0},"m":{"br":192000,"fid":0,"size":5010538,"vd":0.0},"l":{"br":128000,"fid":0,"size":3340373,"vd":0.0},"a":null,"cd":"","no":1,"rtUrl":null,"ftype":0,"rtUrls":[],"djId":0,"copyright":0,"s_id":0,"mst":9,"cp":748010,"mv":0,"rtype":0,"rurl":null,"publishTime":1529337600007},{"name":"NO PULSE ","id":862098456,"pst":0,"t":0,"ar":[{"id":12107961,"name":"XXXTENTACION","tns":[],"alias":[]},{"id":1057092,"name":"Post Malone","tns":[],"alias":[]}],"alia":[],"pop":100.0,"st":0,"rt":null,"fee":0,"v":4,"crbt":null,"cf":"","al":{"id":71612755,"name":"NO PULSE","picUrl":"http://p1.music.126.net/Tx8Lrjy10n1PUML2ltO7dg==/109951163377175291.jpg","tns":[],"pic_str":"109951163377175291","pic":109951163377175291},"dt":213893,"h":{"br":320000,"fid":0,"size":8557758,"vd":0.0},"m":{"br":192000,"fid":0,"size":5134672,"vd":0.0},"l":{"br":128000,"fid":0,"size":3423129,"vd":0.0},"a":null,"cd":"","no":1,"rtUrl":null,"ftype":0,"rtUrls":[],"djId":0,"copyright":2,"s_id":0,"mst":9,"cp":0,"mv":0,"rtype":0,"rurl":null,"publishTime":1529596800007},{"name":"不打扰","id":571338448,"pst":0,"t":0,"ar":[{"id":12085016,"name":"接个吻，开一枪","tns":[],"alias":[]},{"id":12798217,"name":"switch godLe$","tns":[],"alias":[]},{"id":12002248,"name":"沈以诚","tns":[],"alias":[]}],"alia":[],"pop":100.0,"st":0,"rt":null,"fee":8,"v":43,"crbt":null,"cf":"","al":{"id":39593148,"name":"不打扰","picUrl":"http://p1.music.126.net/qkwEWilzoG0Ztw4SptGEGQ==/109951163340892105.jpg","tns":[],"pic_str":"109951163340892105","pic":109951163340892105},"dt":176526,"h":{"br":320000,"fid":0,"size":7063554,"vd":0.0},"m":{"br":192000,"fid":0,"size":4238150,"vd":0.0},"l":{"br":128000,"fid":0,"size":2825448,"vd":0.0},"a":null,"cd":"","no":1,"rtUrl":null,"ftype":0,"rtUrls":[],"djId":0,"copyright":0,"s_id":0,"mst":9,"cp":0,"mv":0,"rtype":0,"rurl":null,"publishTime":1528473600007},{"name":"云舒","id":574335388,"pst":0,"t":0,"ar":[{"id":3249,"name":"河图","tns":[],"alias":[]}],"alia":[],"pop":100.0,"st":0,"rt":null,"fee":0,"v":4,"crbt":null,"cf":"","al":{"id":39742305,"name":"云舒","picUrl":"http://p1.music.126.net/_3yCwoLWzz69v2ZO6fQL3g==/109951163364141637.jpg","tns":[],"pic_str":"109951163364141637","pic":109951163364141637},"dt":246671,"h":{"br":320000,"fid":0,"size":9877464,"vd":0.0},"m":{"br":192000,"fid":0,"size":5926496,"vd":0.0},"l":{"br":128000,"fid":0,"size":3951012,"vd":0.0},"a":null,"cd":"","no":1,"rtUrl":null,"ftype":0,"rtUrls":[],"djId":0,"copyright":0,"s_id":0,"mst":9,"cp":0,"mv":0,"rtype":0,"rurl":null,"publishTime":1529251200000},{"name":"The Last Of The Real Ones (Remix)","id":574922328,"pst":0,"t":0,"ar":[{"id":56782,"name":"Fall Out Boy","tns":[],"alias":[]},{"id":12004034,"name":"MadeinTYO","tns":[],"alias":[]},{"id":12809019,"name":"Bülow","tns":[],"alias":[]}],"alia":[],"pop":0.0,"st":0,"rt":null,"fee":8,"v":3,"crbt":null,"cf":"","al":{"id":39791234,"name":"The Last Of The Real Ones (Remix)","picUrl":"http://p1.music.126.net/lnT2-aQ2cQzUA1WE2MwWIA==/109951163380148693.jpg","tns":[],"pic_str":"109951163380148693","pic":109951163380148693},"dt":210834,"h":{"br":320000,"fid":0,"size":8434460,"vd":-3.0},"m":{"br":192000,"fid":0,"size":5060693,"vd":-2.0},"l":{"br":128000,"fid":0,"size":3373810,"vd":-2.0},"a":null,"cd":"1","no":1,"rtUrl":null,"ftype":0,"rtUrls":[],"djId":0,"copyright":1,"s_id":0,"mst":9,"cp":7003,"mv":0,"rtype":0,"rurl":null,"publishTime":1530115200007},{"name":"I'm Cool","id":573581283,"pst":0,"t":0,"ar":[{"id":12120150,"name":"J.zen","tns":[],"alias":[]}],"alia":[],"pop":100.0,"st":0,"rt":null,"fee":0,"v":1,"crbt":null,"cf":"","al":{"id":39719103,"name":"I'm Cool","picUrl":"http://p1.music.126.net/p8f8U4tKFO17kKGmTjIBAA==/109951163366151825.jpg","tns":[],"pic_str":"109951163366151825","pic":109951163366151825},"dt":230281,"h":{"br":320000,"fid":0,"size":9213954,"vd":0.0},"m":{"br":192000,"fid":0,"size":5528390,"vd":0.0},"l":{"br":128000,"fid":0,"size":3685608,"vd":0.0},"a":null,"cd":"","no":1,"rtUrl":null,"ftype":0,"rtUrls":[],"djId":0,"copyright":0,"s_id":0,"mst":9,"cp":0,"mv":0,"rtype":0,"rurl":null,"publishTime":1529424000007},{"name":"水之湄","id":863073353,"pst":0,"t":0,"ar":[{"id":13188,"name":"惘闻","tns":[],"alias":[]}],"alia":[],"pop":100.0,"st":0,"rt":null,"fee":0,"v":6,"crbt":null,"cf":"","al":{"id":71640411,"name":"水之湄","picUrl":"http://p1.music.126.net/_qCKxzgib9MLZnJmIskOFA==/109951163377124736.jpg","tns":[],"pic_str":"109951163377124736","pic":109951163377124736},"dt":377490,"h":{"br":320000,"fid":0,"size":15101954,"vd":-1.0},"m":{"br":192000,"fid":0,"size":9061190,"vd":-1.0},"l":{"br":128000,"fid":0,"size":6040808,"vd":-1.0},"a":null,"cd":"","no":3,"rtUrl":null,"ftype":0,"rtUrls":[],"djId":0,"copyright":0,"s_id":0,"mst":9,"cp":0,"mv":0,"rtype":0,"rurl":null,"publishTime":1530057600000},{"name":"像我这样的人","id":569213220,"pst":0,"t":0,"ar":[{"id":12138269,"name":"毛不易","tns":[],"alias":[]}],"alia":[],"pop":100.0,"st":0,"rt":null,"fee":4,"v":59,"crbt":null,"cf":"","al":{"id":39483040,"name":"平凡的一天","picUrl":"http://p1.music.126.net/vmCcDvD1H04e9gm97xsCqg==/109951163350929740.jpg","tns":[],"pic_str":"109951163350929740","pic":109951163350929740},"dt":207466,"h":{"br":320000,"fid":0,"size":8301758,"vd":0.0},"m":{"br":192000,"fid":0,"size":4981072,"vd":0.0},"l":{"br":128000,"fid":0,"size":3320729,"vd":0.0},"a":null,"cd":"2：非凡精选","no":1,"rtUrl":null,"ftype":0,"rtUrls":[],"djId":0,"copyright":2,"s_id":0,"mst":9,"cp":755014,"mv":5959041,"rtype":0,"rurl":null,"publishTime":1527696000007},{"name":"何以歌","id":571534645,"pst":0,"t":0,"ar":[{"id":188558,"name":"Aki阿杰","tns":[],"alias":[]}],"alia":[],"pop":100.0,"st":0,"rt":null,"fee":0,"v":4,"crbt":null,"cf":"","al":{"id":39517762,"name":"何以歌 — 魔道祖师广播剧主题曲","picUrl":"http://p1.music.126.net/PovjLIICxrhPma63xYO_mA==/109951163335684886.jpg","tns":[],"pic_str":"109951163335684886","pic":109951163335684886},"dt":273475,"h":{"br":320000,"fid":0,"size":10941170,"vd":-2.0},"m":{"br":192000,"fid":0,"size":6564720,"vd":-2.0},"l":{"br":128000,"fid":0,"size":4376494,"vd":-2.0},"a":null,"cd":"","no":1,"rtUrl":null,"ftype":0,"rtUrls":[],"djId":0,"copyright":0,"s_id":0,"mst":9,"cp":0,"mv":0,"rtype":0,"rurl":null,"publishTime":1527724800000},{"name":"可以可以","id":862099183,"pst":0,"t":0,"ar":[{"id":1115075,"name":"西瓜JUN","tns":[],"alias":[]}],"alia":[],"pop":100.0,"st":0,"rt":null,"fee":0,"v":2,"crbt":null,"cf":"","al":{"id":71614679,"name":"可不可以","picUrl":"http://p1.music.126.net/9QiNsyeyywu372rSfXspPw==/109951163371434071.jpg","tns":[],"pic_str":"109951163371434071","pic":109951163371434071},"dt":260835,"h":{"br":320000,"fid":0,"size":10436485,"vd":0.0},"m":{"br":192000,"fid":0,"size":6261908,"vd":0.0},"l":{"br":128000,"fid":0,"size":4174620,"vd":0.0},"a":null,"cd":"","no":2,"rtUrl":null,"ftype":0,"rtUrls":[],"djId":0,"copyright":0,"s_id":0,"mst":9,"cp":0,"mv":10731049,"rtype":0,"rurl":null,"publishTime":1529683200007},{"name":"不可谖兮","id":574069612,"pst":0,"t":0,"ar":[{"id":981141,"name":"伦桑","tns":[],"alias":[]}],"alia":[],"pop":100.0,"st":0,"rt":null,"fee":0,"v":4,"crbt":null,"cf":"","al":{"id":39686901,"name":"【魔道】不可谖兮","picUrl":"http://p1.music.126.net/sJpG5v-vjrD5yZCQc1xhNw==/109951163361841878.jpg","tns":[],"pic_str":"109951163361841878","pic":109951163361841878},"dt":230045,"h":{"br":320000,"fid":0,"size":9211864,"vd":0.0},"m":{"br":192000,"fid":0,"size":5527136,"vd":0.0},"l":{"br":128000,"fid":0,"size":3684772,"vd":0.0},"a":null,"cd":"","no":1,"rtUrl":null,"ftype":0,"rtUrls":[],"djId":0,"copyright":0,"s_id":0,"mst":9,"cp":0,"mv":0,"rtype":0,"rurl":null,"publishTime":1529193600000},{"name":"边走边爱","id":574458141,"pst":0,"t":0,"ar":[{"id":12107534,"name":"冯提莫","tns":[],"alias":[]}],"alia":[],"pop":100.0,"st":0,"rt":null,"fee":0,"v":4,"crbt":null,"cf":"","al":{"id":39751276,"name":"边走边爱","picUrl":"http://p1.music.126.net/7biX-ed5aY8qtcb4heAsKw==/109951163365154324.jpg","tns":[],"pic_str":"109951163365154324","pic":109951163365154324},"dt":299457,"h":{"br":320000,"fid":0,"size":11980844,"vd":0.0},"m":{"br":192000,"fid":0,"size":7188524,"vd":0.0},"l":{"br":128000,"fid":0,"size":4792364,"vd":0.0},"a":null,"cd":"","no":1,"rtUrl":null,"ftype":0,"rtUrls":[],"djId":0,"copyright":0,"s_id":0,"mst":9,"cp":0,"mv":0,"rtype":0,"rurl":null,"publishTime":1529366400000},{"name":"误入迷局","id":862098511,"pst":0,"t":0,"ar":[{"id":1142042,"name":"徐梦圆","tns":[],"alias":[]}],"alia":[],"pop":100.0,"st":0,"rt":null,"fee":0,"v":2,"crbt":null,"cf":"","al":{"id":71611758,"name":"Five","picUrl":"http://p1.music.126.net/lx5_Kq-S73yJ6vP_eF3QNg==/109951163377709735.jpg","tns":[],"pic_str":"109951163377709735","pic":109951163377709735},"dt":169412,"h":{"br":320000,"fid":0,"size":6779342,"vd":0.0},"m":{"br":192000,"fid":0,"size":4067622,"vd":0.0},"l":{"br":128000,"fid":0,"size":2711763,"vd":0.0},"a":null,"cd":"","no":5,"rtUrl":null,"ftype":0,"rtUrls":[],"djId":0,"copyright":0,"s_id":0,"mst":9,"cp":0,"mv":0,"rtype":0,"rurl":null,"publishTime":1530028800007},{"name":"无条件爱你","id":574836444,"pst":0,"t":0,"ar":[{"id":1050216,"name":"爱星人","tns":[],"alias":[]}],"alia":[],"pop":100.0,"st":0,"rt":null,"fee":0,"v":5,"crbt":null,"cf":"","al":{"id":39745942,"name":"无条件爱你","picUrl":"http://p1.music.126.net/doektCw6nqMF7TXS4oKDnQ==/109951163368776024.jpg","tns":[],"pic_str":"109951163368776024","pic":109951163368776024},"dt":205836,"h":{"br":320000,"fid":0,"size":8235929,"vd":0.0},"m":{"br":192000,"fid":0,"size":4941575,"vd":0.0},"l":{"br":128000,"fid":0,"size":3294398,"vd":0.0},"a":null,"cd":"","no":1,"rtUrl":null,"ftype":0,"rtUrls":[],"djId":0,"copyright":0,"s_id":0,"mst":9,"cp":0,"mv":0,"rtype":0,"rurl":null,"publishTime":1529539200000},{"name":"It's you","id":573583412,"pst":0,"t":0,"ar":[{"id":12487104,"name":"郑世云","tns":[],"alias":[]}],"alia":[],"pop":100.0,"st":0,"rt":null,"fee":8,"v":7,"crbt":null,"cf":"","al":{"id":39721083,"name":"김비서가 왜 그럴까 OST Part.2","picUrl":"http://p1.music.126.net/N749t7q25Zwl9Adkq5ejOg==/109951163366940126.jpg","tns":["What's wrong with secretary kim OST Part.2"],"pic_str":"109951163366940126","pic":109951163366940126},"dt":219506,"h":{"br":320000,"fid":0,"size":8782411,"vd":-3.0},"m":{"br":192000,"fid":0,"size":5269464,"vd":-3.0},"l":{"br":128000,"fid":0,"size":3512991,"vd":-3.0},"a":null,"cd":"1","no":1,"rtUrl":null,"ftype":0,"rtUrls":[],"djId":0,"copyright":0,"s_id":0,"mst":9,"cp":755016,"mv":5958061,"rtype":0,"rurl":null,"publishTime":1529424000007},{"name":"步步紧逼","id":862099539,"pst":0,"t":0,"ar":[{"id":1142042,"name":"徐梦圆","tns":[],"alias":[]}],"alia":[],"pop":100.0,"st":0,"rt":null,"fee":0,"v":1,"crbt":null,"cf":"","al":{"id":71611758,"name":"Five","picUrl":"http://p1.music.126.net/lx5_Kq-S73yJ6vP_eF3QNg==/109951163377709735.jpg","tns":[],"pic_str":"109951163377709735","pic":109951163377709735},"dt":101053,"h":{"br":320000,"fid":0,"size":4044844,"vd":0.0},"m":{"br":192000,"fid":0,"size":2426924,"vd":0.0},"l":{"br":128000,"fid":0,"size":1617964,"vd":1.0},"a":null,"cd":"","no":2,"rtUrl":null,"ftype":0,"rtUrls":[],"djId":0,"copyright":0,"s_id":0,"mst":9,"cp":0,"mv":0,"rtype":0,"rurl":null,"publishTime":1530028800007},{"name":"兄弟情","id":573581225,"pst":0,"t":0,"ar":[{"id":1094010,"name":"摩登兄弟","tns":[],"alias":[]}],"alia":["《镇魔司 四象伏魔》片尾曲"],"pop":100.0,"st":0,"rt":null,"fee":0,"v":1,"crbt":null,"cf":"","al":{"id":39720072,"name":"兄弟情","picUrl":"http://p1.music.126.net/nqMZaVNZ1a_pfloDBDU_yA==/109951163365369972.jpg","tns":[],"pic_str":"109951163365369972","pic":109951163365369972},"dt":262265,"h":{"br":320000,"fid":0,"size":10492909,"vd":-1.0},"m":{"br":192000,"fid":0,"size":6295763,"vd":-1.0},"l":{"br":128000,"fid":0,"size":4197190,"vd":-1.0},"a":null,"cd":"","no":1,"rtUrl":null,"ftype":0,"rtUrls":[],"djId":0,"copyright":0,"s_id":0,"mst":9,"cp":754021,"mv":0,"rtype":0,"rurl":null,"publishTime":1529510400007},{"name":"天分","id":571704192,"pst":0,"t":0,"ar":[{"id":12120466,"name":"詹思祺","tns":[],"alias":[]}],"alia":[],"pop":100.0,"st":0,"rt":null,"fee":0,"v":10,"crbt":null,"cf":"","al":{"id":39524893,"name":"天分","picUrl":"http://p1.music.126.net/-ieVxLGHuClGCpiE1c5gkA==/109951163337081673.jpg","tns":[],"pic_str":"109951163337081673","pic":109951163337081673},"dt":238013,"h":{"br":320000,"fid":0,"size":9523244,"vd":-1.0},"m":{"br":192000,"fid":0,"size":5713964,"vd":0.0},"l":{"br":128000,"fid":0,"size":3809324,"vd":0.0},"a":null,"cd":"","no":1,"rtUrl":null,"ftype":0,"rtUrls":[],"djId":0,"copyright":2,"s_id":0,"mst":9,"cp":0,"mv":0,"rtype":0,"rurl":null,"publishTime":1528300800000},{"name":"余生无你","id":572028819,"pst":0,"t":0,"ar":[{"id":14115582,"name":"马喆","tns":[],"alias":[]}],"alia":[],"pop":100.0,"st":0,"rt":null,"fee":0,"v":8,"crbt":null,"cf":"","al":{"id":39622369,"name":"余生无你（Demo）","picUrl":"http://p1.music.126.net/gTC6ordHgi-FzICDGGWwNQ==/109951163339733334.jpg","tns":[],"pic_str":"109951163339733334","pic":109951163339733334},"dt":248030,"h":{"br":320000,"fid":0,"size":9923440,"vd":0.0},"m":{"br":192000,"fid":0,"size":5954081,"vd":0.0},"l":{"br":128000,"fid":0,"size":3969402,"vd":0.0},"a":null,"cd":"","no":1,"rtUrl":null,"ftype":0,"rtUrls":[],"djId":0,"copyright":2,"s_id":0,"mst":9,"cp":0,"mv":0,"rtype":0,"rurl":null,"publishTime":1528416000000},{"name":"与君知——《天官赐福》花怜原创同人曲","id":863016452,"pst":0,"t":0,"ar":[{"id":12085569,"name":"李蚊香","tns":[],"alias":[]}],"alia":[],"pop":95.0,"st":0,"rt":null,"fee":0,"v":3,"crbt":null,"cf":"","al":{"id":71637462,"name":"与君知——《天官赐福》花怜原创同人曲","picUrl":"http://p1.music.126.net/w10rj8CvUgphzGvv-NmsNQ==/109951163377233638.jpg","tns":[],"pic_str":"109951163377233638","pic":109951163377233638},"dt":227969,"h":{"br":320000,"fid":0,"size":9120958,"vd":-1.0},"m":{"br":192000,"fid":0,"size":5472592,"vd":-1.0},"l":{"br":128000,"fid":0,"size":3648409,"vd":-1.0},"a":null,"cd":"","no":1,"rtUrl":null,"ftype":0,"rtUrls":[],"djId":0,"copyright":0,"s_id":0,"mst":9,"cp":0,"mv":0,"rtype":0,"rurl":null,"publishTime":1529971200000},{"name":"BREAK IN TO BREAK OUT","id":574924780,"pst":0,"t":0,"ar":[{"id":12262949,"name":"Lyn","tns":[],"alias":[]}],"alia":["TV动画《女神异闻录5》OP"],"pop":0.0,"st":0,"rt":null,"fee":0,"v":3,"crbt":null,"cf":"","al":{"id":39723917,"name":"PERSONA 5 the Animation Vol.1 Bonus CD","picUrl":"http://p1.music.126.net/lmDiGpVuv2-6zo9Kd-AtOw==/109951163379947653.jpg","tns":[],"pic_str":"109951163379947653","pic":109951163379947653},"dt":283402,"h":{"br":320000,"fid":0,"size":11337187,"vd":-1.0},"m":{"br":192000,"fid":0,"size":6802329,"vd":-1.0},"l":{"br":128000,"fid":0,"size":4534901,"vd":-1.0},"a":null,"cd":"1","no":1,"rtUrl":null,"ftype":0,"rtUrls":[],"djId":0,"copyright":0,"s_id":0,"mst":9,"cp":663018,"mv":0,"rtype":0,"rurl":null,"publishTime":1530028800000},{"name":"MEGALOBOX","id":862099550,"pst":0,"t":0,"ar":[{"id":14748,"name":"Mabanua","tns":[],"alias":[]}],"alia":[],"pop":100.0,"st":0,"rt":null,"fee":0,"v":408,"crbt":null,"cf":"","al":{"id":71614764,"name":"メガロボクス オリジナル・サウンドトラック","picUrl":"http://p1.music.126.net/2WjA9bpzgxGfqUWIoJ53lg==/109951163378360676.jpg","tns":[],"pic_str":"109951163378360676","pic":109951163378360676},"dt":125770,"h":{"br":320000,"fid":0,"size":5033317,"vd":-1.0},"m":{"br":192000,"fid":0,"size":3020008,"vd":-1.0},"l":{"br":128000,"fid":0,"size":2013353,"vd":-1.0},"a":null,"cd":"1","no":1,"rtUrl":null,"ftype":0,"rtUrls":[],"djId":0,"copyright":2,"s_id":0,"mst":9,"cp":663018,"mv":0,"rtype":0,"rurl":null,"publishTime":1530028800007},{"name":"厄运预兆","id":862102525,"pst":0,"t":0,"ar":[{"id":1142042,"name":"徐梦圆","tns":[],"alias":[]}],"alia":[],"pop":100.0,"st":0,"rt":null,"fee":0,"v":2,"crbt":null,"cf":"","al":{"id":71611758,"name":"Five","picUrl":"http://p1.music.126.net/lx5_Kq-S73yJ6vP_eF3QNg==/109951163377709735.jpg","tns":[],"pic_str":"109951163377709735","pic":109951163377709735},"dt":138205,"h":{"br":320000,"fid":0,"size":5530689,"vd":0.0},"m":{"br":192000,"fid":0,"size":3318431,"vd":0.0},"l":{"br":128000,"fid":0,"size":2212302,"vd":0.0},"a":null,"cd":"","no":4,"rtUrl":null,"ftype":0,"rtUrls":[],"djId":0,"copyright":0,"s_id":0,"mst":9,"cp":0,"mv":0,"rtype":0,"rurl":null,"publishTime":1530028800007},{"name":"Ocean","id":573081624,"pst":0,"t":0,"ar":[{"id":780003,"name":"Martin Garrix","tns":[],"alias":[]},{"id":301757,"name":"Khalid","tns":[],"alias":[]}],"alia":[],"pop":100.0,"st":0,"rt":null,"fee":8,"v":9,"crbt":null,"cf":"","al":{"id":39678584,"name":"Ocean","picUrl":"http://p1.music.126.net/XjKpuV-73Pa7oJ5NRTYIbQ==/109951163351499843.jpg","tns":[],"pic_str":"109951163351499843","pic":109951163351499843},"dt":216419,"h":{"br":320000,"fid":0,"size":8659113,"vd":-1.0},"m":{"br":192000,"fid":0,"size":5195485,"vd":-1.0},"l":{"br":128000,"fid":0,"size":3463671,"vd":-1.0},"a":null,"cd":"1","no":1,"rtUrl":null,"ftype":0,"rtUrls":[],"djId":0,"copyright":1,"s_id":0,"mst":9,"cp":7001,"mv":5953167,"rtype":0,"rurl":null,"publishTime":1528992000007},{"name":"沙漠之花 (feat.Key.L)","id":862102679,"pst":0,"t":0,"ar":[{"id":12265481,"name":"Vyan","tns":[],"alias":[]},{"id":12788674,"name":"KEY.L","tns":[],"alias":[]}],"alia":[],"pop":0.0,"st":0,"rt":null,"fee":8,"v":1,"crbt":null,"cf":"","al":{"id":71611785,"name":"沙漠之花 (feat.Key.L)","picUrl":"http://p1.music.126.net/-Tlkhbn60pS1mOD5Yc9_-w==/109951163378925938.jpg","tns":[],"pic_str":"109951163378925938","pic":109951163378925938},"dt":185142,"h":{"br":320000,"fid":0,"size":7408370,"vd":-1.0},"m":{"br":192000,"fid":0,"size":4445040,"vd":-1.0},"l":{"br":128000,"fid":0,"size":2963374,"vd":-1.0},"a":null,"cd":"","no":0,"rtUrl":null,"ftype":0,"rtUrls":[],"djId":0,"copyright":0,"s_id":0,"mst":9,"cp":530019,"mv":0,"rtype":0,"rurl":null,"publishTime":1530115200007},{"name":"WingRiddenAngel (flip) ","id":862102490,"pst":0,"t":0,"ar":[{"id":12107961,"name":"XXXTENTACION","tns":[],"alias":[]}],"alia":[],"pop":95.0,"st":0,"rt":null,"fee":0,"v":5,"crbt":null,"cf":"","al":{"id":71612760,"name":"WingRiddenAngel (flip)","picUrl":"http://p1.music.126.net/Urha133LRrGLW_6ZD0XCzw==/109951163377218312.jpg","tns":[],"pic_str":"109951163377218312","pic":109951163377218312},"dt":194798,"h":{"br":320000,"fid":0,"size":7793938,"vd":1.0},"m":{"br":192000,"fid":0,"size":4676380,"vd":2.0},"l":{"br":128000,"fid":0,"size":3117601,"vd":2.0},"a":null,"cd":"","no":1,"rtUrl":null,"ftype":0,"rtUrls":[],"djId":0,"copyright":2,"s_id":0,"mst":9,"cp":0,"mv":0,"rtype":0,"rurl":null,"publishTime":1529510400007},{"name":"拖延症","id":573787796,"pst":0,"t":0,"ar":[{"id":12003155,"name":"Straight Fire Gang 直火帮","tns":[],"alias":[]}],"alia":[],"pop":100.0,"st":0,"rt":null,"fee":0,"v":5,"crbt":null,"cf":"","al":{"id":39685695,"name":"拖延症","picUrl":"http://p1.music.126.net/3WPUpwL-UmnkmDE1-rPcdA==/109951163359626809.jpg","tns":[],"pic_str":"109951163359626809","pic":109951163359626809},"dt":213333,"h":{"br":320000,"fid":0,"size":8535815,"vd":-2.0},"m":{"br":192000,"fid":0,"size":5121506,"vd":-1.0},"l":{"br":128000,"fid":0,"size":3414352,"vd":-1.0},"a":null,"cd":"","no":1,"rtUrl":null,"ftype":0,"rtUrls":[],"djId":0,"copyright":0,"s_id":0,"mst":9,"cp":0,"mv":0,"rtype":0,"rurl":null,"publishTime":1529078400000},{"name":"怎么又迷了路","id":571106524,"pst":0,"t":0,"ar":[{"id":14950736,"name":"TheTalker大话家","tns":[],"alias":[]}],"alia":[],"pop":100.0,"st":0,"rt":null,"fee":8,"v":1,"crbt":null,"cf":"","al":{"id":39576374,"name":"怎么又迷了路","picUrl":"http://p1.music.126.net/cWBl4exK_3VegmbGUPqY6A==/109951163332401988.jpg","tns":[],"pic_str":"109951163332401988","pic":109951163332401988},"dt":221053,"h":{"br":320000,"fid":0,"size":8845105,"vd":-2.0},"m":{"br":192000,"fid":0,"size":5307080,"vd":-2.0},"l":{"br":128000,"fid":0,"size":3538068,"vd":-2.0},"a":null,"cd":"1","no":1,"rtUrl":null,"ftype":0,"rtUrls":[],"djId":0,"copyright":1,"s_id":0,"mst":9,"cp":653015,"mv":0,"rtype":0,"rurl":null,"publishTime":1529337600007},{"name":"桃浦路1003号的男孩（陈立农应援曲）","id":571566108,"pst":0,"t":0,"ar":[{"id":12318058,"name":"☀ Songbird","tns":[],"alias":[]},{"id":0,"name":"七月／安安／盐盐","tns":[],"alias":[]}],"alia":[],"pop":100.0,"st":0,"rt":null,"fee":0,"v":9,"crbt":null,"cf":"","al":{"id":39516806,"name":"桃浦路1003号的男孩（陈立农应援曲）","picUrl":"http://p1.music.126.net/c2HEykmD3GLwt5lnflEk6A==/109951163335908345.jpg","tns":[],"pic_str":"109951163335908345","pic":109951163335908345},"dt":229392,"h":{"br":320000,"fid":0,"size":9178427,"vd":0.0},"m":{"br":192000,"fid":0,"size":5507074,"vd":0.0},"l":{"br":128000,"fid":0,"size":3671397,"vd":0.0},"a":null,"cd":"","no":1,"rtUrl":null,"ftype":0,"rtUrls":[],"djId":0,"copyright":0,"s_id":0,"mst":9,"cp":0,"mv":0,"rtype":0,"rurl":null,"publishTime":1528243200000},{"name":"the light is coming","id":574505077,"pst":0,"t":0,"ar":[{"id":48161,"name":"Ariana Grande","tns":[],"alias":[]},{"id":70183,"name":"Nicki Minaj","tns":[],"alias":[]}],"alia":[],"pop":100.0,"st":0,"rt":null,"fee":8,"v":11,"crbt":null,"cf":"","al":{"id":39723094,"name":"the light is coming","picUrl":"http://p1.music.126.net/ctoKf44Rbh7M7oQa2G_fvw==/109951163366750198.jpg","tns":[],"pic_str":"109951163366750198","pic":109951163366750198},"dt":228440,"h":{"br":320000,"fid":0,"size":9138721,"vd":0.0},"m":{"br":192000,"fid":0,"size":5483250,"vd":0.0},"l":{"br":128000,"fid":0,"size":3655515,"vd":0.0},"a":null,"cd":"1","no":1,"rtUrl":null,"ftype":0,"rtUrls":[],"djId":0,"copyright":0,"s_id":0,"mst":9,"cp":7003,"mv":10730024,"rtype":0,"rurl":null,"publishTime":1529452800000},{"name":"在你离开我后的每一分钟","id":571340928,"pst":0,"t":0,"ar":[{"id":13058505,"name":"周锐","tns":[],"alias":[]}],"alia":[],"pop":100.0,"st":0,"rt":null,"fee":0,"v":6,"crbt":null,"cf":"","al":{"id":39563820,"name":"在你离开我后的每一分钟","picUrl":"http://p1.music.126.net/RJiZSP7qcZILuBEDNixyMQ==/109951163362288016.jpg","tns":[],"pic_str":"109951163362288016","pic":109951163362288016},"dt":195500,"h":{"br":320000,"fid":0,"size":7822150,"vd":-2.0},"m":{"br":192000,"fid":0,"size":4693307,"vd":-1.0},"l":{"br":128000,"fid":0,"size":3128886,"vd":-1.0},"a":null,"cd":"1","no":1,"rtUrl":null,"ftype":0,"rtUrls":[],"djId":0,"copyright":2,"s_id":0,"mst":9,"cp":757010,"mv":0,"rtype":0,"rurl":null,"publishTime":1528905600000},{"name":"Start Again","id":574906260,"pst":0,"t":0,"ar":[{"id":98105,"name":"OneRepublic","tns":[],"alias":[]},{"id":12532964,"name":"Vegas Jones","tns":[],"alias":[]}],"alia":[],"pop":100.0,"st":0,"rt":null,"fee":8,"v":4,"crbt":null,"cf":"","al":{"id":39779196,"name":"Start Again","picUrl":"http://p1.music.126.net/7gi0YE6vxDFCcTyM9XPplA==/109951163369907815.jpg","tns":[],"pic_str":"109951163369907815","pic":109951163369907815},"dt":162925,"h":{"br":320000,"fid":0,"size":6518117,"vd":-1.0},"m":{"br":192000,"fid":0,"size":3910888,"vd":-1.0},"l":{"br":128000,"fid":0,"size":2607273,"vd":-1.0},"a":null,"cd":"1","no":1,"rtUrl":null,"ftype":0,"rtUrls":[],"djId":0,"copyright":1,"s_id":0,"mst":9,"cp":7003,"mv":10730027,"rtype":0,"rurl":null,"publishTime":1529596800007},{"name":"超能力","id":863137157,"pst":0,"t":0,"ar":[{"id":12140247,"name":"小缘","tns":[],"alias":[]}],"alia":[],"pop":95.0,"st":0,"rt":null,"fee":0,"v":9,"crbt":null,"cf":"","al":{"id":71639583,"name":"超能力","picUrl":"http://p1.music.126.net/QjCaazUk2KqiumkgzwbdxQ==/109951163378642095.jpg","tns":[],"pic_str":"109951163378642095","pic":109951163378642095},"dt":167325,"h":{"br":320000,"fid":0,"size":6695750,"vd":0.0},"m":{"br":192000,"fid":0,"size":4017467,"vd":0.0},"l":{"br":128000,"fid":0,"size":2678326,"vd":0.0},"a":null,"cd":"","no":1,"rtUrl":null,"ftype":0,"rtUrls":[],"djId":0,"copyright":0,"s_id":0,"mst":9,"cp":0,"mv":0,"rtype":0,"rurl":null,"publishTime":1530028800000},{"name":"小流星","id":569214141,"pst":0,"t":0,"ar":[{"id":5538,"name":"汪苏泷","tns":[],"alias":[]},{"id":1049172,"name":"吴映洁","tns":[],"alias":[]}],"alia":["超级剧集《同学两亿岁》片尾曲"],"pop":100.0,"st":0,"rt":null,"fee":0,"v":2,"crbt":null,"cf":"","al":{"id":39480033,"name":"小流星","picUrl":"http://p1.music.126.net/bQ_ZJ5LfBnM13xwWgpuy-w==/109951163322717706.jpg","tns":[],"pic_str":"109951163322717706","pic":109951163322717706},"dt":252997,"h":{"br":320000,"fid":0,"size":10123015,"vd":-1.0},"m":{"br":192000,"fid":0,"size":6073826,"vd":-1.0},"l":{"br":128000,"fid":0,"size":4049232,"vd":-1.0},"a":null,"cd":"","no":1,"rtUrl":null,"ftype":0,"rtUrls":[],"djId":0,"copyright":0,"s_id":0,"mst":9,"cp":641010,"mv":5917195,"rtype":0,"rurl":null,"publishTime":1527609600007},{"name":"一棵会开花的树","id":562597293,"pst":0,"t":0,"ar":[{"id":1039895,"name":"谢春花","tns":[],"alias":[]}],"alia":[],"pop":100.0,"st":0,"rt":null,"fee":0,"v":107,"crbt":null,"cf":"","al":{"id":38983072,"name":"点心","picUrl":"http://p1.music.126.net/bbQqsr9hvVPTpDVmqnPaUw==/109951163345567967.jpg","tns":[],"pic_str":"109951163345567967","pic":109951163345567967},"dt":195853,"h":{"br":320000,"fid":0,"size":7836778,"vd":-2.0},"m":{"br":192000,"fid":0,"size":4702084,"vd":-2.0},"l":{"br":128000,"fid":0,"size":3134737,"vd":-2.0},"a":null,"cd":"","no":8,"rtUrl":null,"ftype":0,"rtUrls":[],"djId":0,"copyright":2,"s_id":0,"mst":9,"cp":743011,"mv":0,"rtype":0,"rurl":null,"publishTime":1528732800007},{"name":"我爱上班","id":573577504,"pst":0,"t":0,"ar":[{"id":787169,"name":"悬铃木","tns":[],"alias":[]}],"alia":[],"pop":100.0,"st":0,"rt":null,"fee":8,"v":1,"crbt":null,"cf":"","al":{"id":39720132,"name":"我爱上班","picUrl":"http://p1.music.126.net/GmmvNaFg5eAWulMrnLPojA==/109951163367045986.jpg","tns":[],"pic_str":"109951163367045986","pic":109951163367045986},"dt":250158,"h":{"br":320000,"fid":0,"size":10009121,"vd":-1.0},"m":{"br":192000,"fid":0,"size":6005490,"vd":0.0},"l":{"br":128000,"fid":0,"size":4003675,"vd":0.0},"a":null,"cd":"","no":1,"rtUrl":null,"ftype":0,"rtUrls":[],"djId":0,"copyright":1,"s_id":0,"mst":9,"cp":748010,"mv":0,"rtype":0,"rurl":null,"publishTime":1529510400007},{"name":"成长之重量","id":570334069,"pst":0,"t":0,"ar":[{"id":4292,"name":"李荣浩","tns":[],"alias":[]}],"alia":["电影《动物世界》成长版片尾曲"],"pop":100.0,"st":0,"rt":null,"fee":8,"v":1,"crbt":null,"cf":"","al":{"id":39538038,"name":"成长之重量","picUrl":"http://p1.music.126.net/tzGSK33cg44A0ndXwJzi_w==/109951163327123457.jpg","tns":[],"pic_str":"109951163327123457","pic":109951163327123457},"dt":337603,"h":{"br":320000,"fid":0,"size":13506395,"vd":0.0},"m":{"br":192000,"fid":0,"size":8103854,"vd":0.0},"l":{"br":128000,"fid":0,"size":5402584,"vd":0.0},"a":null,"cd":"","no":0,"rtUrl":null,"ftype":0,"rtUrls":[],"djId":0,"copyright":0,"s_id":0,"mst":9,"cp":7002,"mv":5943025,"rtype":0,"rurl":null,"publishTime":1527955200007},{"name":"Stay","id":862102449,"pst":0,"t":0,"ar":[{"id":69270,"name":"Madilyn Bailey","tns":[],"alias":[]}],"alia":[],"pop":95.0,"st":0,"rt":null,"fee":0,"v":3,"crbt":null,"cf":"","al":{"id":71614744,"name":"Stay","picUrl":"http://p1.music.126.net/zVU2TwjXha-x_nef6rtV-w==/109951163377144131.jpg","tns":[],"pic_str":"109951163377144131","pic":109951163377144131},"dt":173061,"h":{"br":320000,"fid":0,"size":6923538,"vd":0.0},"m":{"br":192000,"fid":0,"size":4154140,"vd":0.0},"l":{"br":128000,"fid":0,"size":2769441,"vd":0.0},"a":null,"cd":"1","no":1,"rtUrl":null,"ftype":0,"rtUrls":[],"djId":0,"copyright":0,"s_id":0,"mst":9,"cp":0,"mv":5954096,"rtype":0,"rurl":null,"publishTime":1528300800007},{"name":"爱如意","id":574919590,"pst":0,"t":0,"ar":[{"id":7763,"name":"G.E.M.邓紫棋","tns":[],"alias":[]}],"alia":["电影《阿修罗》主题曲"],"pop":100.0,"st":0,"rt":null,"fee":0,"v":16,"crbt":null,"cf":"","al":{"id":39723525,"name":"爱如意","picUrl":"http://p1.music.126.net/egPNbidvf9TaI-asdoHpSg==/109951163380057849.jpg","tns":[],"pic_str":"109951163380057849","pic":109951163380057849},"dt":237352,"h":{"br":320000,"fid":0,"size":9497121,"vd":0.0},"m":{"br":192000,"fid":0,"size":5698290,"vd":0.0},"l":{"br":128000,"fid":0,"size":3798875,"vd":0.0},"a":null,"cd":"1","no":1,"rtUrl":null,"ftype":0,"rtUrls":[],"djId":0,"copyright":0,"s_id":0,"mst":9,"cp":27001,"mv":5955266,"rtype":0,"rurl":null,"publishTime":1529856000000},{"name":"只要你在","id":862099055,"pst":0,"t":0,"ar":[{"id":12108537,"name":"庆庆","tns":[],"alias":[]}],"alia":[],"pop":100.0,"st":0,"rt":null,"fee":0,"v":1,"crbt":null,"cf":"","al":{"id":71613628,"name":"只要你在","picUrl":"http://p1.music.126.net/wkrvG81_EcoMVqesB4yKKQ==/109951163368725799.jpg","tns":[],"pic_str":"109951163368725799","pic":109951163368725799},"dt":275652,"h":{"br":320000,"fid":0,"size":11028942,"vd":-1.0},"m":{"br":192000,"fid":0,"size":6617382,"vd":-1.0},"l":{"br":128000,"fid":0,"size":4411603,"vd":0.0},"a":null,"cd":"","no":0,"rtUrl":null,"ftype":0,"rtUrls":[],"djId":0,"copyright":0,"s_id":0,"mst":9,"cp":465011,"mv":0,"rtype":0,"rurl":null,"publishTime":1529596800007},{"name":"习惯","id":571336712,"pst":0,"t":0,"ar":[{"id":12487017,"name":"魏巡","tns":[],"alias":[]}],"alia":[],"pop":100.0,"st":0,"rt":null,"fee":8,"v":1,"crbt":null,"cf":"","al":{"id":39591203,"name":"习惯","picUrl":"http://p1.music.126.net/vwsDJCQSApNj__x_SSv3fQ==/109951163350078797.jpg","tns":[],"pic_str":"109951163350078797","pic":109951163350078797},"dt":262880,"h":{"br":320000,"fid":0,"size":10517987,"vd":-2.0},"m":{"br":192000,"fid":0,"size":6310809,"vd":-2.0},"l":{"br":128000,"fid":0,"size":4207221,"vd":-2.0},"a":null,"cd":"","no":0,"rtUrl":null,"ftype":0,"rtUrls":[],"djId":0,"copyright":0,"s_id":0,"mst":9,"cp":636011,"mv":0,"rtype":0,"rurl":null,"publishTime":1528819200007},{"name":"落花成泥","id":571340268,"pst":0,"t":0,"ar":[{"id":1032298,"name":"鞠婧祎","tns":[],"alias":[]}],"alia":["电视剧《芸汐传》推广曲"],"pop":100.0,"st":0,"rt":null,"fee":0,"v":5,"crbt":null,"cf":"","al":{"id":39592082,"name":"落花成泥","picUrl":"http://p1.music.126.net/gZBpIucAMqpJwLRXLZ7HAA==/109951163337945829.jpg","tns":[],"pic_str":"109951163337945829","pic":109951163337945829},"dt":281466,"h":{"br":320000,"fid":0,"size":11260909,"vd":0.0},"m":{"br":192000,"fid":0,"size":6756563,"vd":0.0},"l":{"br":128000,"fid":0,"size":4504390,"vd":0.0},"a":null,"cd":"","no":0,"rtUrl":null,"ftype":0,"rtUrls":[],"djId":0,"copyright":0,"s_id":0,"mst":9,"cp":36015,"mv":5917904,"rtype":0,"rurl":null,"publishTime":1528387200007},{"name":"愿我","id":863066106,"pst":0,"t":0,"ar":[{"id":1215003,"name":"呦猫UNEKO","tns":[],"alias":[]}],"alia":[],"pop":45.0,"st":0,"rt":null,"fee":0,"v":5,"crbt":null,"cf":"","al":{"id":71639490,"name":"愿我","picUrl":"http://p1.music.126.net/5ArhvYEuM0yYrAl3R2D6lw==/109951163377774060.jpg","tns":[],"pic_str":"109951163377774060","pic":109951163377774060},"dt":191890,"h":{"br":320000,"fid":0,"size":7684223,"vd":-1.0},"m":{"br":192000,"fid":0,"size":4610551,"vd":-1.0},"l":{"br":128000,"fid":0,"size":3073715,"vd":-1.0},"a":null,"cd":"","no":1,"rtUrl":null,"ftype":0,"rtUrls":[],"djId":0,"copyright":0,"s_id":0,"mst":9,"cp":0,"mv":0,"rtype":0,"rurl":null,"publishTime":1529942400000},{"name":"Wrong Move","id":572901513,"pst":0,"t":0,"ar":[{"id":197248,"name":"R3hab","tns":[],"alias":[]},{"id":12468285,"name":"THRDL!FE","tns":[],"alias":[]},{"id":990062,"name":"Olivia Holt","tns":[],"alias":[]}],"alia":[],"pop":100.0,"st":0,"rt":null,"fee":8,"v":1,"crbt":null,"cf":"","al":{"id":39670812,"name":"Wrong Move","picUrl":"http://p1.music.126.net/SwZ_Iy2MrfEx0lLOVD2GhA==/109951163349706517.jpg","tns":[],"pic_str":"109951163349706517","pic":109951163349706517},"dt":211147,"h":{"br":320000,"fid":0,"size":8445954,"vd":-1.0},"m":{"br":192000,"fid":0,"size":5067590,"vd":-1.0},"l":{"br":128000,"fid":0,"size":3378408,"vd":-1.0},"a":null,"cd":"1","no":1,"rtUrl":null,"ftype":0,"rtUrls":[],"djId":0,"copyright":1,"s_id":0,"mst":9,"cp":7001,"mv":0,"rtype":0,"rurl":null,"publishTime":1529596800007}],"trackIds":[{"id":569214126,"v":11,"lr":0},{"id":571338279,"v":4,"lr":1},{"id":566442496,"v":1,"lr":2},{"id":862102137,"v":1,"lr":3},{"id":574908698,"v":12,"lr":4},{"id":862099032,"v":1,"lr":5},{"id":574566207,"v":5,"lr":7},{"id":571340283,"v":1,"lr":6},{"id":569870746,"v":22,"lr":9},{"id":571074019,"v":4,"lr":10},{"id":862098671,"v":6},{"id":573131630,"v":5,"lr":15},{"id":573577428,"v":5},{"id":863359163,"v":5},{"id":862098264,"v":4,"lr":14},{"id":862099538,"v":1,"lr":11},{"id":574922126,"v":3,"lr":12},{"id":570326067,"v":2,"lr":17},{"id":573583409,"v":4,"lr":8},{"id":862098298,"v":1,"lr":16},{"id":862129612,"v":8,"lr":18},{"id":573583410,"v":2,"lr":13},{"id":573125026,"v":3,"lr":20},{"id":862098138,"v":6,"lr":19},{"id":571336912,"v":4,"lr":21},{"id":573384240,"v":3,"lr":22},{"id":569214247,"v":62,"lr":29},{"id":572819430,"v":10,"lr":24},{"id":862099184,"v":2,"lr":25},{"id":572042895,"v":7,"lr":28},{"id":571338083,"v":1,"lr":30},{"id":574919767,"v":1,"lr":23},{"id":573577092,"v":5,"lr":26},{"id":862099159,"v":1,"lr":53},{"id":862100246,"v":1,"lr":27},{"id":571068108,"v":8,"lr":35},{"id":573582024,"v":1,"lr":31},{"id":574922289,"v":3},{"id":569213279,"v":3,"lr":34},{"id":566436427,"v":107,"lr":37},{"id":574837680,"v":8,"lr":33},{"id":569200213,"v":59,"lr":39},{"id":571339463,"v":1,"lr":41},{"id":573577614,"v":3,"lr":38},{"id":862515525,"v":4,"lr":36},{"id":571339219,"v":5,"lr":42},{"id":571854148,"v":5,"lr":47},{"id":571601379,"v":3,"lr":45},{"id":573240010,"v":3,"lr":43},{"id":862100330,"v":1,"lr":32},{"id":573843002,"v":5,"lr":46},{"id":862098624,"v":7,"lr":74},{"id":862100618,"v":2},{"id":541687281,"v":110,"lr":52},{"id":862100563,"v":1},{"id":862130427,"v":7,"lr":49},{"id":571336962,"v":1,"lr":71},{"id":862098456,"v":4,"lr":44},{"id":571338448,"v":43,"lr":55},{"id":574335388,"v":4,"lr":54},{"id":574922328,"v":3},{"id":573581283,"v":1,"lr":40},{"id":863073353,"v":6,"lr":50},{"id":569213220,"v":59,"lr":59},{"id":571534645,"v":4,"lr":61},{"id":862099183,"v":2,"lr":57},{"id":574069612,"v":4,"lr":63},{"id":574458141,"v":4,"lr":60},{"id":862098511,"v":2,"lr":48},{"id":574836444,"v":5,"lr":70},{"id":573583412,"v":7,"lr":56},{"id":862099539,"v":1,"lr":51},{"id":573581225,"v":1,"lr":65},{"id":571704192,"v":10,"lr":69},{"id":572028819,"v":8,"lr":72},{"id":863016452,"v":3,"lr":66},{"id":574924780,"v":3},{"id":862099550,"v":408,"lr":82},{"id":862102525,"v":2,"lr":58},{"id":573081624,"v":9,"lr":73},{"id":862102679,"v":1},{"id":862102490,"v":5,"lr":62},{"id":573787796,"v":5,"lr":80},{"id":571106524,"v":1,"lr":85},{"id":571566108,"v":9,"lr":79},{"id":574505077,"v":11,"lr":67},{"id":571340928,"v":6,"lr":78},{"id":574906260,"v":4,"lr":77},{"id":863137157,"v":9,"lr":64},{"id":569214141,"v":2,"lr":84},{"id":562597293,"v":107,"lr":89},{"id":573577504,"v":1,"lr":68},{"id":570334069,"v":1,"lr":83},{"id":862102449,"v":3,"lr":75},{"id":574919590,"v":16},{"id":862099055,"v":1,"lr":86},{"id":571336712,"v":1,"lr":88},{"id":571340268,"v":5},{"id":863066106,"v":5,"lr":94},{"id":572901513,"v":1,"lr":87}],"ordered":true,"tags":[],"privacy":0,"playCount":736036672,"coverImgId":18713687906568048,"createTime":1378721398225,"updateTime":1530232385152,"specialType":10,"trackUpdateTime":1530264785382,"trackCount":100,"commentThreadId":"A_PL_0_3779629","highQuality":false,"newImported":false,"coverImgUrl":"http://p3.music.126.net/N2HO5xfYEqyQ8q6oxCw8IQ==/18713687906568048.jpg","userId":1,"status":0,"adType":0,"trackNumberUpdateTime":1530232385000,"description":"云音乐新歌榜：云音乐用户一周内收听所有新歌（一月内最新发行） 官方TOP排行榜，每天更新。","subscribedCount":858692,"cloudTrackCount":0,"name":"云音乐新歌榜","id":3779629,"shareCount":5156,"coverImgId_str":"18713687906568048","ToplistType":"N","commentCount":99478},"code":200,"privileges":[{"id":569214126,"fee":8,"payed":0,"st":0,"pl":128000,"dl":0,"sp":7,"cp":1,"subp":1,"cs":false,"maxbr":999000,"fl":128000,"toast":false,"flag":0,"preSell":false},{"id":571338279,"fee":8,"payed":0,"st":0,"pl":128000,"dl":0,"sp":7,"cp":1,"subp":1,"cs":false,"maxbr":999000,"fl":128000,"toast":false,"flag":0,"preSell":false},{"id":566442496,"fee":8,"payed":0,"st":0,"pl":128000,"dl":0,"sp":7,"cp":1,"subp":1,"cs":false,"maxbr":999000,"fl":128000,"toast":false,"flag":0,"preSell":false},{"id":862102137,"fee":8,"payed":0,"st":0,"pl":128000,"dl":0,"sp":7,"cp":1,"subp":1,"cs":false,"maxbr":999000,"fl":128000,"toast":false,"flag":0,"preSell":false},{"id":574908698,"fee":8,"payed":0,"st":0,"pl":128000,"dl":0,"sp":7,"cp":1,"subp":1,"cs":false,"maxbr":320000,"fl":128000,"toast":false,"flag":4,"preSell":false},{"id":862099032,"fee":0,"payed":0,"st":0,"pl":320000,"dl":320000,"sp":7,"cp":1,"subp":1,"cs":false,"maxbr":999000,"fl":320000,"toast":false,"flag":0,"preSell":false},{"id":574566207,"fee":0,"payed":0,"st":0,"pl":320000,"dl":320000,"sp":7,"cp":1,"subp":1,"cs":false,"maxbr":999000,"fl":320000,"toast":false,"flag":0,"preSell":false},{"id":571340283,"fee":0,"payed":0,"st":0,"pl":320000,"dl":320000,"sp":7,"cp":1,"subp":1,"cs":false,"maxbr":999000,"fl":320000,"toast":false,"flag":0,"preSell":false},{"id":569870746,"fee":8,"payed":0,"st":0,"pl":128000,"dl":0,"sp":7,"cp":1,"subp":1,"cs":false,"maxbr":999000,"fl":128000,"toast":false,"flag":0,"preSell":false},{"id":571074019,"fee":0,"payed":0,"st":0,"pl":320000,"dl":320000,"sp":7,"cp":1,"subp":1,"cs":false,"maxbr":999000,"fl":320000,"toast":false,"flag":0,"preSell":false},{"id":862098671,"fee":8,"payed":0,"st":0,"pl":128000,"dl":0,"sp":7,"cp":1,"subp":1,"cs":false,"maxbr":999000,"fl":128000,"toast":false,"flag":0,"preSell":false},{"id":573131630,"fee":0,"payed":0,"st":0,"pl":320000,"dl":320000,"sp":7,"cp":1,"subp":1,"cs":false,"maxbr":320000,"fl":320000,"toast":false,"flag":0,"preSell":false},{"id":573577428,"fee":8,"payed":0,"st":0,"pl":128000,"dl":0,"sp":7,"cp":1,"subp":1,"cs":false,"maxbr":999000,"fl":128000,"toast":false,"flag":4,"preSell":false},{"id":863359163,"fee":0,"payed":0,"st":0,"pl":320000,"dl":320000,"sp":7,"cp":1,"subp":1,"cs":false,"maxbr":999000,"fl":320000,"toast":false,"flag":0,"preSell":false},{"id":862098264,"fee":0,"payed":0,"st":0,"pl":128000,"dl":128000,"sp":7,"cp":1,"subp":1,"cs":false,"maxbr":128000,"fl":320000,"toast":false,"flag":0,"preSell":false},{"id":862099538,"fee":0,"payed":0,"st":0,"pl":320000,"dl":320000,"sp":7,"cp":1,"subp":1,"cs":false,"maxbr":999000,"fl":320000,"toast":false,"flag":0,"preSell":false},{"id":574922126,"fee":8,"payed":0,"st":0,"pl":128000,"dl":0,"sp":7,"cp":1,"subp":1,"cs":false,"maxbr":320000,"fl":128000,"toast":false,"flag":4,"preSell":false},{"id":570326067,"fee":0,"payed":0,"st":0,"pl":320000,"dl":320000,"sp":7,"cp":1,"subp":1,"cs":false,"maxbr":999000,"fl":320000,"toast":false,"flag":0,"preSell":false},{"id":573583409,"fee":4,"payed":0,"st":0,"pl":0,"dl":0,"sp":0,"cp":0,"subp":0,"cs":false,"maxbr":999000,"fl":0,"toast":false,"flag":0,"preSell":false},{"id":862098298,"fee":8,"payed":0,"st":0,"pl":128000,"dl":0,"sp":7,"cp":1,"subp":1,"cs":false,"maxbr":999000,"fl":128000,"toast":false,"flag":0,"preSell":false},{"id":862129612,"fee":8,"payed":0,"st":0,"pl":128000,"dl":0,"sp":7,"cp":1,"subp":1,"cs":false,"maxbr":999000,"fl":128000,"toast":false,"flag":4,"preSell":false},{"id":573583410,"fee":4,"payed":0,"st":0,"pl":0,"dl":0,"sp":0,"cp":0,"subp":0,"cs":false,"maxbr":999000,"fl":0,"toast":false,"flag":0,"preSell":false},{"id":573125026,"fee":8,"payed":0,"st":0,"pl":128000,"dl":0,"sp":7,"cp":1,"subp":1,"cs":false,"maxbr":999000,"fl":128000,"toast":false,"flag":0,"preSell":false},{"id":862098138,"fee":8,"payed":0,"st":0,"pl":128000,"dl":0,"sp":7,"cp":1,"subp":1,"cs":false,"maxbr":999000,"fl":128000,"toast":false,"flag":2,"preSell":false},{"id":571336912,"fee":8,"payed":0,"st":0,"pl":128000,"dl":0,"sp":7,"cp":1,"subp":1,"cs":false,"maxbr":999000,"fl":128000,"toast":false,"flag":0,"preSell":false},{"id":573384240,"fee":0,"payed":0,"st":0,"pl":320000,"dl":320000,"sp":7,"cp":1,"subp":1,"cs":false,"maxbr":999000,"fl":320000,"toast":false,"flag":0,"preSell":false},{"id":569214247,"fee":4,"payed":0,"st":0,"pl":0,"dl":0,"sp":0,"cp":0,"subp":0,"cs":false,"maxbr":999000,"fl":0,"toast":false,"flag":0,"preSell":false},{"id":572819430,"fee":0,"payed":0,"st":0,"pl":320000,"dl":320000,"sp":7,"cp":1,"subp":1,"cs":false,"maxbr":999000,"fl":320000,"toast":false,"flag":0,"preSell":false},{"id":862099184,"fee":0,"payed":0,"st":0,"pl":320000,"dl":320000,"sp":7,"cp":1,"subp":1,"cs":false,"maxbr":999000,"fl":320000,"toast":false,"flag":0,"preSell":false},{"id":572042895,"fee":8,"payed":0,"st":0,"pl":128000,"dl":0,"sp":7,"cp":1,"subp":1,"cs":false,"maxbr":999000,"fl":128000,"toast":false,"flag":0,"preSell":false},{"id":571338083,"fee":8,"payed":0,"st":0,"pl":128000,"dl":0,"sp":7,"cp":1,"subp":1,"cs":false,"maxbr":999000,"fl":128000,"toast":false,"flag":0,"preSell":false},{"id":574919767,"fee":0,"payed":0,"st":0,"pl":320000,"dl":320000,"sp":7,"cp":1,"subp":1,"cs":false,"maxbr":999000,"fl":320000,"toast":false,"flag":0,"preSell":false},{"id":573577092,"fee":8,"payed":0,"st":0,"pl":128000,"dl":0,"sp":7,"cp":1,"subp":1,"cs":false,"maxbr":999000,"fl":128000,"toast":false,"flag":0,"preSell":false},{"id":862099159,"fee":8,"payed":0,"st":0,"pl":128000,"dl":0,"sp":7,"cp":1,"subp":1,"cs":false,"maxbr":999000,"fl":128000,"toast":false,"flag":0,"preSell":false},{"id":862100246,"fee":8,"payed":0,"st":0,"pl":128000,"dl":0,"sp":7,"cp":1,"subp":1,"cs":false,"maxbr":999000,"fl":128000,"toast":false,"flag":0,"preSell":false},{"id":571068108,"fee":8,"payed":0,"st":0,"pl":128000,"dl":0,"sp":7,"cp":1,"subp":1,"cs":false,"maxbr":320000,"fl":128000,"toast":false,"flag":4,"preSell":false},{"id":573582024,"fee":8,"payed":0,"st":0,"pl":128000,"dl":0,"sp":7,"cp":1,"subp":1,"cs":false,"maxbr":999000,"fl":128000,"toast":false,"flag":0,"preSell":false},{"id":574922289,"fee":8,"payed":0,"st":0,"pl":128000,"dl":0,"sp":7,"cp":1,"subp":1,"cs":false,"maxbr":320000,"fl":128000,"toast":false,"flag":4,"preSell":false},{"id":569213279,"fee":0,"payed":0,"st":0,"pl":320000,"dl":320000,"sp":7,"cp":1,"subp":1,"cs":false,"maxbr":999000,"fl":320000,"toast":false,"flag":0,"preSell":false},{"id":566436427,"fee":8,"payed":0,"st":0,"pl":128000,"dl":0,"sp":7,"cp":1,"subp":1,"cs":false,"maxbr":999000,"fl":128000,"toast":false,"flag":0,"preSell":false},{"id":574837680,"fee":0,"payed":0,"st":0,"pl":320000,"dl":320000,"sp":7,"cp":1,"subp":1,"cs":false,"maxbr":999000,"fl":320000,"toast":false,"flag":0,"preSell":false},{"id":569200213,"fee":4,"payed":0,"st":0,"pl":0,"dl":0,"sp":0,"cp":0,"subp":0,"cs":false,"maxbr":999000,"fl":0,"toast":false,"flag":0,"preSell":false},{"id":571339463,"fee":0,"payed":0,"st":0,"pl":320000,"dl":320000,"sp":7,"cp":1,"subp":1,"cs":false,"maxbr":999000,"fl":320000,"toast":false,"flag":0,"preSell":false},{"id":573577614,"fee":0,"payed":0,"st":0,"pl":320000,"dl":320000,"sp":7,"cp":1,"subp":1,"cs":false,"maxbr":999000,"fl":320000,"toast":false,"flag":0,"preSell":false},{"id":862515525,"fee":0,"payed":0,"st":0,"pl":320000,"dl":320000,"sp":7,"cp":1,"subp":1,"cs":false,"maxbr":999000,"fl":320000,"toast":false,"flag":0,"preSell":false},{"id":571339219,"fee":8,"payed":0,"st":0,"pl":128000,"dl":0,"sp":7,"cp":1,"subp":1,"cs":false,"maxbr":999000,"fl":128000,"toast":false,"flag":0,"preSell":false},{"id":571854148,"fee":8,"payed":0,"st":0,"pl":128000,"dl":0,"sp":7,"cp":1,"subp":1,"cs":false,"maxbr":999000,"fl":128000,"toast":false,"flag":0,"preSell":false},{"id":571601379,"fee":0,"payed":0,"st":0,"pl":320000,"dl":320000,"sp":7,"cp":1,"subp":1,"cs":false,"maxbr":999000,"fl":320000,"toast":false,"flag":0,"preSell":false},{"id":573240010,"fee":0,"payed":0,"st":0,"pl":320000,"dl":0,"sp":7,"cp":1,"subp":1,"cs":false,"maxbr":320000,"fl":128000,"toast":false,"flag":0,"preSell":false},{"id":862100330,"fee":8,"payed":0,"st":0,"pl":128000,"dl":0,"sp":7,"cp":1,"subp":1,"cs":false,"maxbr":999000,"fl":128000,"toast":false,"flag":0,"preSell":false},{"id":573843002,"fee":0,"payed":0,"st":0,"pl":320000,"dl":320000,"sp":7,"cp":1,"subp":1,"cs":false,"maxbr":999000,"fl":320000,"toast":false,"flag":0,"preSell":false},{"id":862098624,"fee":8,"payed":0,"st":0,"pl":128000,"dl":0,"sp":7,"cp":1,"subp":1,"cs":false,"maxbr":999000,"fl":128000,"toast":false,"flag":0,"preSell":false},{"id":862100618,"fee":8,"payed":0,"st":0,"pl":128000,"dl":0,"sp":7,"cp":1,"subp":1,"cs":false,"maxbr":999000,"fl":128000,"toast":false,"flag":0,"preSell":false},{"id":541687281,"fee":4,"payed":0,"st":0,"pl":0,"dl":0,"sp":0,"cp":0,"subp":0,"cs":false,"maxbr":999000,"fl":0,"toast":false,"flag":0,"preSell":false},{"id":862100563,"fee":8,"payed":0,"st":0,"pl":128000,"dl":0,"sp":7,"cp":1,"subp":1,"cs":false,"maxbr":999000,"fl":128000,"toast":false,"flag":0,"preSell":false},{"id":862130427,"fee":8,"payed":0,"st":0,"pl":128000,"dl":0,"sp":7,"cp":1,"subp":1,"cs":false,"maxbr":999000,"fl":128000,"toast":false,"flag":4,"preSell":false},{"id":571336962,"fee":8,"payed":0,"st":0,"pl":128000,"dl":0,"sp":7,"cp":1,"subp":1,"cs":false,"maxbr":999000,"fl":128000,"toast":false,"flag":0,"preSell":false},{"id":862098456,"fee":0,"payed":0,"st":0,"pl":320000,"dl":320000,"sp":7,"cp":1,"subp":1,"cs":false,"maxbr":320000,"fl":320000,"toast":false,"flag":0,"preSell":false},{"id":571338448,"fee":8,"payed":0,"st":0,"pl":128000,"dl":0,"sp":7,"cp":1,"subp":1,"cs":false,"maxbr":999000,"fl":128000,"toast":false,"flag":0,"preSell":false},{"id":574335388,"fee":0,"payed":0,"st":0,"pl":320000,"dl":320000,"sp":7,"cp":1,"subp":1,"cs":false,"maxbr":320000,"fl":320000,"toast":false,"flag":0,"preSell":false},{"id":574922328,"fee":8,"payed":0,"st":0,"pl":128000,"dl":0,"sp":7,"cp":1,"subp":1,"cs":false,"maxbr":320000,"fl":128000,"toast":false,"flag":4,"preSell":false},{"id":573581283,"fee":0,"payed":0,"st":0,"pl":320000,"dl":320000,"sp":7,"cp":1,"subp":1,"cs":false,"maxbr":999000,"fl":320000,"toast":false,"flag":0,"preSell":false},{"id":863073353,"fee":0,"payed":0,"st":0,"pl":320000,"dl":320000,"sp":7,"cp":1,"subp":1,"cs":false,"maxbr":999000,"fl":320000,"toast":false,"flag":0,"preSell":false},{"id":569213220,"fee":4,"payed":0,"st":0,"pl":0,"dl":0,"sp":0,"cp":0,"subp":0,"cs":false,"maxbr":999000,"fl":0,"toast":false,"flag":0,"preSell":false},{"id":571534645,"fee":0,"payed":0,"st":0,"pl":320000,"dl":320000,"sp":7,"cp":1,"subp":1,"cs":false,"maxbr":320000,"fl":320000,"toast":false,"flag":0,"preSell":false},{"id":862099183,"fee":0,"payed":0,"st":0,"pl":320000,"dl":320000,"sp":7,"cp":1,"subp":1,"cs":false,"maxbr":999000,"fl":320000,"toast":false,"flag":0,"preSell":false},{"id":574069612,"fee":0,"payed":0,"st":0,"pl":320000,"dl":320000,"sp":7,"cp":1,"subp":1,"cs":false,"maxbr":320000,"fl":320000,"toast":false,"flag":0,"preSell":false},{"id":574458141,"fee":0,"payed":0,"st":0,"pl":320000,"dl":320000,"sp":7,"cp":1,"subp":1,"cs":false,"maxbr":999000,"fl":320000,"toast":false,"flag":0,"preSell":false},{"id":862098511,"fee":0,"payed":0,"st":0,"pl":320000,"dl":320000,"sp":7,"cp":1,"subp":1,"cs":false,"maxbr":999000,"fl":320000,"toast":false,"flag":0,"preSell":false},{"id":574836444,"fee":0,"payed":0,"st":0,"pl":320000,"dl":320000,"sp":7,"cp":1,"subp":1,"cs":false,"maxbr":999000,"fl":320000,"toast":false,"flag":2,"preSell":false},{"id":573583412,"fee":8,"payed":0,"st":0,"pl":128000,"dl":0,"sp":7,"cp":1,"subp":1,"cs":false,"maxbr":999000,"fl":128000,"toast":false,"flag":0,"preSell":false},{"id":862099539,"fee":0,"payed":0,"st":0,"pl":320000,"dl":320000,"sp":7,"cp":1,"subp":1,"cs":false,"maxbr":999000,"fl":320000,"toast":false,"flag":0,"preSell":false},{"id":573581225,"fee":0,"payed":0,"st":0,"pl":320000,"dl":320000,"sp":7,"cp":1,"subp":1,"cs":false,"maxbr":999000,"fl":320000,"toast":false,"flag":0,"preSell":false},{"id":571704192,"fee":0,"payed":0,"st":0,"pl":320000,"dl":320000,"sp":7,"cp":1,"subp":1,"cs":false,"maxbr":999000,"fl":320000,"toast":false,"flag":0,"preSell":false},{"id":572028819,"fee":0,"payed":0,"st":0,"pl":320000,"dl":320000,"sp":7,"cp":1,"subp":1,"cs":false,"maxbr":999000,"fl":320000,"toast":false,"flag":0,"preSell":false},{"id":863016452,"fee":0,"payed":0,"st":0,"pl":320000,"dl":320000,"sp":7,"cp":1,"subp":1,"cs":false,"maxbr":999000,"fl":320000,"toast":false,"flag":0,"preSell":false},{"id":574924780,"fee":0,"payed":0,"st":0,"pl":320000,"dl":320000,"sp":7,"cp":1,"subp":1,"cs":false,"maxbr":320000,"fl":320000,"toast":false,"flag":0,"preSell":false},{"id":862099550,"fee":0,"payed":0,"st":0,"pl":320000,"dl":320000,"sp":7,"cp":1,"subp":1,"cs":false,"maxbr":999000,"fl":320000,"toast":false,"flag":0,"preSell":false},{"id":862102525,"fee":0,"payed":0,"st":0,"pl":320000,"dl":320000,"sp":7,"cp":1,"subp":1,"cs":false,"maxbr":999000,"fl":320000,"toast":false,"flag":0,"preSell":false},{"id":573081624,"fee":8,"payed":0,"st":0,"pl":128000,"dl":0,"sp":7,"cp":1,"subp":1,"cs":false,"maxbr":999000,"fl":128000,"toast":false,"flag":4,"preSell":false},{"id":862102679,"fee":8,"payed":0,"st":0,"pl":128000,"dl":0,"sp":7,"cp":1,"subp":1,"cs":false,"maxbr":999000,"fl":128000,"toast":false,"flag":0,"preSell":false},{"id":862102490,"fee":0,"payed":0,"st":0,"pl":320000,"dl":320000,"sp":7,"cp":1,"subp":1,"cs":false,"maxbr":320000,"fl":320000,"toast":false,"flag":0,"preSell":false},{"id":573787796,"fee":0,"payed":0,"st":0,"pl":320000,"dl":320000,"sp":7,"cp":1,"subp":1,"cs":false,"maxbr":999000,"fl":320000,"toast":false,"flag":2,"preSell":false},{"id":571106524,"fee":8,"payed":0,"st":0,"pl":128000,"dl":0,"sp":7,"cp":1,"subp":1,"cs":false,"maxbr":999000,"fl":128000,"toast":false,"flag":0,"preSell":false},{"id":571566108,"fee":0,"payed":0,"st":0,"pl":320000,"dl":320000,"sp":7,"cp":1,"subp":1,"cs":false,"maxbr":999000,"fl":320000,"toast":false,"flag":0,"preSell":false},{"id":574505077,"fee":0,"payed":0,"st":0,"pl":320000,"dl":0,"sp":7,"cp":1,"subp":1,"cs":false,"maxbr":320000,"fl":128000,"toast":false,"flag":0,"preSell":false},{"id":571340928,"fee":0,"payed":0,"st":0,"pl":320000,"dl":320000,"sp":7,"cp":1,"subp":1,"cs":false,"maxbr":999000,"fl":320000,"toast":false,"flag":0,"preSell":false},{"id":574906260,"fee":8,"payed":0,"st":0,"pl":128000,"dl":0,"sp":7,"cp":1,"subp":1,"cs":false,"maxbr":320000,"fl":128000,"toast":false,"flag":4,"preSell":false},{"id":863137157,"fee":0,"payed":0,"st":0,"pl":320000,"dl":320000,"sp":7,"cp":1,"subp":1,"cs":false,"maxbr":999000,"fl":320000,"toast":false,"flag":0,"preSell":false},{"id":569214141,"fee":0,"payed":0,"st":0,"pl":320000,"dl":320000,"sp":7,"cp":1,"subp":1,"cs":false,"maxbr":999000,"fl":320000,"toast":false,"flag":0,"preSell":false},{"id":562597293,"fee":0,"payed":0,"st":0,"pl":320000,"dl":320000,"sp":7,"cp":1,"subp":1,"cs":false,"maxbr":999000,"fl":320000,"toast":false,"flag":0,"preSell":false},{"id":573577504,"fee":8,"payed":0,"st":0,"pl":128000,"dl":0,"sp":7,"cp":1,"subp":1,"cs":false,"maxbr":999000,"fl":128000,"toast":false,"flag":0,"preSell":false},{"id":570334069,"fee":8,"payed":0,"st":0,"pl":128000,"dl":0,"sp":7,"cp":1,"subp":1,"cs":false,"maxbr":999000,"fl":128000,"toast":false,"flag":4,"preSell":false},{"id":862102449,"fee":0,"payed":0,"st":0,"pl":320000,"dl":320000,"sp":7,"cp":1,"subp":1,"cs":false,"maxbr":320000,"fl":320000,"toast":false,"flag":0,"preSell":false},{"id":574919590,"fee":0,"payed":0,"st":0,"pl":320000,"dl":320000,"sp":7,"cp":1,"subp":1,"cs":false,"maxbr":999000,"fl":320000,"toast":false,"flag":0,"preSell":false},{"id":862099055,"fee":0,"payed":0,"st":0,"pl":320000,"dl":320000,"sp":7,"cp":1,"subp":1,"cs":false,"maxbr":999000,"fl":320000,"toast":false,"flag":0,"preSell":false},{"id":571336712,"fee":8,"payed":0,"st":0,"pl":128000,"dl":0,"sp":7,"cp":1,"subp":1,"cs":false,"maxbr":999000,"fl":128000,"toast":false,"flag":0,"preSell":false},{"id":571340268,"fee":0,"payed":0,"st":0,"pl":320000,"dl":320000,"sp":7,"cp":1,"subp":1,"cs":false,"maxbr":999000,"fl":320000,"toast":false,"flag":0,"preSell":false},{"id":863066106,"fee":0,"payed":0,"st":0,"pl":320000,"dl":320000,"sp":7,"cp":1,"subp":1,"cs":false,"maxbr":320000,"fl":320000,"toast":false,"flag":0,"preSell":false},{"id":572901513,"fee":8,"payed":0,"st":0,"pl":128000,"dl":0,"sp":7,"cp":1,"subp":1,"cs":false,"maxbr":320000,"fl":128000,"toast":false,"flag":4,"preSell":false}]}