{"playlist":{"subscribers":[],"subscribed":false,"creator":{"defaultAvatar":false,"province":110000,"authStatus":0,"followed":false,"avatarUrl":"http://p1.music.126.net/1L9d4lVoRfloLPfKkD_6gg==/18924794137432097.jpg","accountStatus":0,"gender":1,"city":110115,"birthday":887876382570,"userId":433761910,"userType":0,"nickname":"孤独的风中一匹狼---","signature":"所有的痛苦都是由于当事者的无能","description":"","detailDescription":"","avatarImgId":18924794137432097,"backgroundImgId":18895107323481989,"backgroundUrl":"http://p1.music.126.net/6vcjDy2wab6OkKigocDjnw==/18895107323481989.jpg","authority":0,"mutual":false,"expertTags":null,"experts":null,"djStatus":0,"vipType":0,"remarkName":null,"avatarImgIdStr":"18924794137432097","backgroundImgIdStr":"18895107323481989","avatarImgId_str":"18924794137432097"},"tracks":[{"name":"Breathe.","id":29722221,"pst":0,"t":0,"ar":[{"id":347497,"name":"Jacoo","tns":[],"alias":[]}],"alia":[],"pop":100.0,"st":0,"rt":null,"fee":0,"v":92,"crbt":null,"cf":"","al":{"id":3066171,"name":"Breathe.","picUrl":"http://p1.music.126.net/6czFG5Fs1NroMLcOck5jtA==/2532175280446448.jpg","tns":[],"pic":2532175280446448},"dt":211774,"h":{"br":320000,"fid":0,"size":8466825,"vd":-2.65076E-4},"m":{"br":160000,"fid":0,"size":4233944,"vd":0.0},"l":{"br":96000,"fid":0,"size":2540792,"vd":-2.65076E-4},"a":null,"cd":"1","no":1,"rtUrl":null,"ftype":0,"rtUrls":[],"djId":0,"copyright":2,"s_id":0,"mst":9,"cp":0,"mv":5343220,"rtype":0,"rurl":null,"publishTime":1405872000007},{"name":"过客","id":445665094,"pst":0,"t":0,"ar":[{"id":12292708,"name":"是阿涵阿","tns":[],"alias":[]}],"alia":[],"pop":100.0,"st":0,"rt":null,"fee":8,"v":17,"crbt":null,"cf":"","al":{"id":35040037,"name":"过客","picUrl":"http://p1.music.126.net/ai-tIcR1c69_tXCoDy8hyA==/18770862510931326.jpg","tns":[],"pic_str":"18770862510931326","pic":18770862510931326},"dt":270000,"h":{"br":320000,"fid":0,"size":10802199,"vd":-1.63},"m":{"br":160000,"fid":0,"size":5401122,"vd":-1.2},"l":{"br":96000,"fid":0,"size":3240691,"vd":-1.26},"a":null,"cd":"1","no":1,"rtUrl":null,"ftype":0,"rtUrls":[],"djId":0,"copyright":0,"s_id":0,"mst":9,"cp":724013,"mv":0,"rtype":0,"rurl":null,"publishTime":1481126400007},{"name":"星晴","id":186149,"pst":0,"t":0,"ar":[{"id":6452,"name":"周杰伦","tns":[],"alias":[]}],"alia":[],"pop":100.0,"st":0,"rt":"600902000006889496","fee":0,"v":127,"crbt":"e93f07bd4132712e789532d46ac22256","cf":"","al":{"id":18918,"name":"Jay 同名专辑","picUrl":"http://p1.music.126.net/Gd-HAk9hKC85L0wNtfRs1g==/7946170535396804.jpg","tns":[],"pic":7946170535396804},"dt":259000,"h":{"br":320000,"fid":0,"size":10379079,"vd":-2.65076E-4},"m":{"br":160000,"fid":0,"size":5189594,"vd":-2.65076E-4},"l":{"br":96000,"fid":0,"size":3113800,"vd":-2.65076E-4},"a":null,"cd":"1","no":3,"rtUrl":null,"ftype":0,"rtUrls":[],"djId":0,"copyright":1,"s_id":0,"mst":9,"cp":1007,"mv":506000,"rtype":0,"rurl":null,"publishTime":973526400000},{"name":"借口","id":186002,"pst":0,"t":0,"ar":[{"id":6452,"name":"周杰伦","tns":[],"alias":[]}],"alia":[],"pop":100.0,"st":0,"rt":"600902000006889316","fee":0,"v":129,"crbt":"e93f07bd4132712e1b8678ac65b1ce56","cf":"","al":{"id":18903,"name":"七里香","picUrl":"http://p1.music.126.net/P1goeQ7SoxEkFsb4ZDijMw==/7746059418324672.jpg","tns":[],"pic":7746059418324672},"dt":260000,"h":{"br":320000,"fid":0,"size":10413579,"vd":-1.35},"m":{"br":160000,"fid":0,"size":5206853,"vd":-0.91},"l":{"br":96000,"fid":0,"size":3124162,"vd":-0.92},"a":null,"cd":"1","no":3,"rtUrl":null,"ftype":0,"rtUrls":[],"djId":0,"copyright":1,"s_id":0,"mst":9,"cp":1007,"mv":5360662,"rtype":0,"rurl":null,"publishTime":1091462400000},{"name":"回到过去","id":186055,"pst":0,"t":0,"ar":[{"id":6452,"name":"周杰伦","tns":[],"alias":[]}],"alia":[],"pop":100.0,"st":0,"rt":"600902000006889384","fee":0,"v":131,"crbt":"e93f07bd4132712e1cd826ae7842d0a6","cf":"","al":{"id":18907,"name":"八度空间","picUrl":"http://p1.music.126.net/X7I0mO_ohTUukwmEGuJNzw==/18715886930028449.jpg","tns":[],"pic_str":"18715886930028449","pic":18715886930028449},"dt":233000,"h":{"br":320000,"fid":0,"size":9341519,"vd":-2.17},"m":{"br":160000,"fid":0,"size":4670826,"vd":-1.7},"l":{"br":96000,"fid":0,"size":2802549,"vd":-1.77},"a":null,"cd":"1","no":8,"rtUrl":null,"ftype":0,"rtUrls":[],"djId":0,"copyright":1,"s_id":0,"mst":9,"cp":1007,"mv":154014,"rtype":0,"rurl":null,"publishTime":1026921600000},{"name":"乌克丽丽","id":25653005,"pst":0,"t":0,"ar":[{"id":6452,"name":"周杰伦","tns":[],"alias":[]}],"alia":[],"pop":100.0,"st":0,"rt":"600902000009541184","fee":0,"v":126,"crbt":"de1c6642d00ae7c6bce4f5e31ebcc8e4","cf":"","al":{"id":2263029,"name":"十二新作","picUrl":"http://p1.music.126.net/iD4CqIEUYJd7f1FO9Z6qlQ==/851021999950907.jpg","tns":[],"pic":851021999950907},"dt":175000,"h":{"br":320000,"fid":0,"size":7010380,"vd":0.0},"m":{"br":160000,"fid":0,"size":3505271,"vd":0.0},"l":{"br":96000,"fid":0,"size":2103227,"vd":0.0},"a":null,"cd":"1","no":12,"rtUrl":null,"ftype":0,"rtUrls":[],"djId":0,"copyright":1,"s_id":0,"mst":9,"cp":1007,"mv":71,"rtype":0,"rurl":null,"publishTime":1356624000007},{"name":"简单爱","id":186119,"pst":0,"t":0,"ar":[{"id":6452,"name":"周杰伦","tns":[],"alias":[]}],"alia":[],"pop":100.0,"st":0,"rt":"600902000006889456","fee":0,"v":135,"crbt":"e93f07bd4132712e0b4e44692cc48cb0","cf":"","al":{"id":18915,"name":"范特西","picUrl":"http://p1.music.126.net/Wok9fSf1wF2-zFDZTTzlpg==/109951163076302925.jpg","tns":[],"pic_str":"109951163076302925","pic":109951163076302925},"dt":270000,"h":{"br":320000,"fid":0,"size":10841967,"vd":-0.68},"m":{"br":160000,"fid":0,"size":5421037,"vd":-0.27},"l":{"br":96000,"fid":0,"size":3252665,"vd":-0.35},"a":null,"cd":"1","no":3,"rtUrl":null,"ftype":0,"rtUrls":[],"djId":0,"copyright":1,"s_id":0,"mst":9,"cp":1007,"mv":506027,"rtype":0,"rurl":null,"publishTime":1000915200000},{"name":"稻香","id":185709,"pst":0,"t":0,"ar":[{"id":6452,"name":"周杰伦","tns":[],"alias":[]}],"alia":[],"pop":100.0,"st":0,"rt":"600902000006889008","fee":0,"v":133,"crbt":"8a289b307a82998e10179dd2c3b34813","cf":"","al":{"id":18877,"name":"魔杰座","picUrl":"http://p1.music.126.net/HBanuZpt8SD2kf15AFa6Og==/109951163200234839.jpg","tns":[],"pic_str":"109951163200234839","pic":109951163200234839},"dt":223452,"h":{"br":320000,"fid":0,"size":8941341,"vd":-1.66},"m":{"br":160000,"fid":0,"size":4470746,"vd":-1.26},"l":{"br":96000,"fid":0,"size":2682507,"vd":-1.31},"a":null,"cd":"1","no":11,"rtUrl":null,"ftype":0,"rtUrls":[],"djId":0,"copyright":0,"s_id":0,"mst":9,"cp":1007,"mv":506121,"rtype":0,"rurl":null,"publishTime":1224000000000},{"name":"告白气球","id":418603077,"pst":0,"t":0,"ar":[{"id":6452,"name":"周杰伦","tns":[],"alias":[]}],"alia":[],"pop":100.0,"st":0,"rt":null,"fee":0,"v":71,"crbt":null,"cf":"","al":{"id":34720827,"name":"周杰伦的床边故事","picUrl":"http://p1.music.126.net/cUTk0ewrQtYGP2YpPZoUng==/3265549553028224.jpg","tns":[],"pic":3265549553028224},"dt":215146,"h":{"br":320000,"fid":0,"size":8608958,"vd":-0.32},"m":{"br":160000,"fid":0,"size":4304502,"vd":-2.65076E-4},"l":{"br":96000,"fid":0,"size":2582719,"vd":-2.65076E-4},"a":null,"cd":"1","no":8,"rtUrl":null,"ftype":0,"rtUrls":[],"djId":0,"copyright":2,"s_id":0,"mst":9,"cp":1007,"mv":0,"rtype":0,"rurl":null,"publishTime":1466697544301},{"name":"Boyfriend","id":18638060,"pst":0,"t":0,"ar":[{"id":35531,"name":"Justin Bieber","tns":[],"alias":[]}],"alia":[],"pop":100.0,"st":0,"rt":"600902000008000118","fee":8,"v":32,"crbt":null,"cf":"","al":{"id":1709617,"name":"Boyfriend","picUrl":"http://p1.music.126.net/X-zXg9-PPteSJ5SGUFUCKQ==/109951163165819009.jpg","tns":[],"pic_str":"109951163165819009","pic":109951163165819009},"dt":172306,"h":{"br":320000,"fid":0,"size":6895324,"vd":-1.87},"m":{"br":160000,"fid":0,"size":3447684,"vd":-1.45},"l":{"br":96000,"fid":0,"size":2068628,"vd":-1.56},"a":null,"cd":"1","no":1,"rtUrl":null,"ftype":0,"rtUrls":[],"djId":0,"copyright":1,"s_id":0,"mst":9,"cp":7003,"mv":0,"rtype":0,"rurl":null,"publishTime":1333814400000},{"name":"2U","id":482988471,"pst":0,"t":0,"ar":[{"id":31211,"name":"David Guetta","tns":[],"alias":[]},{"id":35531,"name":"Justin Bieber","tns":[],"alias":[]}],"alia":[],"pop":100.0,"st":0,"rt":null,"fee":8,"v":35,"crbt":null,"cf":"","al":{"id":35589530,"name":"2U","picUrl":"http://p1.music.126.net/JupZKGWHlaXcpuX8UQBvkw==/19001759951394104.jpg","tns":[],"pic_str":"19001759951394104","pic":19001759951394104},"dt":194860,"h":{"br":320000,"fid":0,"size":7797072,"vd":-2.0},"m":{"br":192000,"fid":0,"size":4678261,"vd":-2.0},"l":{"br":128000,"fid":0,"size":3118855,"vd":-2.0},"a":null,"cd":"1","no":1,"rtUrl":null,"ftype":0,"rtUrls":[],"djId":0,"copyright":0,"s_id":0,"mst":9,"cp":7002,"mv":5674107,"rtype":0,"rurl":null,"publishTime":1496937600007},{"name":"Better Man","id":22463223,"pst":0,"t":0,"ar":[{"id":41928,"name":"Robbie Williams","tns":[],"alias":[]}],"alia":[],"pop":100.0,"st":0,"rt":"600902000002452410","fee":8,"v":44,"crbt":"615051c7e392e97c4a49f05daea27f09","cf":"","al":{"id":2058016,"name":"Sing When You're Winning","picUrl":"http://p1.music.126.net/7GLYrZh-Mz6ue0wxNBgLBw==/2535473814084183.jpg","tns":[],"pic":2535473814084183},"dt":202000,"h":{"br":320000,"fid":0,"size":8149239,"vd":-0.47},"m":{"br":160000,"fid":0,"size":4095558,"vd":-0.05},"l":{"br":96000,"fid":0,"size":2473667,"vd":-0.1},"a":null,"cd":"1","no":2,"rtUrl":null,"ftype":0,"rtUrls":[],"djId":0,"copyright":1,"s_id":0,"mst":9,"cp":564038,"mv":0,"rtype":0,"rurl":null,"publishTime":967392000007},{"name":"Blue","id":28528718,"pst":0,"t":0,"ar":[{"id":911160,"name":"Keith Hanley","tns":[],"alias":[]}],"alia":[],"pop":100.0,"st":0,"rt":null,"fee":8,"v":3,"crbt":null,"cf":"","al":{"id":2821094,"name":"Hush","picUrl":"http://p1.music.126.net/ni5a2fu_WAPoVzd_OCuVRg==/5858197953003145.jpg","tns":[],"pic":5858197953003145},"dt":169000,"h":{"br":320000,"fid":0,"size":6818491,"vd":-2.65076E-4},"m":{"br":160000,"fid":0,"size":3421529,"vd":-2.65076E-4},"l":{"br":96000,"fid":0,"size":2062744,"vd":-2.65076E-4},"a":null,"cd":"1","no":1,"rtUrl":null,"ftype":0,"rtUrls":[],"djId":0,"copyright":2,"s_id":0,"mst":9,"cp":7003,"mv":0,"rtype":0,"rurl":null,"publishTime":1393948800007},{"name":"Coldplay / The Chainsmokers - Something Just Like This (Toufu Remix)","id":462900456,"pst":0,"t":0,"ar":[{"id":12109033,"name":"Toufu","tns":[],"alias":[]}],"alia":[],"pop":35.0,"st":0,"rt":null,"fee":0,"v":123,"crbt":null,"cf":"","al":{"id":35178466,"name":"Toufu Remix","picUrl":"http://p1.music.126.net/UED71e4Di3h1YE7UA_6QxQ==/109951162860557625.jpg","tns":[],"pic_str":"109951162860557625","pic":109951162860557625},"dt":221753,"h":{"br":320000,"fid":0,"size":8872272,"vd":-2.65076E-4},"m":{"br":160000,"fid":0,"size":4436159,"vd":-2.65076E-4},"l":{"br":96000,"fid":0,"size":2661713,"vd":-2.65076E-4},"a":null,"cd":"1","no":1,"rtUrl":null,"ftype":0,"rtUrls":[],"djId":0,"copyright":2,"s_id":0,"mst":9,"cp":0,"mv":0,"rtype":0,"rurl":null,"publishTime":1486830168976},{"name":"Traveling Light","id":1491585,"pst":0,"t":0,"ar":[{"id":35375,"name":"Joel Hanson","tns":[],"alias":[]}],"alia":[],"pop":100.0,"st":0,"rt":"","fee":0,"v":7,"crbt":null,"cf":"","al":{"id":152131,"name":"Traveling Light","picUrl":"http://p1.music.126.net/zYqptzyHld2ylpb5FOoqDA==/1785606883508227.jpg","tns":[],"pic":1785606883508227},"dt":208718,"h":{"br":320000,"fid":0,"size":8383390,"vd":0.0},"m":{"br":160000,"fid":0,"size":4207979,"vd":0.0},"l":{"br":96000,"fid":0,"size":2537814,"vd":0.0},"a":null,"cd":"1","no":1,"rtUrl":null,"ftype":0,"rtUrls":[],"djId":0,"copyright":2,"s_id":0,"mst":9,"cp":0,"mv":0,"rtype":0,"rurl":null,"publishTime":1018886400007},{"name":"Better Man","id":481853824,"pst":0,"t":0,"ar":[{"id":104700,"name":"Various Artists","tns":[],"alias":[]}],"alia":[],"pop":55.0,"st":0,"rt":null,"fee":0,"v":3,"crbt":null,"cf":"","al":{"id":35578229,"name":"午夜电台情歌(甜蜜星期三)","picUrl":"http://p1.music.126.net/s2R9fGMXhoZT-kWjKnc4kA==/18912699509538487.jpg","tns":[],"pic_str":"18912699509538487","pic":18912699509538487},"dt":204480,"h":{"br":320000,"fid":0,"size":8180550,"vd":4.0},"m":{"br":192000,"fid":0,"size":4908347,"vd":5.0},"l":{"br":128000,"fid":0,"size":3272246,"vd":4.0},"a":null,"cd":"1","no":2,"rtUrl":null,"ftype":0,"rtUrls":[],"djId":0,"copyright":0,"s_id":0,"mst":9,"cp":516010,"mv":0,"rtype":0,"rurl":null,"publishTime":1408032000007,"tns":["更好的男人"]},{"name":"晴天","id":186016,"pst":0,"t":0,"ar":[{"id":6452,"name":"周杰伦","tns":[],"alias":[]}],"alia":[],"pop":100.0,"st":0,"rt":"600902000006889364","fee":0,"v":140,"crbt":"e93f07bd4132712ecec16f1a2eb473a6","cf":"","al":{"id":18905,"name":"叶惠美","picUrl":"http://p1.music.126.net/yjVbsgfNeF2h7fIvnxuZDQ==/18894007811887644.jpg","tns":[],"pic_str":"18894007811887644","pic":18894007811887644},"dt":269000,"h":{"br":320000,"fid":0,"size":10792855,"vd":-2.65076E-4},"m":{"br":160000,"fid":0,"size":5396480,"vd":-2.65076E-4},"l":{"br":96000,"fid":0,"size":3237930,"vd":-2.65076E-4},"a":null,"cd":"1","no":3,"rtUrl":null,"ftype":0,"rtUrls":[],"djId":0,"copyright":1,"s_id":0,"mst":9,"cp":1007,"mv":504177,"rtype":0,"rurl":null,"publishTime":1059580800000},{"name":"So:Lo","id":2872271,"pst":0,"t":0,"ar":[{"id":62899,"name":"Kate Havnevik","tns":[],"alias":[]}],"alia":[],"pop":100.0,"st":0,"rt":"","fee":8,"v":13,"crbt":null,"cf":"","al":{"id":290031,"name":"Melankton","picUrl":"http://p1.music.126.net/ZdAdMUDNVjGyCChxLlEAYg==/2312272953278181.jpg","tns":[],"pic":2312272953278181},"dt":183902,"h":{"br":320000,"fid":0,"size":7373735,"vd":-2.65076E-4},"m":{"br":160000,"fid":0,"size":3694650,"vd":0.0},"l":{"br":96000,"fid":0,"size":2223016,"vd":-2.65076E-4},"a":null,"cd":"1","no":13,"rtUrl":null,"ftype":0,"rtUrls":[],"djId":0,"copyright":1,"s_id":0,"mst":9,"cp":7003,"mv":0,"rtype":0,"rurl":null,"publishTime":1143993600007},{"name":"龙卷风","id":186160,"pst":0,"t":0,"ar":[{"id":6452,"name":"周杰伦","tns":[],"alias":[]}],"alia":[],"pop":100.0,"st":0,"rt":"600902000006889472","fee":0,"v":127,"crbt":"e93f07bd4132712e849cd9a7ec301155","cf":"","al":{"id":18918,"name":"Jay 同名专辑","picUrl":"http://p1.music.126.net/Gd-HAk9hKC85L0wNtfRs1g==/7946170535396804.jpg","tns":[],"pic":7946170535396804},"dt":250360,"h":{"br":320000,"fid":0,"size":10017536,"vd":-1.77},"m":{"br":160000,"fid":0,"size":5008819,"vd":-1.37},"l":{"br":96000,"fid":0,"size":3005332,"vd":-1.42},"a":null,"cd":"1","no":9,"rtUrl":null,"ftype":0,"rtUrls":[],"djId":0,"copyright":1,"s_id":0,"mst":9,"cp":1007,"mv":504988,"rtype":0,"rurl":null,"publishTime":973526400000},{"name":"Dream It Possible","id":38592976,"pst":0,"t":0,"ar":[{"id":489045,"name":"Delacey","tns":[],"alias":[]}],"alia":[],"pop":100.0,"st":0,"rt":null,"fee":0,"v":28,"crbt":null,"cf":"","al":{"id":3426477,"name":"Dream It Possible","picUrl":"http://p1.music.126.net/Gfq_eVuq7lgilBf0w1g5dg==/109951163088676710.jpg","tns":[],"pic_str":"109951163088676710","pic":109951163088676710},"dt":204042,"h":{"br":320000,"fid":0,"size":8163830,"vd":-3.54},"m":{"br":160000,"fid":0,"size":4081937,"vd":-3.12},"l":{"br":96000,"fid":0,"size":2449180,"vd":-3.12},"a":null,"cd":"1","no":1,"rtUrl":null,"ftype":0,"rtUrls":[],"djId":0,"copyright":0,"s_id":0,"mst":9,"cp":0,"mv":5439243,"rtype":0,"rurl":null,"publishTime":1449742259691},{"name":"看透以后（Cover 王梓钰）","id":481123735,"pst":0,"t":0,"ar":[{"id":12277185,"name":"锦零","tns":[],"alias":[]}],"alia":[],"pop":100.0,"st":0,"rt":null,"fee":0,"v":6,"crbt":null,"cf":"","al":{"id":35557815,"name":"看透以后","picUrl":"http://p1.music.126.net/ROGzbFR-9yKVytcxR_11XQ==/109951162936538245.jpg","tns":[],"pic_str":"109951162936538245","pic":109951162936538245},"dt":187559,"h":{"br":320000,"fid":0,"size":7504501,"vd":0.0},"m":{"br":192000,"fid":0,"size":4502718,"vd":0.0},"l":{"br":128000,"fid":0,"size":3001826,"vd":0.0},"a":null,"cd":"1","no":1,"rtUrl":null,"ftype":0,"rtUrls":[],"djId":0,"copyright":0,"s_id":0,"mst":9,"cp":0,"mv":0,"rtype":0,"rurl":null,"publishTime":1496030046925},{"name":"最初的记忆","id":479979440,"pst":0,"t":0,"ar":[{"id":9940,"name":"徐佳莹","tns":[],"alias":[]}],"alia":["电视剧《夏至未至》片尾曲"],"pop":100.0,"st":0,"rt":null,"fee":0,"v":23,"crbt":null,"cf":"","al":{"id":35644242,"name":"夏至未至 影视原声带","picUrl":"http://p1.music.126.net/ZZAQGWl9mR7g5xCyWWH3Pw==/19149094509535913.jpg","tns":[],"pic_str":"19149094509535913","pic":19149094509535913},"dt":256670,"h":{"br":320000,"fid":0,"size":10269301,"vd":0.383983},"m":{"br":160000,"fid":0,"size":5134673,"vd":0.581825},"l":{"br":96000,"fid":0,"size":3080822,"vd":0.0},"a":null,"cd":"1","no":2,"rtUrl":null,"ftype":0,"rtUrls":[],"djId":0,"copyright":0,"s_id":0,"mst":9,"cp":414012,"mv":5550019,"rtype":0,"rurl":null,"publishTime":1495814400007},{"name":"浪费","id":407002483,"pst":0,"t":0,"ar":[{"id":9940,"name":"徐佳莹","tns":[],"alias":[]}],"alia":["原唱 : 林宥嘉"],"pop":100.0,"st":0,"rt":null,"fee":8,"v":11,"crbt":null,"cf":"","al":{"id":34569090,"name":"我是歌手第四季 第10期","picUrl":"http://p1.music.126.net/6rRiJ_bBS-jOA-IwGUY9dw==/3422779700149849.jpg","tns":[],"pic":3422779700149849},"dt":328720,"h":{"br":320000,"fid":0,"size":13151128,"vd":-1.74},"m":{"br":160000,"fid":0,"size":6575586,"vd":-1.3},"l":{"br":96000,"fid":0,"size":3945369,"vd":-1.31},"a":null,"cd":"1","no":2,"rtUrl":null,"ftype":0,"rtUrls":[],"djId":0,"copyright":2,"s_id":0,"mst":9,"cp":404023,"mv":0,"rtype":0,"rurl":null,"publishTime":1458310618203},{"name":"岁月神偷","id":28285910,"pst":0,"t":0,"ar":[{"id":893259,"name":"金玟岐","tns":[],"alias":[]}],"alia":[],"pop":100.0,"st":0,"rt":"","fee":0,"v":140,"crbt":null,"cf":"","al":{"id":2767540,"name":"金玟岐作品集","picUrl":"http://p1.music.126.net/54wdQi_3rpjreY2oo2jb7w==/5998935441219557.jpg","tns":[],"pic":5998935441219557},"dt":162072,"h":null,"m":{"br":160000,"fid":0,"size":3242363,"vd":0.214968},"l":{"br":96000,"fid":0,"size":1945436,"vd":-2.65076E-4},"a":null,"cd":"1","no":2,"rtUrl":null,"ftype":0,"rtUrls":[],"djId":0,"copyright":2,"s_id":0,"mst":9,"cp":0,"mv":5917771,"rtype":0,"rurl":null,"publishTime":1393776000007},{"name":"喜帖街","id":308299,"pst":0,"t":0,"ar":[{"id":9952,"name":"谢安琪","tns":[],"alias":[]}],"alia":[],"pop":100.0,"st":0,"rt":"600902000006302718","fee":8,"v":32,"crbt":"32f2a034cad6d46c7ffd7fdcb6d09524","cf":"","al":{"id":30609,"name":"Binary","picUrl":"http://p1.music.126.net/Y6SrXnKMHZsJ5Kl2eWBgkA==/74766790706381.jpg","tns":[],"pic":74766790706381},"dt":211984,"h":{"br":320000,"fid":0,"size":8498376,"vd":-0.27},"m":{"br":160000,"fid":0,"size":4262883,"vd":-2.65076E-4},"l":{"br":96000,"fid":0,"size":2568268,"vd":-2.65076E-4},"a":null,"cd":"1","no":1,"rtUrl":null,"ftype":0,"rtUrls":[],"djId":0,"copyright":1,"s_id":0,"mst":9,"cp":7003,"mv":5307790,"rtype":0,"rurl":null,"publishTime":1216915200000},{"name":"刚刚好","id":415792881,"pst":0,"t":0,"ar":[{"id":5781,"name":"薛之谦","tns":[],"alias":[]}],"alia":[],"pop":100.0,"st":0,"rt":null,"fee":0,"v":17,"crbt":null,"cf":"","al":{"id":34780271,"name":"初学者","picUrl":"http://p1.music.126.net/hti_a0LADoFMBHvOBwAtRA==/1369991500930171.jpg","tns":[],"pic":1369991500930171},"dt":250482,"h":{"br":320000,"fid":0,"size":10021659,"vd":-0.41},"m":{"br":160000,"fid":0,"size":5010852,"vd":-2.65076E-4},"l":{"br":96000,"fid":0,"size":3006528,"vd":-0.02},"a":null,"cd":"1","no":2,"rtUrl":null,"ftype":0,"rtUrls":[],"djId":0,"copyright":0,"s_id":0,"mst":9,"cp":0,"mv":5302569,"rtype":0,"rurl":null,"publishTime":1465228800007},{"name":"风吹麦浪","id":110215,"pst":0,"t":0,"ar":[{"id":3695,"name":"李健","tns":[],"alias":[]}],"alia":[],"pop":100.0,"st":0,"rt":"600902000009492658","fee":0,"v":30,"crbt":"c7c2d6d37d65ed19ce715c004ea92c32","cf":"","al":{"id":10908,"name":"想念你","picUrl":"http://p1.music.126.net/GBZBuIdcki8Y-Cqg3djjYw==/558551906922181.jpg","tns":[],"pic":558551906922181},"dt":247546,"h":{"br":320000,"fid":0,"size":9904693,"vd":-0.98},"m":{"br":160000,"fid":0,"size":4952400,"vd":-0.54},"l":{"br":96000,"fid":0,"size":2971483,"vd":-0.55},"a":null,"cd":"1","no":2,"rtUrl":null,"ftype":0,"rtUrls":[],"djId":0,"copyright":2,"s_id":0,"mst":9,"cp":0,"mv":0,"rtype":0,"rurl":null,"publishTime":1175356800000},{"name":"身骑白马","id":306664,"pst":0,"t":0,"ar":[{"id":9940,"name":"徐佳莹","tns":[],"alias":[]}],"alia":[],"pop":100.0,"st":0,"rt":"600902000007958081","fee":8,"v":22,"crbt":"a7e603e0b2bb33d4d1ce6dae00141153","cf":"","al":{"id":30452,"name":"LaLa首张创作专辑","picUrl":"http://p1.music.126.net/jSLMqcE_Yq27rRKDNrRKcA==/109951163187407183.jpg","tns":[],"pic_str":"109951163187407183","pic":109951163187407183},"dt":313417,"h":{"br":320000,"fid":0,"size":12528335,"vd":-2.12},"m":{"br":160000,"fid":0,"size":6264695,"vd":-1.69},"l":{"br":96000,"fid":0,"size":3759239,"vd":-1.72},"a":null,"cd":"1","no":6,"rtUrl":null,"ftype":0,"rtUrls":[],"djId":0,"copyright":0,"s_id":0,"mst":9,"cp":14014,"mv":5324094,"rtype":0,"rurl":null,"publishTime":1243526400000},{"name":"不醉不会","id":401722038,"pst":0,"t":0,"ar":[{"id":9940,"name":"徐佳莹","tns":[],"alias":[]}],"alia":["原唱 : 田馥甄"],"pop":100.0,"st":0,"rt":null,"fee":8,"v":12,"crbt":null,"cf":"","al":{"id":34469022,"name":"我是歌手第四季 第3期","picUrl":"http://p1.music.126.net/rhNv0fi6rZLuECWGgdmDgw==/3430476281253871.jpg","tns":[],"pic":3430476281253871},"dt":252594,"h":{"br":320000,"fid":0,"size":10106296,"vd":-1.08},"m":{"br":160000,"fid":0,"size":5053170,"vd":-0.66},"l":{"br":96000,"fid":0,"size":3031919,"vd":-0.68},"a":null,"cd":"1","no":4,"rtUrl":null,"ftype":0,"rtUrls":[],"djId":0,"copyright":2,"s_id":0,"mst":9,"cp":404023,"mv":0,"rtype":0,"rurl":null,"publishTime":1453996800007},{"name":"寂寞沙洲冷","id":189688,"pst":0,"t":0,"ar":[{"id":6652,"name":"周传雄","tns":[],"alias":[]}],"alia":[],"pop":100.0,"st":0,"rt":"600902000005651425","fee":8,"v":103,"crbt":"c494b26921478bd7d091caa2db1f0634","cf":"","al":{"id":19174,"name":"星空下的传说","picUrl":"http://p1.music.126.net/OhROTnqfHSYA72_37p7nKA==/18876415625957693.jpg","tns":[],"pic_str":"18876415625957693","pic":18876415625957693},"dt":277656,"h":{"br":320000,"fid":0,"size":11117685,"vd":-2.24},"m":{"br":160000,"fid":0,"size":5569800,"vd":-1.8},"l":{"br":96000,"fid":0,"size":3350228,"vd":-1.84},"a":null,"cd":"1","no":3,"rtUrl":null,"ftype":0,"rtUrls":[],"djId":0,"copyright":1,"s_id":0,"mst":9,"cp":7003,"mv":5307845,"rtype":0,"rurl":null,"publishTime":1117555200000},{"name":"再见,再见","id":25706285,"pst":0,"t":0,"ar":[{"id":12977,"name":"逃跑计划","tns":[],"alias":[]}],"alia":[],"pop":100.0,"st":0,"rt":"","fee":0,"v":24,"crbt":null,"cf":"","al":{"id":2285010,"name":"世界","picUrl":"http://p1.music.126.net/d541jx7SqoDzVkenhmtg6g==/19193074974743620.jpg","tns":[],"pic_str":"19193074974743620","pic":19193074974743620},"dt":329000,"h":{"br":320000,"fid":0,"size":13182570,"vd":-0.18},"m":{"br":160000,"fid":0,"size":6591355,"vd":-2.65076E-4},"l":{"br":96000,"fid":0,"size":3954868,"vd":-2.65076E-4},"a":null,"cd":"1","no":10,"rtUrl":null,"ftype":0,"rtUrls":[],"djId":0,"copyright":1,"s_id":0,"mst":9,"cp":5003,"mv":0,"rtype":0,"rurl":null,"publishTime":1325347200007},{"name":"一万次悲伤","id":25706279,"pst":0,"t":0,"ar":[{"id":12977,"name":"逃跑计划","tns":[],"alias":[]}],"alia":[],"pop":100.0,"st":0,"rt":"600902000009535428","fee":0,"v":21,"crbt":null,"cf":"","al":{"id":2285010,"name":"世界","picUrl":"http://p1.music.126.net/d541jx7SqoDzVkenhmtg6g==/19193074974743620.jpg","tns":[],"pic_str":"19193074974743620","pic":19193074974743620},"dt":255555,"h":{"br":320000,"fid":0,"size":10253189,"vd":-1.9},"m":{"br":160000,"fid":0,"size":5141027,"vd":-1.55},"l":{"br":96000,"fid":0,"size":3096162,"vd":-1.58},"a":null,"cd":"1","no":4,"rtUrl":null,"ftype":0,"rtUrls":[],"djId":0,"copyright":1,"s_id":0,"mst":9,"cp":5003,"mv":0,"rtype":0,"rurl":null,"publishTime":1325347200007},{"name":"亲爱的，那不是爱情","id":326990,"pst":0,"t":0,"ar":[{"id":10562,"name":"张韶涵","tns":[],"alias":[]}],"alia":[],"pop":100.0,"st":0,"rt":"","fee":8,"v":82,"crbt":null,"cf":"","al":{"id":32350,"name":"Ang 5.0","picUrl":"http://p1.music.126.net/5o9k6SNlZ8l1AnArm0enrw==/18868719044514039.jpg","tns":[],"pic_str":"18868719044514039","pic":18868719044514039},"dt":256000,"h":{"br":320000,"fid":0,"size":10275659,"vd":0.0},"m":{"br":320000,"fid":0,"size":10275659,"vd":0.0},"l":{"br":128012,"fid":0,"size":4109372,"vd":0.0},"a":null,"cd":"1","no":3,"rtUrl":null,"ftype":0,"rtUrls":[],"djId":0,"copyright":2,"s_id":0,"mst":9,"cp":1011,"mv":395081,"rtype":0,"rurl":null,"publishTime":1197561600000},{"name":"轨迹","id":186010,"pst":0,"t":0,"ar":[{"id":6452,"name":"周杰伦","tns":[],"alias":[]}],"alia":[],"pop":100.0,"st":0,"rt":"600902000006889328","fee":0,"v":121,"crbt":"e93f07bd4132712e5f7c8ae758a69cdd","cf":"","al":{"id":18904,"name":"寻找周杰伦","picUrl":"http://p1.music.126.net/fvq0SpfXzZKgo8drc2KjOw==/51677046517811.jpg","tns":[],"pic":51677046517811},"dt":326000,"h":{"br":320000,"fid":0,"size":13077080,"vd":-1.62},"m":{"br":160000,"fid":0,"size":6538632,"vd":-1.21},"l":{"br":96000,"fid":0,"size":3923252,"vd":-1.23},"a":null,"cd":"1","no":1,"rtUrl":null,"ftype":0,"rtUrls":[],"djId":0,"copyright":1,"s_id":0,"mst":9,"cp":1007,"mv":509097,"rtype":0,"rurl":null,"publishTime":1067616000000},{"name":"易燃易爆炸","id":30431376,"pst":0,"t":0,"ar":[{"id":1007170,"name":"陈粒","tns":[],"alias":[]}],"alia":[],"pop":100.0,"st":0,"rt":null,"fee":8,"v":102,"crbt":null,"cf":"","al":{"id":3098832,"name":"如也","picUrl":"http://p1.music.126.net/VuJFMbXzpAProbJPoXLv7g==/7721870161993398.jpg","tns":[],"pic":7721870161993398},"dt":200348,"h":{"br":320000,"fid":0,"size":8018558,"vd":-0.66},"m":{"br":160000,"fid":0,"size":4009808,"vd":-0.21},"l":{"br":96000,"fid":0,"size":2406307,"vd":-0.21},"a":null,"cd":"1","no":8,"rtUrl":null,"ftype":0,"rtUrls":[],"djId":0,"copyright":2,"s_id":0,"mst":9,"cp":753020,"mv":462581,"rtype":0,"rurl":null,"publishTime":1422806400007},{"name":"词不达意","id":255858,"pst":0,"t":0,"ar":[{"id":8336,"name":"林忆莲","tns":[],"alias":[]}],"alia":[],"pop":100.0,"st":0,"rt":"600902000005475180","fee":8,"v":23,"crbt":"bf5af10ac61e7078913ea933a0bf53be","cf":"","al":{"id":25554,"name":"呼吸","picUrl":"http://p1.music.126.net/05Mc3MS9L-hQQhgQnWEttg==/19064432114268939.jpg","tns":[],"pic_str":"19064432114268939","pic":19064432114268939},"dt":266762,"h":{"br":320000,"fid":0,"size":10663192,"vd":-1.66},"m":{"br":160000,"fid":0,"size":5332124,"vd":-1.21},"l":{"br":96000,"fid":0,"size":3199696,"vd":-1.22},"a":null,"cd":"1","no":4,"rtUrl":null,"ftype":0,"rtUrls":[],"djId":0,"copyright":2,"s_id":0,"mst":9,"cp":13009,"mv":0,"rtype":0,"rurl":null,"publishTime":1154361600000},{"name":"阁楼","id":213791,"pst":0,"t":0,"ar":[{"id":7235,"name":"陈慧琳","tns":[],"alias":[]}],"alia":[],"pop":100.0,"st":0,"rt":"","fee":0,"v":10,"crbt":"23513ada14604e876d3aa3e156bbad55","cf":"","al":{"id":21651,"name":"Stylish Index","picUrl":"http://p1.music.126.net/aSjQYGqPPLEZVrXtDlJg9Q==/109951163200173101.jpg","tns":[],"pic_str":"109951163200173101","pic":109951163200173101},"dt":206498,"h":{"br":320000,"fid":0,"size":8290967,"vd":-2.54},"m":{"br":160000,"fid":0,"size":4164666,"vd":-2.1},"l":{"br":96000,"fid":0,"size":2513727,"vd":-2.14},"a":null,"cd":"1","no":10,"rtUrl":null,"ftype":0,"rtUrls":[],"djId":0,"copyright":1,"s_id":0,"mst":9,"cp":5003,"mv":0,"rtype":0,"rurl":null,"publishTime":1088611200000},{"name":"绿洲","id":306654,"pst":0,"t":0,"ar":[{"id":9940,"name":"徐佳莹","tns":[],"alias":[]}],"alia":[],"pop":100.0,"st":0,"rt":"600902000007958053","fee":0,"v":17,"crbt":"a7e603e0b2bb33d4f8fc111fdb2c0187","cf":"","al":{"id":30451,"name":"极限","picUrl":"http://p1.music.126.net/0yXDZfMmWORBqtF9sM-Ulg==/109951163187412003.jpg","tns":[],"pic_str":"109951163187412003","pic":109951163187412003},"dt":252082,"h":{"br":320000,"fid":0,"size":10095653,"vd":-0.3},"m":{"br":160000,"fid":0,"size":5057545,"vd":-2.65076E-4},"l":{"br":96000,"fid":0,"size":3042355,"vd":-2.65076E-4},"a":null,"cd":"1","no":6,"rtUrl":null,"ftype":0,"rtUrls":[],"djId":0,"copyright":0,"s_id":0,"mst":9,"cp":14014,"mv":5393844,"rtype":0,"rurl":null,"publishTime":1283443200000},{"name":"爱呀","id":28285912,"pst":0,"t":0,"ar":[{"id":893259,"name":"金玟岐","tns":[],"alias":[]}],"alia":[],"pop":100.0,"st":0,"rt":"","fee":0,"v":45,"crbt":null,"cf":"","al":{"id":2767540,"name":"金玟岐作品集","picUrl":"http://p1.music.126.net/54wdQi_3rpjreY2oo2jb7w==/5998935441219557.jpg","tns":[],"pic":5998935441219557},"dt":252648,"h":{"br":320000,"fid":0,"size":10108387,"vd":-1.18},"m":{"br":160000,"fid":0,"size":5054216,"vd":-0.74},"l":{"br":96000,"fid":0,"size":3032547,"vd":-0.76},"a":null,"cd":"1","no":3,"rtUrl":null,"ftype":0,"rtUrls":[],"djId":0,"copyright":2,"s_id":0,"mst":9,"cp":0,"mv":0,"rtype":0,"rurl":null,"publishTime":1393776000007},{"name":"小人物","id":30967791,"pst":0,"t":0,"ar":[{"id":893259,"name":"金玟岐","tns":[],"alias":[]}],"alia":[],"pop":90.0,"st":0,"rt":null,"fee":0,"v":13,"crbt":null,"cf":"","al":{"id":3107106,"name":"小人物","picUrl":"http://p1.music.126.net/QBFhaWyZG2sXco1SGc1ECw==/7771348185583776.jpg","tns":[],"pic":7771348185583776},"dt":253056,"h":null,"m":{"br":142000,"fid":0,"size":4522773,"vd":-1.04},"l":{"br":96000,"fid":0,"size":3038301,"vd":-0.55},"a":null,"cd":"1","no":1,"rtUrl":null,"ftype":0,"rtUrls":[],"djId":0,"copyright":0,"s_id":0,"mst":9,"cp":0,"mv":0,"rtype":0,"rurl":null,"publishTime":1426089600007},{"name":"其实，我就在你方圆几里（Cover 薛之谦）","id":437387277,"pst":0,"t":0,"ar":[{"id":12077204,"name":"陈壹千","tns":[],"alias":[]}],"alia":[],"pop":100.0,"st":0,"rt":"","fee":0,"v":8,"crbt":null,"cf":"","al":{"id":34936613,"name":"其实，我就在你方圆几里","picUrl":"http://p1.music.126.net/PPKrNBCs_vmD1invsLl0Kg==/18249693998290351.jpg","tns":[],"pic_str":"18249693998290351","pic":18249693998290351},"dt":241270,"h":{"br":320000,"fid":0,"size":9652811,"vd":-0.94},"m":{"br":160000,"fid":0,"size":4826428,"vd":-0.5},"l":{"br":96000,"fid":0,"size":2895875,"vd":-0.52},"a":null,"cd":"1","no":1,"rtUrl":null,"ftype":0,"rtUrls":[],"djId":0,"copyright":0,"s_id":0,"mst":9,"cp":0,"mv":0,"rtype":0,"rurl":null,"publishTime":1477447089040},{"name":"遗憾","id":25650033,"pst":0,"t":0,"ar":[{"id":4393,"name":"李代沫","tns":[],"alias":[]}],"alia":[],"pop":100.0,"st":0,"rt":"600902000009545148","fee":8,"v":18,"crbt":null,"cf":"","al":{"id":2266009,"name":"遗憾","picUrl":"http://p1.music.126.net/jEoJh6uUBsZCC_zncoPp2w==/938982930173076.jpg","tns":[],"pic":938982930173076},"dt":273888,"h":{"br":320000,"fid":0,"size":10983013,"vd":-2.65076E-4},"m":{"br":160000,"fid":0,"size":5505773,"vd":0.0},"l":{"br":96000,"fid":0,"size":3314477,"vd":-2.65076E-4},"a":null,"cd":"1","no":1,"rtUrl":null,"ftype":0,"rtUrls":[],"djId":0,"copyright":1,"s_id":0,"mst":9,"cp":21001,"mv":0,"rtype":0,"rurl":null,"publishTime":1356278400007},{"name":"来日方长","id":41634014,"pst":0,"t":0,"ar":[{"id":1198113,"name":"李上安","tns":[],"alias":[]}],"alia":[],"pop":100.0,"st":0,"rt":"","fee":8,"v":73,"crbt":null,"cf":"","al":{"id":34872970,"name":"秋千","picUrl":"http://p1.music.126.net/8JrYu0edGVkDqITQfA0cig==/109951162920511105.jpg","tns":[],"pic_str":"109951162920511105","pic":109951162920511105},"dt":275232,"h":{"br":320000,"fid":0,"size":11012223,"vd":-1.98},"m":{"br":160000,"fid":0,"size":5506134,"vd":-1.53},"l":{"br":96000,"fid":0,"size":3303698,"vd":-1.54},"a":null,"cd":"1","no":1,"rtUrl":null,"ftype":0,"rtUrls":[],"djId":0,"copyright":2,"s_id":0,"mst":9,"cp":0,"mv":0,"rtype":0,"rurl":null,"publishTime":1474131245897},{"name":"豆花之歌","id":30903283,"pst":0,"t":0,"ar":[{"id":126508,"name":"仙后","tns":[],"alias":[]}],"alia":[],"pop":100.0,"st":0,"rt":null,"fee":0,"v":693,"crbt":null,"cf":"","al":{"id":3102552,"name":"热门华语260","picUrl":"http://p1.music.126.net/J3VtOLW7ilNc0byWk37n3g==/3387595325986974.jpg","tns":[],"pic":3387595325986974},"dt":223791,"h":null,"m":{"br":128000,"fid":0,"size":3573770,"vd":4.32644},"l":{"br":96000,"fid":0,"size":2681218,"vd":3.94037},"a":null,"cd":"1","no":14,"rtUrl":null,"ftype":0,"rtUrls":[],"djId":0,"copyright":2,"s_id":0,"mst":9,"cp":0,"mv":0,"rtype":0,"rurl":null,"publishTime":1388505600004},{"name":"挥着翅膀的女孩","id":288121,"pst":0,"t":0,"ar":[{"id":9269,"name":"容祖儿","tns":[],"alias":[]}],"alia":[],"pop":85.0,"st":0,"rt":"600902000008877021","fee":0,"v":294,"crbt":"51dd4e04fec2ac15b53900ee4899d65a","cf":"","al":{"id":28586,"name":"我的骄傲","picUrl":"http://p1.music.126.net/k4qrUpJLrLBp62iUr-mH1g==/19235955928205673.jpg","tns":[],"pic_str":"19235955928205673","pic":19235955928205673},"dt":189026,"h":{"br":320000,"fid":0,"size":7564060,"vd":-1.0},"m":{"br":192000,"fid":0,"size":4538453,"vd":-1.0},"l":{"br":128000,"fid":0,"size":3025650,"vd":0.0},"a":null,"cd":"1","no":20,"rtUrl":null,"ftype":0,"rtUrls":[],"djId":0,"copyright":2,"s_id":0,"mst":9,"cp":1000,"mv":0,"rtype":0,"rurl":null,"publishTime":1046476800000},{"name":"思美人兮","id":473740555,"pst":0,"t":0,"ar":[{"id":893259,"name":"金玟岐","tns":[],"alias":[]}],"alia":["电视剧《思美人》插曲"],"pop":100.0,"st":0,"rt":null,"fee":0,"v":9,"crbt":null,"cf":"","al":{"id":35423146,"name":"思美人兮","picUrl":"http://p1.music.126.net/fovFRCn3-8kxUXubfN4IYg==/18876415625748787.jpg","tns":[],"pic_str":"18876415625748787","pic":18876415625748787},"dt":274894,"h":{"br":320000,"fid":0,"size":10998640,"vd":0.308672},"m":{"br":160000,"fid":0,"size":5499343,"vd":0.427312},"l":{"br":96000,"fid":0,"size":3299623,"vd":-2.65076E-4},"a":null,"cd":"1","no":0,"rtUrl":null,"ftype":0,"rtUrls":[],"djId":0,"copyright":0,"s_id":0,"mst":9,"cp":499012,"mv":0,"rtype":0,"rurl":null,"publishTime":1492704000007},{"name":"暧昧","id":471385043,"pst":0,"t":0,"ar":[{"id":5781,"name":"薛之谦","tns":[],"alias":[]}],"alia":[],"pop":100.0,"st":0,"rt":null,"fee":0,"v":29,"crbt":null,"cf":"","al":{"id":36855053,"name":"渡","picUrl":"http://p1.music.126.net/fNbj5uDwltSDLbETdnEYYQ==/109951163069265719.jpg","tns":[],"pic_str":"109951163069265719","pic":109951163069265719},"dt":312214,"h":{"br":320000,"fid":0,"size":12490754,"vd":0.0},"m":{"br":192000,"fid":0,"size":7494470,"vd":0.0},"l":{"br":128000,"fid":0,"size":4996328,"vd":0.0},"a":null,"cd":"","no":2,"rtUrl":null,"ftype":0,"rtUrls":[],"djId":0,"copyright":2,"s_id":0,"mst":9,"cp":14026,"mv":5541567,"rtype":0,"rurl":null,"publishTime":1491840000007},{"name":"靠近一点点（Cover 梁心颐）","id":460899486,"pst":0,"t":0,"ar":[{"id":12277185,"name":"锦零","tns":[],"alias":[]}],"alia":[],"pop":75.0,"st":0,"rt":null,"fee":0,"v":24,"crbt":null,"cf":"","al":{"id":35147140,"name":"zero","picUrl":"http://p1.music.126.net/TZkt5GadMjt9GH2uL-64Vg==/109951162868347838.jpg","tns":[],"pic_str":"109951162868347838","pic":109951162868347838},"dt":229239,"h":{"br":320000,"fid":0,"size":9179472,"vd":-2.65076E-4},"m":{"br":160000,"fid":0,"size":4589759,"vd":-2.65076E-4},"l":{"br":96000,"fid":0,"size":2753873,"vd":-2.65076E-4},"a":null,"cd":"1","no":5,"rtUrl":null,"ftype":0,"rtUrls":[],"djId":0,"copyright":2,"s_id":0,"mst":9,"cp":0,"mv":0,"rtype":0,"rurl":null,"publishTime":1485082117064},{"name":"看透以后","id":467599383,"pst":0,"t":0,"ar":[{"id":12174521,"name":"音阙诗听","tns":[],"alias":[]},{"id":12048239,"name":"王梓钰","tns":[],"alias":[]}],"alia":[],"pop":100.0,"st":0,"rt":null,"fee":8,"v":13,"crbt":null,"cf":"","al":{"id":35308022,"name":"看透以后","picUrl":"http://p1.music.126.net/CUH1JhfaN4K8zy_z4aLFkg==/109951162883906072.jpg","tns":[],"pic_str":"109951162883906072","pic":109951162883906072},"dt":187402,"h":{"br":320000,"fid":0,"size":7499276,"vd":-0.65},"m":{"br":160000,"fid":0,"size":3749661,"vd":-0.23},"l":{"br":96000,"fid":0,"size":2249814,"vd":-0.26},"a":null,"cd":"1","no":1,"rtUrl":null,"ftype":0,"rtUrls":[],"djId":0,"copyright":0,"s_id":0,"mst":9,"cp":724013,"mv":0,"rtype":0,"rurl":null,"publishTime":1490259098195},{"name":"说爱你（Cover 蔡依林）","id":476094483,"pst":0,"t":0,"ar":[{"id":12277185,"name":"锦零","tns":[],"alias":[]}],"alia":[],"pop":60.0,"st":0,"rt":null,"fee":0,"v":17,"crbt":null,"cf":"","al":{"id":35452352,"name":"少女心","picUrl":"http://p1.music.126.net/O5aMHax4d_5i-JOJOEW1gQ==/109951162919892277.jpg","tns":[],"pic_str":"109951162919892277","pic":109951162919892277},"dt":226446,"h":{"br":320000,"fid":0,"size":9067668,"vd":-7300.0},"m":{"br":192000,"fid":0,"size":5440618,"vd":-4700.0},"l":{"br":128000,"fid":0,"size":3627093,"vd":-3100.0},"a":null,"cd":"1","no":1,"rtUrl":null,"ftype":0,"rtUrls":[],"djId":0,"copyright":0,"s_id":0,"mst":9,"cp":0,"mv":0,"rtype":0,"rurl":null,"publishTime":1493700842827},{"name":"天地缓缓（Cover 伦桑）","id":479444056,"pst":0,"t":0,"ar":[{"id":12277185,"name":"锦零","tns":[],"alias":[]}],"alia":[],"pop":100.0,"st":0,"rt":null,"fee":0,"v":8,"crbt":null,"cf":"","al":{"id":35533304,"name":"天地缓缓","picUrl":"http://p1.music.126.net/IZO7BIlvDYfENdZScOmDfw==/109951162931296192.jpg","tns":[],"pic_str":"109951162931296192","pic":109951162931296192},"dt":296698,"h":{"br":320000,"fid":0,"size":11870085,"vd":0.0},"m":{"br":192000,"fid":0,"size":7122068,"vd":0.0},"l":{"br":128000,"fid":0,"size":4748060,"vd":0.0},"a":null,"cd":"1","no":1,"rtUrl":null,"ftype":0,"rtUrls":[],"djId":0,"copyright":0,"s_id":0,"mst":9,"cp":0,"mv":0,"rtype":0,"rurl":null,"publishTime":1495179263612}],"trackIds":[{"id":29722221,"v":92},{"id":445665094,"v":17},{"id":186149,"v":127},{"id":186002,"v":129},{"id":186055,"v":131},{"id":25653005,"v":126},{"id":186119,"v":135},{"id":185709,"v":133},{"id":418603077,"v":71},{"id":18638060,"v":32},{"id":482988471,"v":35},{"id":22463223,"v":44},{"id":28528718,"v":3},{"id":462900456,"v":123},{"id":1491585,"v":7},{"id":481853824,"v":3},{"id":186016,"v":140},{"id":2872271,"v":13},{"id":186160,"v":127},{"id":38592976,"v":28},{"id":481123735,"v":6},{"id":479979440,"v":23},{"id":407002483,"v":11},{"id":28285910,"v":140},{"id":308299,"v":32},{"id":415792881,"v":17},{"id":110215,"v":30},{"id":306664,"v":22},{"id":401722038,"v":12},{"id":189688,"v":103},{"id":25706285,"v":24},{"id":25706279,"v":21},{"id":326990,"v":82},{"id":186010,"v":121},{"id":30431376,"v":102},{"id":255858,"v":23},{"id":213791,"v":10},{"id":306654,"v":17},{"id":28285912,"v":45},{"id":30967791,"v":13},{"id":437387277,"v":8},{"id":25650033,"v":18},{"id":41634014,"v":73},{"id":30903283,"v":693},{"id":288121,"v":294},{"id":473740555,"v":9},{"id":471385043,"v":29},{"id":460899486,"v":24},{"id":467599383,"v":13},{"id":476094483,"v":17},{"id":479444056,"v":8}],"updateTime":1528345353920,"commentThreadId":"A_PL_0_741319283","specialType":0,"status":0,"playCount":119,"trackUpdateTime":1529680076414,"trackCount":51,"coverImgUrl":"http://p4.music.126.net/NegVOuTdtmDEkWJPxHxJ2A==/19195273997869161.jpg","privacy":0,"newImported":false,"highQuality":false,"ordered":true,"tags":["华语","流行","蓝调"],"subscribedCount":0,"userId":433761910,"coverImgId":19195273997869161,"createTime":1495873274499,"adType":0,"trackNumberUpdateTime":1528345353920,"cloudTrackCount":0,"description":"一个浪子喜欢的音乐。。。。。。。。。。。。。。。","name":"chigion","id":741319283,"shareCount":0,"coverImgId_str":"19195273997869161","commentCount":0},"code":200,"privileges":[{"id":29722221,"fee":0,"payed":0,"st":0,"pl":320000,"dl":320000,"sp":7,"cp":1,"subp":1,"cs":false,"maxbr":320000,"fl":320000,"toast":false,"flag":0,"preSell":false},{"id":445665094,"fee":8,"payed":0,"st":0,"pl":128000,"dl":0,"sp":7,"cp":1,"subp":1,"cs":false,"maxbr":999000,"fl":128000,"toast":false,"flag":2,"preSell":false},{"id":186149,"fee":0,"payed":0,"st":-200,"pl":0,"dl":0,"sp":0,"cp":0,"subp":0,"cs":false,"maxbr":999000,"fl":0,"toast":false,"flag":0,"preSell":false},{"id":186002,"fee":0,"payed":0,"st":-200,"pl":0,"dl":0,"sp":0,"cp":0,"subp":0,"cs":false,"maxbr":999000,"fl":0,"toast":false,"flag":0,"preSell":false},{"id":186055,"fee":0,"payed":0,"st":-200,"pl":0,"dl":0,"sp":0,"cp":0,"subp":0,"cs":false,"maxbr":999000,"fl":0,"toast":false,"flag":0,"preSell":false},{"id":25653005,"fee":0,"payed":0,"st":-200,"pl":0,"dl":0,"sp":0,"cp":0,"subp":0,"cs":false,"maxbr":999000,"fl":0,"toast":false,"flag":0,"preSell":false},{"id":186119,"fee":0,"payed":0,"st":-200,"pl":0,"dl":0,"sp":0,"cp":0,"subp":0,"cs":false,"maxbr":999000,"fl":0,"toast":false,"flag":0,"preSell":false},{"id":185709,"fee":0,"payed":0,"st":-200,"pl":0,"dl":0,"sp":0,"cp":0,"subp":0,"cs":false,"maxbr":999000,"fl":0,"toast":false,"flag":0,"preSell":false},{"id":418603077,"fee":0,"payed":0,"st":-200,"pl":0,"dl":0,"sp":0,"cp":0,"subp":0,"cs":false,"maxbr":999000,"fl":0,"toast":false,"flag":0,"preSell":false},{"id":18638060,"fee":8,"payed":0,"st":0,"pl":128000,"dl":0,"sp":7,"cp":1,"subp":1,"cs":false,"maxbr":999000,"fl":128000,"toast":false,"flag":4,"preSell":false},{"id":482988471,"fee":8,"payed":0,"st":0,"pl":128000,"dl":0,"sp":7,"cp":1,"subp":1,"cs":false,"maxbr":999000,"fl":128000,"toast":false,"flag":0,"preSell":false},{"id":22463223,"fee":8,"payed":0,"st":0,"pl":128000,"dl":0,"sp":7,"cp":1,"subp":1,"cs":false,"maxbr":320000,"fl":128000,"toast":false,"flag":0,"preSell":false},{"id":28528718,"fee":8,"payed":0,"st":0,"pl":128000,"dl":0,"sp":7,"cp":1,"subp":1,"cs":false,"maxbr":320000,"fl":128000,"toast":false,"flag":0,"preSell":false},{"id":462900456,"fee":0,"payed":0,"st":0,"pl":320000,"dl":320000,"sp":7,"cp":1,"subp":1,"cs":false,"maxbr":320000,"fl":320000,"toast":false,"flag":2,"preSell":false},{"id":1491585,"fee":0,"payed":0,"st":0,"pl":320000,"dl":320000,"sp":7,"cp":1,"subp":1,"cs":false,"maxbr":320000,"fl":320000,"toast":false,"flag":0,"preSell":false},{"id":481853824,"fee":0,"payed":0,"st":0,"pl":320000,"dl":320000,"sp":7,"cp":1,"subp":1,"cs":false,"maxbr":320000,"fl":320000,"toast":false,"flag":0,"preSell":false},{"id":186016,"fee":0,"payed":0,"st":-200,"pl":0,"dl":0,"sp":0,"cp":0,"subp":0,"cs":false,"maxbr":999000,"fl":0,"toast":false,"flag":0,"preSell":false},{"id":2872271,"fee":8,"payed":0,"st":0,"pl":128000,"dl":0,"sp":7,"cp":1,"subp":1,"cs":false,"maxbr":320000,"fl":128000,"toast":false,"flag":4,"preSell":false},{"id":186160,"fee":0,"payed":0,"st":-200,"pl":0,"dl":0,"sp":0,"cp":0,"subp":0,"cs":false,"maxbr":999000,"fl":0,"toast":false,"flag":0,"preSell":false},{"id":38592976,"fee":0,"payed":0,"st":0,"pl":320000,"dl":320000,"sp":7,"cp":1,"subp":1,"cs":false,"maxbr":320000,"fl":320000,"toast":false,"flag":0,"preSell":false},{"id":481123735,"fee":0,"payed":0,"st":0,"pl":320000,"dl":320000,"sp":7,"cp":1,"subp":1,"cs":false,"maxbr":320000,"fl":320000,"toast":false,"flag":0,"preSell":false},{"id":479979440,"fee":0,"payed":0,"st":0,"pl":320000,"dl":320000,"sp":7,"cp":1,"subp":1,"cs":false,"maxbr":999000,"fl":320000,"toast":false,"flag":0,"preSell":false},{"id":407002483,"fee":8,"payed":0,"st":0,"pl":128000,"dl":0,"sp":7,"cp":1,"subp":1,"cs":false,"maxbr":999000,"fl":128000,"toast":false,"flag":0,"preSell":false},{"id":28285910,"fee":0,"payed":0,"st":0,"pl":192000,"dl":192000,"sp":7,"cp":1,"subp":1,"cs":false,"maxbr":192000,"fl":320000,"toast":false,"flag":2,"preSell":false},{"id":308299,"fee":8,"payed":0,"st":0,"pl":128000,"dl":0,"sp":7,"cp":1,"subp":1,"cs":false,"maxbr":320000,"fl":128000,"toast":false,"flag":4,"preSell":false},{"id":415792881,"fee":0,"payed":0,"st":0,"pl":320000,"dl":320000,"sp":7,"cp":1,"subp":1,"cs":false,"maxbr":999000,"fl":320000,"toast":false,"flag":0,"preSell":false},{"id":110215,"fee":0,"payed":0,"st":-200,"pl":0,"dl":0,"sp":0,"cp":0,"subp":0,"cs":false,"maxbr":999000,"fl":0,"toast":false,"flag":0,"preSell":false},{"id":306664,"fee":8,"payed":0,"st":0,"pl":128000,"dl":0,"sp":7,"cp":1,"subp":1,"cs":false,"maxbr":320000,"fl":128000,"toast":false,"flag":0,"preSell":false},{"id":401722038,"fee":8,"payed":0,"st":0,"pl":128000,"dl":0,"sp":7,"cp":1,"subp":1,"cs":false,"maxbr":999000,"fl":128000,"toast":false,"flag":0,"preSell":false},{"id":189688,"fee":8,"payed":0,"st":0,"pl":128000,"dl":0,"sp":7,"cp":1,"subp":1,"cs":false,"maxbr":320000,"fl":128000,"toast":false,"flag":0,"preSell":false},{"id":25706285,"fee":0,"payed":0,"st":0,"pl":320000,"dl":320000,"sp":7,"cp":1,"subp":1,"cs":false,"maxbr":999000,"fl":320000,"toast":false,"flag":0,"preSell":false},{"id":25706279,"fee":0,"payed":0,"st":0,"pl":320000,"dl":320000,"sp":7,"cp":1,"subp":1,"cs":false,"maxbr":999000,"fl":320000,"toast":false,"flag":0,"preSell":false},{"id":326990,"fee":8,"payed":0,"st":0,"pl":128000,"dl":0,"sp":7,"cp":1,"subp":1,"cs":false,"maxbr":320000,"fl":128000,"toast":false,"flag":4,"preSell":false},{"id":186010,"fee":0,"payed":0,"st":-200,"pl":0,"dl":0,"sp":0,"cp":0,"subp":0,"cs":false,"maxbr":999000,"fl":0,"toast":false,"flag":0,"preSell":false},{"id":30431376,"fee":8,"payed":0,"st":0,"pl":128000,"dl":0,"sp":7,"cp":1,"subp":1,"cs":false,"maxbr":999000,"fl":128000,"toast":false,"flag":0,"preSell":false},{"id":255858,"fee":8,"payed":0,"st":0,"pl":128000,"dl":0,"sp":7,"cp":1,"subp":1,"cs":false,"maxbr":999000,"fl":128000,"toast":false,"flag":4,"preSell":false},{"id":213791,"fee":0,"payed":0,"st":0,"pl":320000,"dl":320000,"sp":7,"cp":1,"subp":1,"cs":false,"maxbr":320000,"fl":320000,"toast":false,"flag":0,"preSell":false},{"id":306654,"fee":0,"payed":0,"st":0,"pl":320000,"dl":320000,"sp":7,"cp":1,"subp":1,"cs":false,"maxbr":320000,"fl":320000,"toast":false,"flag":0,"preSell":false},{"id":28285912,"fee":0,"payed":0,"st":0,"pl":320000,"dl":320000,"sp":7,"cp":1,"subp":1,"cs":false,"maxbr":320000,"fl":320000,"toast":false,"flag":2,"preSell":false},{"id":30967791,"fee":0,"payed":0,"st":-200,"pl":0,"dl":0,"sp":0,"cp":0,"subp":0,"cs":false,"maxbr":128000,"fl":0,"toast":false,"flag":2,"preSell":false},{"id":437387277,"fee":0,"payed":0,"st":0,"pl":320000,"dl":320000,"sp":7,"cp":1,"subp":1,"cs":false,"maxbr":320000,"fl":320000,"toast":false,"flag":0,"preSell":false},{"id":25650033,"fee":8,"payed":0,"st":0,"pl":128000,"dl":0,"sp":7,"cp":1,"subp":1,"cs":false,"maxbr":320000,"fl":128000,"toast":false,"flag":0,"preSell":false},{"id":41634014,"fee":8,"payed":0,"st":0,"pl":128000,"dl":0,"sp":7,"cp":1,"subp":1,"cs":false,"maxbr":999000,"fl":128000,"toast":false,"flag":2,"preSell":false},{"id":30903283,"fee":0,"payed":0,"st":0,"pl":128000,"dl":128000,"sp":7,"cp":1,"subp":1,"cs":false,"maxbr":128000,"fl":320000,"toast":false,"flag":0,"preSell":false},{"id":288121,"fee":0,"payed":0,"st":-200,"pl":0,"dl":0,"sp":0,"cp":0,"subp":0,"cs":false,"maxbr":999000,"fl":0,"toast":false,"flag":0,"preSell":false},{"id":473740555,"fee":0,"payed":0,"st":0,"pl":320000,"dl":320000,"sp":7,"cp":1,"subp":1,"cs":false,"maxbr":999000,"fl":320000,"toast":false,"flag":0,"preSell":false},{"id":471385043,"fee":0,"payed":0,"st":0,"pl":320000,"dl":320000,"sp":7,"cp":1,"subp":1,"cs":false,"maxbr":999000,"fl":320000,"toast":false,"flag":0,"preSell":false},{"id":460899486,"fee":0,"payed":0,"st":-200,"pl":0,"dl":0,"sp":0,"cp":0,"subp":0,"cs":false,"maxbr":320000,"fl":0,"toast":false,"flag":0,"preSell":false},{"id":467599383,"fee":8,"payed":0,"st":0,"pl":128000,"dl":0,"sp":7,"cp":1,"subp":1,"cs":false,"maxbr":999000,"fl":128000,"toast":false,"flag":2,"preSell":false},{"id":476094483,"fee":0,"payed":0,"st":-200,"pl":0,"dl":0,"sp":0,"cp":0,"subp":0,"cs":false,"maxbr":320000,"fl":0,"toast":false,"flag":0,"preSell":false},{"id":479444056,"fee":0,"payed":0,"st":0,"pl":320000,"dl":320000,"sp":7,"cp":1,"subp":1,"cs":false,"maxbr":320000,"fl":320000,"toast":false,"flag":0,"preSell":false}]}