{"playlist":{"subscribers":[],"subscribed":false,"creator":{"defaultAvatar":false,"province":440000,"authStatus":1,"followed":false,"avatarUrl":"http://p1.music.126.net/ps6WTvt1FnbOoYvUPDdzOA==/3394192433248383.jpg","accountStatus":0,"gender":2,"city":440100,"birthday":1347033600000,"userId":201586,"userType":4,"nickname":"原创君","signature":"关注我，聆听更多有质感的原创音乐。点击专栏可浏览更多音乐人精彩专题和独家专访。想要成为网易音乐人？在云音乐网页版导航点击音乐人进入申请即可。","description":"","detailDescription":"","avatarImgId":3394192433248383,"backgroundImgId":7937374442360785,"backgroundUrl":"http://p1.music.126.net/usXO85HSDgqeEz3meiH6ow==/7937374442360785.jpg","authority":0,"mutual":false,"expertTags":null,"experts":null,"djStatus":0,"vipType":11,"remarkName":null,"avatarImgIdStr":"3394192433248383","backgroundImgIdStr":"7937374442360785"},"tracks":[{"name":"盗将行","id":574566207,"pst":0,"t":0,"ar":[{"id":8103,"name":"花粥","tns":[],"alias":[]},{"id":826336,"name":"马雨阳","tns":[],"alias":[]}],"alia":[],"pop":100.0,"st":0,"rt":null,"fee":0,"v":5,"crbt":null,"cf":"","al":{"id":39752444,"name":"粥请客（二）","picUrl":"http://p1.music.126.net/a1U7azl9lHF_1vZdJ8YYmA==/109951163366440346.jpg","tns":[],"pic_str":"109951163366440346","pic":109951163366440346},"dt":198126,"h":{"br":320000,"fid":0,"size":7927685,"vd":-2.0},"m":{"br":192000,"fid":0,"size":4756628,"vd":-2.0},"l":{"br":128000,"fid":0,"size":3171100,"vd":-2.0},"a":null,"cd":"","no":1,"rtUrl":null,"ftype":0,"rtUrls":[],"djId":0,"copyright":0,"s_id":0,"mst":9,"cp":0,"mv":0,"rtype":0,"rurl":null,"publishTime":1529366400000},{"name":"水之湄","id":863073353,"pst":0,"t":0,"ar":[{"id":13188,"name":"惘闻","tns":[],"alias":[]}],"alia":[],"pop":100.0,"st":0,"rt":null,"fee":0,"v":6,"crbt":null,"cf":"","al":{"id":71640411,"name":"水之湄","picUrl":"http://p1.music.126.net/_qCKxzgib9MLZnJmIskOFA==/109951163377124736.jpg","tns":[],"pic_str":"109951163377124736","pic":109951163377124736},"dt":377490,"h":{"br":320000,"fid":0,"size":15101954,"vd":-1.0},"m":{"br":192000,"fid":0,"size":9061190,"vd":-1.0},"l":{"br":128000,"fid":0,"size":6040808,"vd":-1.0},"a":null,"cd":"","no":3,"rtUrl":null,"ftype":0,"rtUrls":[],"djId":0,"copyright":0,"s_id":0,"mst":9,"cp":0,"mv":0,"rtype":0,"rurl":null,"publishTime":1530057600000},{"name":"没有过去的男人","id":862099540,"pst":0,"t":0,"ar":[{"id":6474,"name":"钟立风","tns":[],"alias":[]}],"alia":[],"pop":100.0,"st":0,"rt":null,"fee":0,"v":1,"crbt":null,"cf":"","al":{"id":71613770,"name":"没有过去的男人","picUrl":"http://p1.music.126.net/lJD0y_PP2Q4VPSUosEamLw==/109951163377776245.jpg","tns":[],"pic_str":"109951163377776245","pic":109951163377776245},"dt":257856,"h":{"br":320000,"fid":0,"size":10317366,"vd":-1.0},"m":{"br":192000,"fid":0,"size":6190437,"vd":-1.0},"l":{"br":128000,"fid":0,"size":4126973,"vd":-1.0},"a":null,"cd":"","no":0,"rtUrl":null,"ftype":0,"rtUrls":[],"djId":0,"copyright":0,"s_id":0,"mst":9,"cp":0,"mv":0,"rtype":0,"rurl":null,"publishTime":1530028800007},{"name":"我爱上班","id":573577504,"pst":0,"t":0,"ar":[{"id":787169,"name":"悬铃木","tns":[],"alias":[]}],"alia":[],"pop":100.0,"st":0,"rt":null,"fee":8,"v":1,"crbt":null,"cf":"","al":{"id":39720132,"name":"我爱上班","picUrl":"http://p1.music.126.net/GmmvNaFg5eAWulMrnLPojA==/109951163367045986.jpg","tns":[],"pic_str":"109951163367045986","pic":109951163367045986},"dt":250158,"h":{"br":320000,"fid":0,"size":10009121,"vd":-1.0},"m":{"br":192000,"fid":0,"size":6005490,"vd":0.0},"l":{"br":128000,"fid":0,"size":4003675,"vd":0.0},"a":null,"cd":"","no":1,"rtUrl":null,"ftype":0,"rtUrls":[],"djId":0,"copyright":1,"s_id":0,"mst":9,"cp":748010,"mv":0,"rtype":0,"rurl":null,"publishTime":1529510400007},{"name":"你住在我心里的原因","id":862100246,"pst":0,"t":0,"ar":[{"id":1195028,"name":"鹿先森乐队","tns":[],"alias":[]}],"alia":[],"pop":100.0,"st":0,"rt":null,"fee":8,"v":1,"crbt":null,"cf":"","al":{"id":71611699,"name":"你住在我心里的原因","picUrl":"http://p1.music.126.net/NPprP0R20nlMHfSJbBEWrw==/109951163375436591.jpg","tns":[],"pic_str":"109951163375436591","pic":109951163375436591},"dt":271419,"h":{"br":320000,"fid":0,"size":10859668,"vd":-2.0},"m":{"br":192000,"fid":0,"size":6515818,"vd":-2.0},"l":{"br":128000,"fid":0,"size":4343893,"vd":-2.0},"a":null,"cd":"","no":0,"rtUrl":null,"ftype":0,"rtUrls":[],"djId":0,"copyright":0,"s_id":0,"mst":9,"cp":36016,"mv":0,"rtype":0,"rurl":null,"publishTime":1529942400007},{"name":"撒呦娜啦","id":862098138,"pst":0,"t":0,"ar":[{"id":12050057,"name":"G.G(张思源)","tns":[],"alias":[]}],"alia":[],"pop":100.0,"st":0,"rt":null,"fee":8,"v":6,"crbt":null,"cf":"","al":{"id":71612669,"name":"撒呦娜啦","picUrl":"http://p1.music.126.net/BOJS5I1MUMoSvN80gbwAjA==/109951163370210671.jpg","tns":[],"pic_str":"109951163370210671","pic":109951163370210671},"dt":184615,"h":{"br":320000,"fid":0,"size":7387472,"vd":-1.0},"m":{"br":192000,"fid":0,"size":4432501,"vd":-1.0},"l":{"br":128000,"fid":0,"size":2955015,"vd":-1.0},"a":null,"cd":"","no":0,"rtUrl":null,"ftype":0,"rtUrls":[],"djId":0,"copyright":2,"s_id":0,"mst":9,"cp":760012,"mv":0,"rtype":0,"rurl":null,"publishTime":1529856000007},{"name":"无人幸免","id":862099109,"pst":0,"t":0,"ar":[{"id":10959,"name":"周子琰","tns":[],"alias":[]}],"alia":[],"pop":100.0,"st":0,"rt":null,"fee":8,"v":11,"crbt":null,"cf":"","al":{"id":71614653,"name":"无人幸免","picUrl":"http://p1.music.126.net/zgxG7tihVZ5Cmx6ScZQFQQ==/109951163370071210.jpg","tns":[],"pic_str":"109951163370071210","pic":109951163370071210},"dt":231126,"h":{"br":320000,"fid":0,"size":9247391,"vd":0.0},"m":{"br":192000,"fid":0,"size":5548452,"vd":0.0},"l":{"br":128000,"fid":0,"size":3698982,"vd":0.0},"a":null,"cd":"","no":1,"rtUrl":null,"ftype":0,"rtUrls":[],"djId":0,"copyright":2,"s_id":0,"mst":9,"cp":1369823,"mv":0,"rtype":0,"rurl":null,"publishTime":1529683200007},{"name":"古奈","id":574356336,"pst":0,"t":0,"ar":[{"id":12395708,"name":"MT1990","tns":[],"alias":[]},{"id":12185714,"name":"王欣宇","tns":[],"alias":[]}],"alia":[],"pop":100.0,"st":0,"rt":null,"fee":0,"v":4,"crbt":null,"cf":"","al":{"id":39754184,"name":"古奈","picUrl":"http://p1.music.126.net/G5w9zEGTEJcFFKT_J5wfQA==/109951163364335759.jpg","tns":[],"pic_str":"109951163364335759","pic":109951163364335759},"dt":263534,"h":{"br":320000,"fid":0,"size":10552468,"vd":0.0},"m":{"br":192000,"fid":0,"size":6331498,"vd":0.0},"l":{"br":128000,"fid":0,"size":4221013,"vd":0.0},"a":null,"cd":"","no":1,"rtUrl":null,"ftype":0,"rtUrls":[],"djId":0,"copyright":0,"s_id":0,"mst":9,"cp":0,"mv":0,"rtype":0,"rurl":null,"publishTime":1529251200000},{"name":"没有人知道的地方","id":862100230,"pst":0,"t":0,"ar":[{"id":1039007,"name":"卿卓茜 ","tns":[],"alias":[]}],"alia":[],"pop":100.0,"st":0,"rt":null,"fee":8,"v":5,"crbt":null,"cf":"","al":{"id":71612710,"name":"没有人知道的地方","picUrl":"http://p1.music.126.net/qQBAH5Yxlqbtnyzc9wZqQA==/109951163375236756.jpg","tns":[],"pic_str":"109951163375236756","pic":109951163375236756},"dt":225567,"h":{"br":320000,"fid":0,"size":9024827,"vd":0.0},"m":{"br":192000,"fid":0,"size":5414914,"vd":0.0},"l":{"br":128000,"fid":0,"size":3609957,"vd":0.0},"a":null,"cd":"","no":1,"rtUrl":null,"ftype":0,"rtUrls":[],"djId":0,"copyright":1,"s_id":0,"mst":9,"cp":748010,"mv":0,"rtype":0,"rurl":null,"publishTime":1529942400007},{"name":"一场烟火表演","id":571339484,"pst":0,"t":0,"ar":[{"id":10942,"name":"钟声","tns":[],"alias":[]}],"alia":[],"pop":100.0,"st":0,"rt":null,"fee":8,"v":7,"crbt":null,"cf":"","al":{"id":39592152,"name":"钟爱孤绝花","picUrl":"http://p1.music.126.net/E0u5IMKGuwTVkvotdQMWyQ==/109951163355061568.jpg","tns":[],"pic_str":"109951163355061568","pic":109951163355061568},"dt":249237,"h":{"br":320000,"fid":0,"size":9972550,"vd":-1.0},"m":{"br":192000,"fid":0,"size":5983547,"vd":0.0},"l":{"br":128000,"fid":0,"size":3989046,"vd":0.0},"a":null,"cd":"1","no":3,"rtUrl":null,"ftype":0,"rtUrls":[],"djId":0,"copyright":1,"s_id":0,"mst":9,"cp":748010,"mv":0,"rtype":0,"rurl":null,"publishTime":1528905600007},{"name":"Waiting For","id":573125026,"pst":0,"t":0,"ar":[{"id":1008034,"name":"鬼卞","tns":[],"alias":[]}],"alia":[],"pop":100.0,"st":0,"rt":null,"fee":8,"v":3,"crbt":null,"cf":"","al":{"id":39591273,"name":"Waiting For","picUrl":"http://p1.music.126.net/8QL660z5azCPqGTPgdSI8g==/109951163353384186.jpg","tns":[],"pic_str":"109951163353384186","pic":109951163353384186},"dt":196206,"h":{"br":320000,"fid":0,"size":7851407,"vd":0.0},"m":{"br":192000,"fid":0,"size":4710862,"vd":0.0},"l":{"br":128000,"fid":0,"size":3140589,"vd":0.0},"a":null,"cd":"","no":1,"rtUrl":null,"ftype":0,"rtUrls":[],"djId":0,"copyright":0,"s_id":0,"mst":9,"cp":0,"mv":0,"rtype":0,"rurl":null,"publishTime":1528992000007},{"name":"情书","id":571340696,"pst":0,"t":0,"ar":[{"id":12111,"name":"旅行团","tns":[],"alias":[]}],"alia":[],"pop":100.0,"st":0,"rt":null,"fee":8,"v":4,"crbt":null,"cf":"","al":{"id":39721088,"name":"感+","picUrl":"http://p1.music.126.net/R_gFfTD39ZBRKa4wzMdbwg==/109951163366984006.jpg","tns":["Sense+"],"pic_str":"109951163366984006","pic":109951163366984006},"dt":244040,"h":{"br":320000,"fid":0,"size":9764615,"vd":0.0},"m":{"br":192000,"fid":0,"size":5858786,"vd":0.0},"l":{"br":128000,"fid":0,"size":3905872,"vd":0.0},"a":null,"cd":"","no":5,"rtUrl":null,"ftype":0,"rtUrls":[],"djId":0,"copyright":0,"s_id":0,"mst":9,"cp":36016,"mv":0,"rtype":0,"rurl":null,"publishTime":1528819200007,"tns":["Wishes"]},{"name":"无条件爱你","id":574836444,"pst":0,"t":0,"ar":[{"id":1050216,"name":"爱星人","tns":[],"alias":[]}],"alia":[],"pop":100.0,"st":0,"rt":null,"fee":0,"v":5,"crbt":null,"cf":"","al":{"id":39745942,"name":"无条件爱你","picUrl":"http://p1.music.126.net/doektCw6nqMF7TXS4oKDnQ==/109951163368776024.jpg","tns":[],"pic_str":"109951163368776024","pic":109951163368776024},"dt":205836,"h":{"br":320000,"fid":0,"size":8235929,"vd":0.0},"m":{"br":192000,"fid":0,"size":4941575,"vd":0.0},"l":{"br":128000,"fid":0,"size":3294398,"vd":0.0},"a":null,"cd":"","no":1,"rtUrl":null,"ftype":0,"rtUrls":[],"djId":0,"copyright":0,"s_id":0,"mst":9,"cp":0,"mv":0,"rtype":0,"rurl":null,"publishTime":1529539200000},{"name":"卫星","id":574902382,"pst":0,"t":0,"ar":[{"id":1151026,"name":"瞿子千","tns":[],"alias":[]}],"alia":[],"pop":100.0,"st":0,"rt":null,"fee":8,"v":14,"crbt":null,"cf":"","al":{"id":39750970,"name":"卫星","picUrl":"http://p1.music.126.net/LVBH68KLRTUCcedyTWeEGg==/109951163369810328.jpg","tns":[],"pic_str":"109951163369810328","pic":109951163369810328},"dt":177600,"h":{"br":320000,"fid":0,"size":7106395,"vd":-1.0},"m":{"br":192000,"fid":0,"size":4263854,"vd":-1.0},"l":{"br":128000,"fid":0,"size":2842584,"vd":0.0},"a":null,"cd":"","no":1,"rtUrl":null,"ftype":0,"rtUrls":[],"djId":0,"copyright":0,"s_id":0,"mst":9,"cp":0,"mv":0,"rtype":0,"rurl":null,"publishTime":1529625600000},{"name":"海盗船长2.0","id":571601379,"pst":0,"t":0,"ar":[{"id":8103,"name":"花粥","tns":[],"alias":[]},{"id":1032016,"name":"风子","tns":[],"alias":[]}],"alia":[],"pop":100.0,"st":0,"rt":null,"fee":0,"v":3,"crbt":null,"cf":"","al":{"id":39517921,"name":"粥请客（一）","picUrl":"http://p1.music.126.net/OqfOJEOTevVEafeMRfpq5g==/109951163336170259.jpg","tns":[],"pic_str":"109951163336170259","pic":109951163336170259},"dt":287573,"h":{"br":320000,"fid":0,"size":11505415,"vd":-1.0},"m":{"br":192000,"fid":0,"size":6903266,"vd":-1.0},"l":{"br":128000,"fid":0,"size":4602192,"vd":-1.0},"a":null,"cd":"","no":1,"rtUrl":null,"ftype":0,"rtUrls":[],"djId":0,"copyright":0,"s_id":0,"mst":9,"cp":0,"mv":0,"rtype":0,"rurl":null,"publishTime":1528243200000},{"name":"我很好（雅歌&FUNMUSIC）","id":862443973,"pst":0,"t":0,"ar":[{"id":12099108,"name":"司徒骏文","tns":[],"alias":[]},{"id":12443574,"name":"FUN-MUSIC","tns":[],"alias":[]},{"id":861262,"name":"两西","tns":[],"alias":[]},{"id":12853403,"name":"蒲炫燃","tns":[],"alias":[]}],"alia":[],"pop":100.0,"st":0,"rt":null,"fee":0,"v":4,"crbt":null,"cf":"","al":{"id":71636815,"name":"我很好","picUrl":"http://p1.music.126.net/cnZyn1qrZ4AEwm35p45Lqw==/109951163372000019.jpg","tns":[],"pic_str":"109951163372000019","pic":109951163372000019},"dt":356728,"h":{"br":320000,"fid":0,"size":14271260,"vd":-1.0},"m":{"br":192000,"fid":0,"size":8562773,"vd":-1.0},"l":{"br":128000,"fid":0,"size":5708530,"vd":-1.0},"a":null,"cd":"","no":1,"rtUrl":null,"ftype":0,"rtUrls":[],"djId":0,"copyright":0,"s_id":0,"mst":9,"cp":0,"mv":0,"rtype":0,"rurl":null,"publishTime":1529712000000},{"name":"可能否","id":569214126,"pst":0,"t":0,"ar":[{"id":12037229,"name":"木小雅","tns":[],"alias":[]}],"alia":[],"pop":100.0,"st":0,"rt":null,"fee":8,"v":11,"crbt":null,"cf":"","al":{"id":39483016,"name":"可能否","picUrl":"http://p1.music.126.net/SJYnDay7wgewU3O7tPfmOQ==/109951163322541581.jpg","tns":[],"pic_str":"109951163322541581","pic":109951163322541581},"dt":227899,"h":{"br":320000,"fid":0,"size":9118868,"vd":0.0},"m":{"br":192000,"fid":0,"size":5471338,"vd":0.0},"l":{"br":128000,"fid":0,"size":3647573,"vd":0.0},"a":null,"cd":"","no":1,"rtUrl":null,"ftype":0,"rtUrls":[],"djId":0,"copyright":2,"s_id":0,"mst":9,"cp":748010,"mv":0,"rtype":0,"rurl":null,"publishTime":1527609600007},{"name":"往后余生","id":557584888,"pst":0,"t":0,"ar":[{"id":13609637,"name":"马良","tns":[],"alias":[]}],"alia":[],"pop":100.0,"st":0,"rt":null,"fee":8,"v":3,"crbt":null,"cf":"","al":{"id":38594296,"name":"往后余生","picUrl":"http://p1.music.126.net/VY-LfiQZZNjtDBHGmEu85A==/109951163300149472.jpg","tns":[],"pic_str":"109951163300149472","pic":109951163300149472},"dt":195925,"h":{"br":320000,"fid":0,"size":7839913,"vd":-1.0},"m":{"br":192000,"fid":0,"size":4703965,"vd":-1.0},"l":{"br":128000,"fid":0,"size":3135991,"vd":0.0},"a":null,"cd":"","no":0,"rtUrl":null,"ftype":0,"rtUrls":[],"djId":0,"copyright":2,"s_id":0,"mst":9,"cp":0,"mv":0,"rtype":0,"rurl":null,"publishTime":1526400000007},{"name":"给陌生的你听 ","id":562594322,"pst":0,"t":0,"ar":[{"id":12050057,"name":"G.G(张思源)","tns":[],"alias":[]}],"alia":[],"pop":100.0,"st":0,"rt":null,"fee":8,"v":5,"crbt":null,"cf":"","al":{"id":38983111,"name":"给陌生的你听 ","picUrl":"http://p1.music.126.net/LMPuItVrjn1Vi5c8vZZ90Q==/109951163309729098.jpg","tns":[],"pic_str":"109951163309729098","pic":109951163309729098},"dt":196407,"h":{"br":320000,"fid":0,"size":7858721,"vd":-1.0},"m":{"br":192000,"fid":0,"size":4715250,"vd":-1.0},"l":{"br":128000,"fid":0,"size":3143515,"vd":-1.0},"a":null,"cd":"","no":0,"rtUrl":null,"ftype":0,"rtUrls":[],"djId":0,"copyright":0,"s_id":0,"mst":9,"cp":760012,"mv":0,"rtype":0,"rurl":null,"publishTime":1526918400007},{"name":"余生无你","id":572028819,"pst":0,"t":0,"ar":[{"id":14115582,"name":"马喆","tns":[],"alias":[]}],"alia":[],"pop":100.0,"st":0,"rt":null,"fee":0,"v":8,"crbt":null,"cf":"","al":{"id":39622369,"name":"余生无你（Demo）","picUrl":"http://p1.music.126.net/gTC6ordHgi-FzICDGGWwNQ==/109951163339733334.jpg","tns":[],"pic_str":"109951163339733334","pic":109951163339733334},"dt":248030,"h":{"br":320000,"fid":0,"size":9923440,"vd":0.0},"m":{"br":192000,"fid":0,"size":5954081,"vd":0.0},"l":{"br":128000,"fid":0,"size":3969402,"vd":0.0},"a":null,"cd":"","no":1,"rtUrl":null,"ftype":0,"rtUrls":[],"djId":0,"copyright":2,"s_id":0,"mst":9,"cp":0,"mv":0,"rtype":0,"rurl":null,"publishTime":1528416000000},{"name":"房间 (新版)","id":562598081,"pst":0,"t":0,"ar":[{"id":840134,"name":"刘瑞琦","tns":[],"alias":[]}],"alia":["电影《超时空同居》插曲"],"pop":100.0,"st":0,"rt":null,"fee":0,"v":5,"crbt":null,"cf":"","al":{"id":38983034,"name":"房间 (新版)","picUrl":"http://p1.music.126.net/F5x7VgIRu_awduoWu2sDeA==/109951163302871673.jpg","tns":[],"pic_str":"109951163302871673","pic":109951163302871673},"dt":241904,"h":{"br":320000,"fid":0,"size":9678933,"vd":0.0},"m":{"br":192000,"fid":0,"size":5807377,"vd":0.0},"l":{"br":128000,"fid":0,"size":3871599,"vd":0.0},"a":null,"cd":"","no":1,"rtUrl":null,"ftype":0,"rtUrls":[],"djId":0,"copyright":0,"s_id":0,"mst":9,"cp":405024,"mv":5913083,"rtype":0,"rurl":null,"publishTime":1526572800007},{"name":"奴隶","id":534542490,"pst":0,"t":0,"ar":[{"id":784257,"name":"Jony J","tns":[],"alias":[]}],"alia":[],"pop":100.0,"st":0,"rt":null,"fee":8,"v":7,"crbt":null,"cf":"","al":{"id":37464169,"name":"奴隶","picUrl":"http://p1.music.126.net/Koc4vxzegvKVuemqnF8PNg==/109951163133082824.jpg","tns":[],"pic_str":"109951163133082824","pic":109951163133082824},"dt":191000,"h":{"br":320000,"fid":0,"size":7642427,"vd":-1.0},"m":{"br":192000,"fid":0,"size":4585474,"vd":-1.0},"l":{"br":128000,"fid":0,"size":3056997,"vd":-1.0},"a":null,"cd":"","no":0,"rtUrl":null,"ftype":0,"rtUrls":[],"djId":0,"copyright":2,"s_id":0,"mst":9,"cp":0,"mv":0,"rtype":0,"rurl":null,"publishTime":1517932800007},{"name":"故事外的人","id":862515525,"pst":0,"t":0,"ar":[{"id":12413,"name":"慕寒","tns":[],"alias":[]}],"alia":[],"pop":100.0,"st":0,"rt":null,"fee":0,"v":4,"crbt":null,"cf":"","al":{"id":71637911,"name":"故事外的人","picUrl":"http://p1.music.126.net/1rFY7bb4GRiZSdpyec4cKg==/109951163373014235.jpg","tns":[],"pic_str":"109951163373014235","pic":109951163373014235},"dt":288000,"h":{"br":320000,"fid":0,"size":11522133,"vd":0.0},"m":{"br":192000,"fid":0,"size":6913297,"vd":0.0},"l":{"br":128000,"fid":0,"size":4608879,"vd":0.0},"a":null,"cd":"","no":1,"rtUrl":null,"ftype":0,"rtUrls":[],"djId":0,"copyright":0,"s_id":0,"mst":9,"cp":0,"mv":0,"rtype":0,"rurl":null,"publishTime":1529798400000},{"name":"惊蛰","id":862099159,"pst":0,"t":0,"ar":[{"id":12174521,"name":"音阙诗听","tns":[],"alias":[]},{"id":12048239,"name":"王梓钰","tns":[],"alias":[]}],"alia":[],"pop":100.0,"st":0,"rt":null,"fee":8,"v":1,"crbt":null,"cf":"","al":{"id":71611669,"name":"惊蛰","picUrl":"http://p1.music.126.net/5MmXpaP9r88tNzExPGMI8Q==/109951163370350985.jpg","tns":[],"pic_str":"109951163370350985","pic":109951163370350985},"dt":241967,"h":{"br":320000,"fid":0,"size":9681023,"vd":-3.0},"m":{"br":192000,"fid":0,"size":5808631,"vd":-2.0},"l":{"br":128000,"fid":0,"size":3872435,"vd":-2.0},"a":null,"cd":"","no":1,"rtUrl":null,"ftype":0,"rtUrls":[],"djId":0,"copyright":0,"s_id":0,"mst":9,"cp":733010,"mv":0,"rtype":0,"rurl":null,"publishTime":1529856000007},{"name":"双子","id":557581095,"pst":0,"t":0,"ar":[{"id":1197168,"name":"徐秉龙","tns":[],"alias":[]}],"alia":[],"pop":100.0,"st":0,"rt":null,"fee":8,"v":1,"crbt":null,"cf":"","al":{"id":38592047,"name":"双子","picUrl":"http://p1.music.126.net/8OzHoLnmHswMzQgxmXczmg==/109951163287182565.jpg","tns":[],"pic_str":"109951163287182565","pic":109951163287182565},"dt":230933,"h":{"br":320000,"fid":0,"size":9240076,"vd":0.0},"m":{"br":192000,"fid":0,"size":5544063,"vd":0.0},"l":{"br":128000,"fid":0,"size":3696057,"vd":0.0},"a":null,"cd":"","no":0,"rtUrl":null,"ftype":0,"rtUrls":[],"djId":0,"copyright":0,"s_id":0,"mst":9,"cp":0,"mv":0,"rtype":0,"rurl":null,"publishTime":1525708800007},{"name":"醒着醉","id":571338083,"pst":0,"t":0,"ar":[{"id":13609637,"name":"马良","tns":[],"alias":[]}],"alia":[],"pop":100.0,"st":0,"rt":null,"fee":8,"v":1,"crbt":null,"cf":"","al":{"id":39591023,"name":"醒着醉","picUrl":"http://p1.music.126.net/g-tbzhZCU2opvigyB2g_Qg==/109951163334448121.jpg","tns":[],"pic_str":"109951163334448121","pic":109951163334448121},"dt":228864,"h":{"br":320000,"fid":0,"size":9157529,"vd":0.0},"m":{"br":192000,"fid":0,"size":5494535,"vd":0.0},"l":{"br":128000,"fid":0,"size":3663038,"vd":0.0},"a":null,"cd":"","no":0,"rtUrl":null,"ftype":0,"rtUrls":[],"djId":0,"copyright":0,"s_id":0,"mst":9,"cp":0,"mv":0,"rtype":0,"rurl":null,"publishTime":1528214400007},{"name":"你是我最愚蠢的一次浪漫","id":502103677,"pst":0,"t":0,"ar":[{"id":1050282,"name":"房东的猫","tns":[],"alias":[]}],"alia":[],"pop":100.0,"st":0,"rt":null,"fee":8,"v":23,"crbt":null,"cf":"","al":{"id":37989114,"name":"柔软","picUrl":"http://p1.music.126.net/oKH5VQ-uXbV94wSUuWVJ9w==/109951163204748231.jpg","tns":[],"pic_str":"109951163204748231","pic":109951163204748231},"dt":212465,"h":{"br":320000,"fid":0,"size":8501333,"vd":-2.0},"m":{"br":192000,"fid":0,"size":5100817,"vd":-2.0},"l":{"br":128000,"fid":0,"size":3400559,"vd":-2.0},"a":null,"cd":"1","no":7,"rtUrl":null,"ftype":0,"rtUrls":[],"djId":0,"copyright":2,"s_id":0,"mst":9,"cp":0,"mv":0,"rtype":0,"rurl":null,"publishTime":1522512000007},{"name":"Light of Wind","id":574790678,"pst":0,"t":0,"ar":[{"id":1138023,"name":"Gale Marshall","tns":[],"alias":[]}],"alia":[],"pop":85.0,"st":0,"rt":null,"fee":8,"v":6,"crbt":null,"cf":"","al":{"id":39754646,"name":"Light of Wind","picUrl":"http://p1.music.126.net/nKNuDJjEnIF-riXt9qIKXg==/109951163368323695.jpg","tns":[],"pic_str":"109951163368323695","pic":109951163368323695},"dt":401188,"h":{"br":320000,"fid":0,"size":16049676,"vd":-1.0},"m":{"br":192000,"fid":0,"size":9629823,"vd":0.0},"l":{"br":128000,"fid":0,"size":6419897,"vd":0.0},"a":null,"cd":"","no":1,"rtUrl":null,"ftype":0,"rtUrls":[],"djId":0,"copyright":0,"s_id":0,"mst":9,"cp":0,"mv":0,"rtype":0,"rurl":null,"publishTime":1529510400000},{"name":"云舒","id":574335388,"pst":0,"t":0,"ar":[{"id":3249,"name":"河图","tns":[],"alias":[]}],"alia":[],"pop":100.0,"st":0,"rt":null,"fee":0,"v":4,"crbt":null,"cf":"","al":{"id":39742305,"name":"云舒","picUrl":"http://p1.music.126.net/_3yCwoLWzz69v2ZO6fQL3g==/109951163364141637.jpg","tns":[],"pic_str":"109951163364141637","pic":109951163364141637},"dt":246671,"h":{"br":320000,"fid":0,"size":9877464,"vd":0.0},"m":{"br":192000,"fid":0,"size":5926496,"vd":0.0},"l":{"br":128000,"fid":0,"size":3951012,"vd":0.0},"a":null,"cd":"","no":1,"rtUrl":null,"ftype":0,"rtUrls":[],"djId":0,"copyright":0,"s_id":0,"mst":9,"cp":0,"mv":0,"rtype":0,"rurl":null,"publishTime":1529251200000},{"name":"暴风雨","id":536622918,"pst":0,"t":0,"ar":[{"id":12002201,"name":"Higher Brothers","tns":[],"alias":[]},{"id":12200029,"name":"HARIKIRI","tns":[],"alias":[]}],"alia":["Storm"],"pop":100.0,"st":0,"rt":null,"fee":8,"v":6,"crbt":null,"cf":"","al":{"id":37577194,"name":"Type-3","picUrl":"http://p1.music.126.net/IJ6knfb-NsIRYZJjGRDecA==/109951163165736088.jpg","tns":[],"pic_str":"109951163165736088","pic":109951163165736088},"dt":158785,"h":{"br":320000,"fid":0,"size":6354068,"vd":0.0},"m":{"br":192000,"fid":0,"size":3812458,"vd":0.0},"l":{"br":128000,"fid":0,"size":2541653,"vd":0.0},"a":null,"cd":"","no":3,"rtUrl":null,"ftype":0,"rtUrls":[],"djId":0,"copyright":0,"s_id":0,"mst":9,"cp":722012,"mv":5907160,"rtype":0,"rurl":null,"publishTime":1519660800007},{"name":"WHERE ARE YOU","id":574482094,"pst":0,"t":0,"ar":[{"id":12027337,"name":"许任一","tns":[],"alias":[]}],"alia":[],"pop":100.0,"st":0,"rt":null,"fee":8,"v":9,"crbt":null,"cf":"","al":{"id":39745468,"name":"WHERE ARE YOU","picUrl":"http://p1.music.126.net/2O3VVnBlIn5peHMjPOPuXg==/109951163365390796.jpg","tns":[],"pic_str":"109951163365390796","pic":109951163365390796},"dt":235103,"h":{"br":320000,"fid":0,"size":9407260,"vd":-2.0},"m":{"br":192000,"fid":0,"size":5644373,"vd":-2.0},"l":{"br":128000,"fid":0,"size":3762930,"vd":-2.0},"a":null,"cd":"","no":1,"rtUrl":null,"ftype":0,"rtUrls":[],"djId":0,"copyright":2,"s_id":0,"mst":9,"cp":0,"mv":0,"rtype":0,"rurl":null,"publishTime":1529424000000},{"name":"Sons of Summer (夏日之子）","id":562019339,"pst":0,"t":0,"ar":[{"id":1081579,"name":"黄雨篱","tns":[],"alias":[]},{"id":12327111,"name":"GUXIANG","tns":[],"alias":[]}],"alia":[],"pop":100.0,"st":0,"rt":null,"fee":0,"v":9,"crbt":null,"cf":"","al":{"id":38796254,"name":"Sons of Summer","picUrl":"http://p1.music.126.net/D4e7d8qYH5l74uHOwVluXw==/109951163300300107.jpg","tns":[],"pic_str":"109951163300300107","pic":109951163300300107},"dt":183225,"h":{"br":320000,"fid":0,"size":7332093,"vd":-3.0},"m":{"br":192000,"fid":0,"size":4399273,"vd":-3.0},"l":{"br":128000,"fid":0,"size":2932863,"vd":-2.0},"a":null,"cd":"","no":1,"rtUrl":null,"ftype":0,"rtUrls":[],"djId":0,"copyright":0,"s_id":0,"mst":9,"cp":0,"mv":0,"rtype":0,"rurl":null,"publishTime":1526313600000},{"name":"只要你在","id":862099055,"pst":0,"t":0,"ar":[{"id":12108537,"name":"庆庆","tns":[],"alias":[]}],"alia":[],"pop":100.0,"st":0,"rt":null,"fee":0,"v":1,"crbt":null,"cf":"","al":{"id":71613628,"name":"只要你在","picUrl":"http://p1.music.126.net/wkrvG81_EcoMVqesB4yKKQ==/109951163368725799.jpg","tns":[],"pic_str":"109951163368725799","pic":109951163368725799},"dt":275652,"h":{"br":320000,"fid":0,"size":11028942,"vd":-1.0},"m":{"br":192000,"fid":0,"size":6617382,"vd":-1.0},"l":{"br":128000,"fid":0,"size":4411603,"vd":0.0},"a":null,"cd":"","no":0,"rtUrl":null,"ftype":0,"rtUrls":[],"djId":0,"copyright":0,"s_id":0,"mst":9,"cp":465011,"mv":0,"rtype":0,"rurl":null,"publishTime":1529596800007},{"name":"几乎成名","id":556207070,"pst":0,"t":0,"ar":[{"id":1204010,"name":"Tizzy T","tns":[],"alias":[]}],"alia":[],"pop":100.0,"st":0,"rt":null,"fee":0,"v":3,"crbt":null,"cf":"","al":{"id":38529036,"name":"几乎成名","picUrl":"http://p1.music.126.net/GVoaDzSKCQFy5Ome-0AmGw==/109951163278784250.jpg","tns":[],"pic_str":"109951163278784250","pic":109951163278784250},"dt":214885,"h":{"br":320000,"fid":0,"size":8598509,"vd":0.0},"m":{"br":192000,"fid":0,"size":5159123,"vd":0.0},"l":{"br":128000,"fid":0,"size":3439430,"vd":0.0},"a":null,"cd":"","no":0,"rtUrl":null,"ftype":0,"rtUrls":[],"djId":0,"copyright":0,"s_id":0,"mst":9,"cp":22036,"mv":5903046,"rtype":0,"rurl":null,"publishTime":1525276800007},{"name":"Mask Off (Original Mix)","id":574899382,"pst":0,"t":0,"ar":[{"id":1143039,"name":"Lemonova","tns":[],"alias":[]}],"alia":[],"pop":75.0,"st":0,"rt":null,"fee":8,"v":6,"crbt":null,"cf":"","al":{"id":39754825,"name":"Mask Off","picUrl":"http://p1.music.126.net/dlGBTUOzS6nnE4Vsu049Zg==/109951163369792734.jpg","tns":[],"pic_str":"109951163369792734","pic":109951163369792734},"dt":250585,"h":{"br":320000,"fid":0,"size":10025840,"vd":-4.0},"m":{"br":192000,"fid":0,"size":6015521,"vd":-3.0},"l":{"br":128000,"fid":0,"size":4010362,"vd":-3.0},"a":null,"cd":"","no":1,"rtUrl":null,"ftype":0,"rtUrls":[],"djId":0,"copyright":0,"s_id":0,"mst":9,"cp":0,"mv":0,"rtype":0,"rurl":null,"publishTime":1529625600000},{"name":"拥抱","id":546723152,"pst":0,"t":0,"ar":[{"id":1197168,"name":"徐秉龙","tns":[],"alias":[]}],"alia":[],"pop":100.0,"st":0,"rt":null,"fee":8,"v":4,"crbt":null,"cf":"","al":{"id":37987043,"name":"拥抱","picUrl":"http://p1.music.126.net/YbK78l9n6AWSQwqIKP2iDA==/109951163200203679.jpg","tns":[],"pic_str":"109951163200203679","pic":109951163200203679},"dt":185789,"h":{"br":320000,"fid":0,"size":7434493,"vd":-2.0},"m":{"br":192000,"fid":0,"size":4460713,"vd":-2.0},"l":{"br":128000,"fid":0,"size":2973823,"vd":-2.0},"a":null,"cd":"","no":1,"rtUrl":null,"ftype":0,"rtUrls":[],"djId":0,"copyright":0,"s_id":0,"mst":9,"cp":0,"mv":0,"rtype":0,"rurl":null,"publishTime":1521648000007},{"name":"你知道，都会好的","id":862653292,"pst":0,"t":0,"ar":[{"id":792162,"name":"M80","tns":[],"alias":[]}],"alia":[],"pop":100.0,"st":0,"rt":null,"fee":0,"v":4,"crbt":null,"cf":"","al":{"id":71638998,"name":"你知道，都会好的","picUrl":"http://p1.music.126.net/uw1FFQBwr28yMAanSn-uLw==/109951163373859033.jpg","tns":[],"pic_str":"109951163373859033","pic":109951163373859033},"dt":233063,"h":{"br":320000,"fid":0,"size":9324713,"vd":0.0},"m":{"br":192000,"fid":0,"size":5594845,"vd":0.0},"l":{"br":128000,"fid":0,"size":3729911,"vd":0.0},"a":null,"cd":"","no":1,"rtUrl":null,"ftype":0,"rtUrls":[],"djId":0,"copyright":0,"s_id":0,"mst":9,"cp":0,"mv":0,"rtype":0,"rurl":null,"publishTime":1529798400000},{"name":"98K","id":534831764,"pst":0,"t":0,"ar":[{"id":12027366,"name":"Dr.Ethan","tns":[],"alias":[]}],"alia":[],"pop":100.0,"st":0,"rt":null,"fee":0,"v":6,"crbt":null,"cf":"","al":{"id":37436592,"name":"98K","picUrl":"http://p1.music.126.net/zR8nrfgJ6WhH4sgufGCOyw==/109951163128096261.jpg","tns":[],"pic_str":"109951163128096261","pic":109951163128096261},"dt":219189,"h":{"br":320000,"fid":0,"size":8769872,"vd":-1.0},"m":{"br":192000,"fid":0,"size":5261941,"vd":-1.0},"l":{"br":128000,"fid":0,"size":3507975,"vd":-1.0},"a":null,"cd":"","no":1,"rtUrl":null,"ftype":0,"rtUrls":[],"djId":0,"copyright":0,"s_id":0,"mst":9,"cp":0,"mv":0,"rtype":0,"rurl":null,"publishTime":1517500800000},{"name":"如常","id":544713530,"pst":0,"t":0,"ar":[{"id":1050282,"name":"房东的猫","tns":[],"alias":[]}],"alia":[],"pop":100.0,"st":0,"rt":null,"fee":8,"v":19,"crbt":null,"cf":"","al":{"id":37989114,"name":"柔软","picUrl":"http://p1.music.126.net/oKH5VQ-uXbV94wSUuWVJ9w==/109951163204748231.jpg","tns":[],"pic_str":"109951163204748231","pic":109951163204748231},"dt":349797,"h":{"br":320000,"fid":0,"size":13994362,"vd":0.0},"m":{"br":192000,"fid":0,"size":8396635,"vd":0.0},"l":{"br":128000,"fid":0,"size":5597771,"vd":0.0},"a":null,"cd":"1","no":3,"rtUrl":null,"ftype":0,"rtUrls":[],"djId":0,"copyright":2,"s_id":0,"mst":9,"cp":0,"mv":0,"rtype":0,"rurl":null,"publishTime":1522512000007},{"name":"玻璃糖","id":536624791,"pst":0,"t":0,"ar":[{"id":1142042,"name":"徐梦圆","tns":[],"alias":[]},{"id":12107534,"name":"冯提莫","tns":[],"alias":[]}],"alia":[],"pop":100.0,"st":0,"rt":null,"fee":8,"v":11,"crbt":null,"cf":"","al":{"id":37869047,"name":"徐梦圆 同名专辑","picUrl":"http://p1.music.126.net/9cySfhHshoKksSkAxwVVqw==/109951163175751210.jpg","tns":[],"pic_str":"109951163175751210","pic":109951163175751210},"dt":225646,"h":{"br":320000,"fid":0,"size":9029007,"vd":-2.0},"m":{"br":192000,"fid":0,"size":5417422,"vd":-2.0},"l":{"br":128000,"fid":0,"size":3611629,"vd":-1.0},"a":null,"cd":"","no":4,"rtUrl":null,"ftype":0,"rtUrls":[],"djId":0,"copyright":0,"s_id":0,"mst":9,"cp":462012,"mv":0,"rtype":0,"rurl":null,"publishTime":1519660800007},{"name":"马步谣","id":531040898,"pst":0,"t":0,"ar":[{"id":12025552,"name":"双笙","tns":[],"alias":[]}],"alia":["手游《楚留香》宣传曲"],"pop":100.0,"st":0,"rt":null,"fee":0,"v":9,"crbt":null,"cf":"","al":{"id":37251616,"name":"马步谣","picUrl":"http://p1.music.126.net/x5hyKGsC3YUC38dkk7d73w==/109951163116870505.jpg","tns":[],"pic_str":"109951163116870505","pic":109951163116870505},"dt":271250,"h":{"br":320000,"fid":0,"size":10852354,"vd":-2.0},"m":{"br":192000,"fid":0,"size":6511430,"vd":-1.0},"l":{"br":128000,"fid":0,"size":4340968,"vd":-1.0},"a":null,"cd":"","no":0,"rtUrl":null,"ftype":0,"rtUrls":[],"djId":0,"copyright":0,"s_id":0,"mst":9,"cp":666016,"mv":5810345,"rtype":0,"rurl":null,"publishTime":1516809600007},{"name":"心生七面 善恶难辨","id":566261001,"pst":0,"t":0,"ar":[{"id":1056002,"name":"三无MarBlue","tns":[],"alias":[]}],"alia":["阴阳师面灵气同人曲"],"pop":100.0,"st":0,"rt":null,"fee":0,"v":5,"crbt":null,"cf":"","al":{"id":39111973,"name":"心生七面 善恶难辨","picUrl":"http://p1.music.126.net/5RzaEbrKYSwYg7eu_5orKg==/109951163312444084.jpg","tns":[],"pic_str":"109951163312444084","pic":109951163312444084},"dt":214478,"h":{"br":320000,"fid":0,"size":8581791,"vd":-2.0},"m":{"br":192000,"fid":0,"size":5149092,"vd":-2.0},"l":{"br":128000,"fid":0,"size":3432742,"vd":-2.0},"a":null,"cd":"","no":1,"rtUrl":null,"ftype":0,"rtUrls":[],"djId":0,"copyright":0,"s_id":0,"mst":9,"cp":0,"mv":0,"rtype":0,"rurl":null,"publishTime":1527004800000},{"name":"一棵会开花的树","id":562597293,"pst":0,"t":0,"ar":[{"id":1039895,"name":"谢春花","tns":[],"alias":[]}],"alia":[],"pop":100.0,"st":0,"rt":null,"fee":0,"v":107,"crbt":null,"cf":"","al":{"id":38983072,"name":"点心","picUrl":"http://p1.music.126.net/bbQqsr9hvVPTpDVmqnPaUw==/109951163345567967.jpg","tns":[],"pic_str":"109951163345567967","pic":109951163345567967},"dt":195853,"h":{"br":320000,"fid":0,"size":7836778,"vd":-2.0},"m":{"br":192000,"fid":0,"size":4702084,"vd":-2.0},"l":{"br":128000,"fid":0,"size":3134737,"vd":-2.0},"a":null,"cd":"","no":8,"rtUrl":null,"ftype":0,"rtUrls":[],"djId":0,"copyright":2,"s_id":0,"mst":9,"cp":743011,"mv":0,"rtype":0,"rurl":null,"publishTime":1528732800007},{"name":"只想要你知道","id":543138663,"pst":0,"t":0,"ar":[{"id":1008034,"name":"鬼卞","tns":[],"alias":[]}],"alia":[],"pop":100.0,"st":0,"rt":null,"fee":0,"v":6,"crbt":null,"cf":"","al":{"id":37798625,"name":"欲.情","picUrl":"http://p1.music.126.net/6cxatxCqTNVhS4YcT5wGFQ==/109951163172559495.jpg","tns":[],"pic_str":"109951163172559495","pic":109951163172559495},"dt":221548,"h":{"br":320000,"fid":0,"size":8864958,"vd":0.0},"m":{"br":192000,"fid":0,"size":5318992,"vd":0.0},"l":{"br":128000,"fid":0,"size":3546009,"vd":0.0},"a":null,"cd":"","no":1,"rtUrl":null,"ftype":0,"rtUrls":[],"djId":0,"copyright":0,"s_id":0,"mst":9,"cp":0,"mv":0,"rtype":0,"rurl":null,"publishTime":1520068064488},{"name":"TIME","id":554244265,"pst":0,"t":0,"ar":[{"id":12199576,"name":"小青龙","tns":[],"alias":[]}],"alia":[],"pop":100.0,"st":0,"rt":null,"fee":0,"v":1,"crbt":null,"cf":"","al":{"id":38433089,"name":"TIME","picUrl":"http://p1.music.126.net/T6O30-wGjvMegKGaNgMR8w==/109951163265788016.jpg","tns":[],"pic_str":"109951163265788016","pic":109951163265788016},"dt":168670,"h":{"br":320000,"fid":0,"size":6749040,"vd":0.0},"m":{"br":192000,"fid":0,"size":4049441,"vd":0.0},"l":{"br":128000,"fid":0,"size":2699642,"vd":0.0},"a":null,"cd":"","no":0,"rtUrl":null,"ftype":0,"rtUrls":[],"djId":0,"copyright":0,"s_id":0,"mst":9,"cp":490040,"mv":0,"rtype":0,"rurl":null,"publishTime":1524585600007},{"name":"丹歌惊鸿（动画《一人之下2》片尾曲王也角色歌）","id":564879697,"pst":0,"t":0,"ar":[{"id":839563,"name":"坡上村","tns":[],"alias":[]}],"alia":[],"pop":100.0,"st":0,"rt":null,"fee":0,"v":15,"crbt":null,"cf":"","al":{"id":39067617,"name":"丹歌惊鸿（动画《一人之下》片尾曲王也角色歌）","picUrl":"http://p1.music.126.net/Fy8vgxUaE8-T3PUPVGgzhw==/109951163308764268.jpg","tns":[],"pic_str":"109951163308764268","pic":109951163308764268},"dt":235632,"h":{"br":320000,"fid":0,"size":9428158,"vd":0.0},"m":{"br":192000,"fid":0,"size":5656912,"vd":0.0},"l":{"br":128000,"fid":0,"size":3771289,"vd":0.0},"a":null,"cd":"","no":1,"rtUrl":null,"ftype":0,"rtUrls":[],"djId":0,"copyright":0,"s_id":0,"mst":9,"cp":0,"mv":0,"rtype":0,"rurl":null,"publishTime":1526745600000},{"name":"老地方","id":569214098,"pst":0,"t":0,"ar":[{"id":12091064,"name":"MLK麋鹿王国","tns":[],"alias":[]}],"alia":[],"pop":100.0,"st":0,"rt":null,"fee":8,"v":7,"crbt":null,"cf":"","al":{"id":39480024,"name":"老地方","picUrl":"http://p1.music.126.net/aFfD5peM9y1pR9_qIb1Q4A==/109951163322456385.jpg","tns":[],"pic_str":"109951163322456385","pic":109951163322456385},"dt":265949,"h":{"br":320000,"fid":0,"size":10640240,"vd":-1.0},"m":{"br":192000,"fid":0,"size":6384161,"vd":0.0},"l":{"br":128000,"fid":0,"size":4256122,"vd":0.0},"a":null,"cd":"","no":1,"rtUrl":null,"ftype":0,"rtUrls":[],"djId":0,"copyright":0,"s_id":0,"mst":9,"cp":1369824,"mv":0,"rtype":0,"rurl":null,"publishTime":1528214400007},{"name":"十九岁","id":530995556,"pst":0,"t":0,"ar":[{"id":6731,"name":"赵雷","tns":[],"alias":[]}],"alia":["At The Age of Nineteen"],"pop":100.0,"st":0,"rt":null,"fee":8,"v":8,"crbt":null,"cf":"","al":{"id":37256446,"name":"十九岁","picUrl":"http://p1.music.126.net/NJeYumktkZkl_wC1tAOOGQ==/109951163112577799.jpg","tns":[],"pic_str":"109951163112577799","pic":109951163112577799},"dt":233375,"h":{"br":320000,"fid":0,"size":9337252,"vd":-1.0},"m":{"br":192000,"fid":0,"size":5602369,"vd":-1.0},"l":{"br":128000,"fid":0,"size":3734927,"vd":-1.0},"a":null,"cd":"","no":0,"rtUrl":null,"ftype":0,"rtUrls":[],"djId":0,"copyright":0,"s_id":0,"mst":9,"cp":36016,"mv":5809143,"rtype":0,"rurl":null,"publishTime":1516291200007},{"name":"再见，昨天","id":571545218,"pst":0,"t":0,"ar":[{"id":12437,"name":"牛奶咖啡","tns":[],"alias":[]}],"alia":["电影《昨日青空》青春毕业曲"],"pop":100.0,"st":0,"rt":null,"fee":0,"v":13,"crbt":null,"cf":"","al":{"id":39563243,"name":"再见，昨天","picUrl":"http://p1.music.126.net/KcW2WnoHreyNTUbonbAPiw==/109951163336051043.jpg","tns":[],"pic_str":"109951163336051043","pic":109951163336051043},"dt":295135,"h":{"br":320000,"fid":0,"size":11808436,"vd":0.0},"m":{"br":192000,"fid":0,"size":7085079,"vd":0.0},"l":{"br":128000,"fid":0,"size":4723400,"vd":0.0},"a":null,"cd":"1","no":1,"rtUrl":null,"ftype":0,"rtUrls":[],"djId":0,"copyright":0,"s_id":0,"mst":9,"cp":415022,"mv":0,"rtype":0,"rurl":null,"publishTime":1528214400000},{"name":"Monster","id":862769397,"pst":0,"t":0,"ar":[{"id":1158173,"name":"Dirty Class","tns":[],"alias":[]},{"id":12002020,"name":"LeeAlive","tns":[],"alias":[]}],"alia":[],"pop":100.0,"st":0,"rt":null,"fee":0,"v":5,"crbt":null,"cf":"","al":{"id":71642148,"name":"Monster","picUrl":"http://p1.music.126.net/KSSyW1qjubfT38uXri5qRw==/109951163374502413.jpg","tns":[],"pic_str":"109951163374502413","pic":109951163374502413},"dt":197041,"h":{"br":320000,"fid":0,"size":7883799,"vd":-1.0},"m":{"br":192000,"fid":0,"size":4730297,"vd":-1.0},"l":{"br":128000,"fid":0,"size":3153546,"vd":-1.0},"a":null,"cd":"","no":1,"rtUrl":null,"ftype":0,"rtUrls":[],"djId":0,"copyright":0,"s_id":0,"mst":9,"cp":0,"mv":0,"rtype":0,"rurl":null,"publishTime":1529769600000},{"name":"Flow","id":574505523,"pst":0,"t":0,"ar":[{"id":12065096,"name":"黄旭","tns":[],"alias":[]}],"alia":[],"pop":100.0,"st":0,"rt":null,"fee":0,"v":1,"crbt":null,"cf":"","al":{"id":39723184,"name":"Flow","picUrl":"http://p1.music.126.net/yPjWM2-TPFMXFnvsiOS-oQ==/109951163368365444.jpg","tns":[],"pic_str":"109951163368365444","pic":109951163368365444},"dt":235471,"h":{"br":320000,"fid":0,"size":9421889,"vd":0.0},"m":{"br":192000,"fid":0,"size":5653151,"vd":0.0},"l":{"br":128000,"fid":0,"size":3768782,"vd":0.0},"a":null,"cd":"1","no":1,"rtUrl":null,"ftype":0,"rtUrls":[],"djId":0,"copyright":0,"s_id":0,"mst":9,"cp":417014,"mv":0,"rtype":0,"rurl":null,"publishTime":1529596800007},{"name":"如果写不出好的和弦就该在洒满阳光的钢琴前一起吃布丁","id":562592191,"pst":0,"t":0,"ar":[{"id":1039895,"name":"谢春花","tns":[],"alias":[]}],"alia":[],"pop":100.0,"st":0,"rt":null,"fee":0,"v":107,"crbt":null,"cf":"","al":{"id":38983072,"name":"点心","picUrl":"http://p1.music.126.net/bbQqsr9hvVPTpDVmqnPaUw==/109951163345567967.jpg","tns":[],"pic_str":"109951163345567967","pic":109951163345567967},"dt":240080,"h":{"br":320000,"fid":0,"size":9605791,"vd":-1.0},"m":{"br":192000,"fid":0,"size":5763492,"vd":0.0},"l":{"br":128000,"fid":0,"size":3842342,"vd":0.0},"a":null,"cd":"","no":2,"rtUrl":null,"ftype":0,"rtUrls":[],"djId":0,"copyright":2,"s_id":0,"mst":9,"cp":743011,"mv":0,"rtype":0,"rurl":null,"publishTime":1528732800007},{"name":"说不定明天他就来了","id":552590020,"pst":0,"t":0,"ar":[{"id":12077204,"name":"陈壹千","tns":[],"alias":[]}],"alia":[],"pop":100.0,"st":0,"rt":null,"fee":0,"v":4,"crbt":null,"cf":"","al":{"id":38340035,"name":"说不定明天他就来了","picUrl":"http://p1.music.126.net/Q8EgQdnaFkZQZT527mFDRQ==/109951163245426590.jpg","tns":[],"pic_str":"109951163245426590","pic":109951163245426590},"dt":237379,"h":{"br":320000,"fid":0,"size":9498166,"vd":0.0},"m":{"br":192000,"fid":0,"size":5698917,"vd":0.0},"l":{"br":128000,"fid":0,"size":3799293,"vd":0.0},"a":null,"cd":"","no":1,"rtUrl":null,"ftype":0,"rtUrls":[],"djId":0,"copyright":0,"s_id":0,"mst":9,"cp":0,"mv":0,"rtype":0,"rurl":null,"publishTime":1523628096098},{"name":"It's Your Birthday","id":571524074,"pst":0,"t":0,"ar":[{"id":1024309,"name":"Fcyco","tns":[],"alias":[]}],"alia":[],"pop":100.0,"st":0,"rt":null,"fee":0,"v":5,"crbt":null,"cf":"","al":{"id":39506813,"name":"It's Your Birthday","picUrl":"http://p1.music.126.net/S2WJgfTG-iVLcOEOnuQ9zQ==/109951163335587819.jpg","tns":[],"pic_str":"109951163335587819","pic":109951163335587819},"dt":158896,"h":{"br":320000,"fid":0,"size":6358248,"vd":0.0},"m":{"br":192000,"fid":0,"size":3814966,"vd":0.0},"l":{"br":128000,"fid":0,"size":2543325,"vd":0.0},"a":null,"cd":"","no":1,"rtUrl":null,"ftype":0,"rtUrls":[],"djId":0,"copyright":0,"s_id":0,"mst":9,"cp":0,"mv":0,"rtype":0,"rurl":null,"publishTime":1528214400000},{"name":"无可奈何","id":862916364,"pst":0,"t":0,"ar":[{"id":15200968,"name":"谢子通","tns":[],"alias":[]},{"id":12519733,"name":"Hamsin","tns":[],"alias":[]}],"alia":[],"pop":95.0,"st":0,"rt":null,"fee":0,"v":13,"crbt":null,"cf":"","al":{"id":71639281,"name":"无可奈何","picUrl":"http://p1.music.126.net/_AKwktovQemlcE17PNj5HQ==/109951163381577749.jpg","tns":[],"pic_str":"109951163381577749","pic":109951163381577749},"dt":232794,"h":{"br":320000,"fid":0,"size":9314264,"vd":-3.0},"m":{"br":192000,"fid":0,"size":5588576,"vd":-3.0},"l":{"br":128000,"fid":0,"size":3725732,"vd":-2.0},"a":null,"cd":"","no":1,"rtUrl":null,"ftype":0,"rtUrls":[],"djId":0,"copyright":0,"s_id":0,"mst":9,"cp":0,"mv":0,"rtype":0,"rurl":null,"publishTime":1529856000000},{"name":"他有的我没有的十六个优点——钟不易","id":553414516,"pst":0,"t":0,"ar":[{"id":12205361,"name":"刘莱斯","tns":[],"alias":[]}],"alia":[],"pop":100.0,"st":0,"rt":null,"fee":0,"v":4,"crbt":null,"cf":"","al":{"id":38355537,"name":"他有的我没有的十六个优点——钟不易","picUrl":"http://p1.music.126.net/qRZceLhH7v_cCfAgSEwOhQ==/109951163250494675.jpg","tns":[],"pic_str":"109951163250494675","pic":109951163250494675},"dt":229839,"h":{"br":320000,"fid":0,"size":9196191,"vd":0.0},"m":{"br":192000,"fid":0,"size":5517732,"vd":0.0},"l":{"br":128000,"fid":0,"size":3678502,"vd":0.0},"a":null,"cd":"","no":1,"rtUrl":null,"ftype":0,"rtUrls":[],"djId":0,"copyright":0,"s_id":0,"mst":9,"cp":0,"mv":0,"rtype":0,"rurl":null,"publishTime":1523808000000},{"name":"九歌·云中君","id":574235538,"pst":0,"t":0,"ar":[{"id":5568,"name":"Winky诗","tns":[],"alias":[]}],"alia":[],"pop":100.0,"st":0,"rt":null,"fee":0,"v":4,"crbt":null,"cf":"","al":{"id":39750072,"name":"九歌·云中君","picUrl":"http://p1.music.126.net/YAU1jdJF8JokTVikOFCBXg==/109951163363309416.jpg","tns":[],"pic_str":"109951163363309416","pic":109951163363309416},"dt":185913,"h":{"br":320000,"fid":0,"size":7438672,"vd":0.0},"m":{"br":192000,"fid":0,"size":4463221,"vd":0.0},"l":{"br":128000,"fid":0,"size":2975495,"vd":0.0},"a":null,"cd":"","no":1,"rtUrl":null,"ftype":0,"rtUrls":[],"djId":0,"copyright":0,"s_id":0,"mst":9,"cp":0,"mv":0,"rtype":0,"rurl":null,"publishTime":1529251200000},{"name":"绅士","id":562598011,"pst":0,"t":0,"ar":[{"id":1204010,"name":"Tizzy T","tns":[],"alias":[]}],"alia":[],"pop":100.0,"st":0,"rt":null,"fee":0,"v":1,"crbt":null,"cf":"","al":{"id":38984014,"name":"绅士","picUrl":"http://p1.music.126.net/jyiv-Zr4yGBzmnvFm_8eEg==/109951163301632667.jpg","tns":[],"pic_str":"109951163301632667","pic":109951163301632667},"dt":177333,"h":{"br":320000,"fid":0,"size":7095946,"vd":0.0},"m":{"br":192000,"fid":0,"size":4257585,"vd":0.0},"l":{"br":128000,"fid":0,"size":2838404,"vd":0.0},"a":null,"cd":"","no":0,"rtUrl":null,"ftype":0,"rtUrls":[],"djId":0,"copyright":2,"s_id":0,"mst":9,"cp":22036,"mv":0,"rtype":0,"rurl":null,"publishTime":1526486400007},{"name":"SORRY","id":546722653,"pst":0,"t":0,"ar":[{"id":12127564,"name":"艾福杰尼","tns":[],"alias":[]}],"alia":[],"pop":100.0,"st":0,"rt":null,"fee":0,"v":4,"crbt":null,"cf":"","al":{"id":37987109,"name":"SORRY","picUrl":"http://p1.music.126.net/ymreLIeoebxaZRZBg8YUpA==/109951163207566335.jpg","tns":[],"pic_str":"109951163207566335","pic":109951163207566335},"dt":307086,"h":{"br":320000,"fid":0,"size":12285954,"vd":-1.0},"m":{"br":192000,"fid":0,"size":7371590,"vd":0.0},"l":{"br":128000,"fid":0,"size":4914408,"vd":0.0},"a":null,"cd":"","no":0,"rtUrl":null,"ftype":0,"rtUrls":[],"djId":0,"copyright":0,"s_id":0,"mst":9,"cp":417014,"mv":0,"rtype":0,"rurl":null,"publishTime":1521993600007},{"name":"孤独城市","id":570334125,"pst":0,"t":0,"ar":[{"id":1198113,"name":"李上安","tns":[],"alias":[]}],"alia":[],"pop":100.0,"st":0,"rt":null,"fee":8,"v":10,"crbt":null,"cf":"","al":{"id":39538046,"name":"孤独城市","picUrl":"http://p1.music.126.net/fnl55Vrc3wCt9jELCF_54w==/109951163331452635.jpg","tns":[],"pic_str":"109951163331452635","pic":109951163331452635},"dt":265650,"h":{"br":320000,"fid":0,"size":10628746,"vd":0.0},"m":{"br":192000,"fid":0,"size":6377265,"vd":0.0},"l":{"br":128000,"fid":0,"size":4251524,"vd":0.0},"a":null,"cd":"","no":0,"rtUrl":null,"ftype":0,"rtUrls":[],"djId":0,"copyright":1,"s_id":0,"mst":9,"cp":0,"mv":0,"rtype":0,"rurl":null,"publishTime":1527955200007},{"name":"再也看不见海","id":555895808,"pst":0,"t":0,"ar":[{"id":8103,"name":"花粥","tns":[],"alias":[]}],"alia":[],"pop":100.0,"st":0,"rt":null,"fee":0,"v":4,"crbt":null,"cf":"","al":{"id":38476655,"name":"2018（二）","picUrl":"http://p1.music.126.net/ORzGz-TtjSLENUHX0z-_3Q==/109951163269665897.jpg","tns":[],"pic_str":"109951163269665897","pic":109951163269665897},"dt":195265,"h":{"br":320000,"fid":0,"size":7812746,"vd":0.0},"m":{"br":192000,"fid":0,"size":4687665,"vd":0.0},"l":{"br":128000,"fid":0,"size":3125124,"vd":0.0},"a":null,"cd":"","no":2,"rtUrl":null,"ftype":0,"rtUrls":[],"djId":0,"copyright":0,"s_id":0,"mst":9,"cp":0,"mv":0,"rtype":0,"rurl":null,"publishTime":1524787200000},{"name":"童话镇Plus（Live） ","id":566443468,"pst":0,"t":0,"ar":[{"id":1198010,"name":"暗杠","tns":[],"alias":[]}],"alia":[],"pop":100.0,"st":0,"rt":null,"fee":8,"v":6,"crbt":null,"cf":"","al":{"id":39266158,"name":"童话镇Plus（Live）","picUrl":"http://p1.music.126.net/HP69gdNMpzh6yq9_Ws6Nvw==/109951163317309202.jpg","tns":[],"pic_str":"109951163317309202","pic":109951163317309202},"dt":627720,"h":{"br":320000,"fid":0,"size":25111031,"vd":0.0},"m":{"br":192000,"fid":0,"size":15066636,"vd":0.0},"l":{"br":128000,"fid":0,"size":10044439,"vd":0.0},"a":null,"cd":"","no":0,"rtUrl":null,"ftype":0,"rtUrls":[],"djId":0,"copyright":2,"s_id":0,"mst":9,"cp":0,"mv":5917284,"rtype":0,"rurl":null,"publishTime":1527264000007},{"name":"China-C","id":555557845,"pst":0,"t":0,"ar":[{"id":1142042,"name":"徐梦圆","tns":[],"alias":[]}],"alia":[],"pop":100.0,"st":0,"rt":null,"fee":8,"v":6,"crbt":null,"cf":"","al":{"id":38472372,"name":"China-C","picUrl":"http://p1.music.126.net/SOGibEE1LbGcmMBOB2KHsg==/109951163267270734.jpg","tns":[],"pic_str":"109951163267270734","pic":109951163267270734},"dt":185465,"h":{"br":320000,"fid":0,"size":7420909,"vd":0.0},"m":{"br":192000,"fid":0,"size":4452563,"vd":0.0},"l":{"br":128000,"fid":0,"size":2968390,"vd":0.0},"a":null,"cd":"","no":1,"rtUrl":null,"ftype":0,"rtUrls":[],"djId":0,"copyright":0,"s_id":0,"mst":9,"cp":0,"mv":0,"rtype":0,"rurl":null,"publishTime":1524614400000},{"name":"有一个你","id":573583278,"pst":0,"t":0,"ar":[{"id":7481,"name":"崔子格","tns":[],"alias":[]}],"alia":[],"pop":100.0,"st":0,"rt":null,"fee":0,"v":1,"crbt":null,"cf":"","al":{"id":39722055,"name":"有一个你","picUrl":"http://p1.music.126.net/KpSi3yIgYeju43gG23ok-Q==/109951163365420213.jpg","tns":[],"pic_str":"109951163365420213","pic":109951163365420213},"dt":252631,"h":{"br":320000,"fid":0,"size":10108387,"vd":0.0},"m":{"br":192000,"fid":0,"size":6065049,"vd":0.0},"l":{"br":128000,"fid":0,"size":4043381,"vd":0.0},"a":null,"cd":"","no":1,"rtUrl":null,"ftype":0,"rtUrls":[],"djId":0,"copyright":0,"s_id":0,"mst":9,"cp":442010,"mv":0,"rtype":0,"rurl":null,"publishTime":1529424000007},{"name":"明日之歌","id":574238846,"pst":0,"t":0,"ar":[{"id":1196072,"name":"超级对撞机乐队","tns":[],"alias":[]}],"alia":[],"pop":100.0,"st":0,"rt":null,"fee":0,"v":4,"crbt":null,"cf":"","al":{"id":39751072,"name":"明日之歌","picUrl":"http://p1.music.126.net/d0uxK4NXF_9Z2wnlstl4RA==/109951163363325580.jpg","tns":[],"pic_str":"109951163363325580","pic":109951163363325580},"dt":407657,"h":{"br":320000,"fid":0,"size":16308811,"vd":-2.0},"m":{"br":192000,"fid":0,"size":9785304,"vd":-2.0},"l":{"br":128000,"fid":0,"size":6523551,"vd":-1.0},"a":null,"cd":"","no":1,"rtUrl":null,"ftype":0,"rtUrls":[],"djId":0,"copyright":0,"s_id":0,"mst":9,"cp":0,"mv":0,"rtype":0,"rurl":null,"publishTime":1529280000000},{"name":"蜜糖城堡","id":556310113,"pst":0,"t":0,"ar":[{"id":12282733,"name":"黑崎子","tns":[],"alias":[]}],"alia":[],"pop":100.0,"st":0,"rt":null,"fee":0,"v":7,"crbt":null,"cf":"","al":{"id":38522104,"name":"蜜糖城堡","picUrl":"http://p1.music.126.net/BGVkChdWIckgR1EfdTP_mg==/109951163272626698.jpg","tns":[],"pic_str":"109951163272626698","pic":109951163272626698},"dt":211525,"h":{"br":320000,"fid":0,"size":8463717,"vd":0.0},"m":{"br":192000,"fid":0,"size":5078248,"vd":0.0},"l":{"br":128000,"fid":0,"size":3385513,"vd":0.0},"a":null,"cd":"","no":1,"rtUrl":null,"ftype":0,"rtUrls":[],"djId":0,"copyright":2,"s_id":0,"mst":9,"cp":0,"mv":0,"rtype":0,"rurl":null,"publishTime":1524960000000},{"name":"生日快乐","id":514765420,"pst":0,"t":0,"ar":[{"id":11370,"name":"丢火车","tns":[],"alias":[]}],"alia":[],"pop":100.0,"st":0,"rt":null,"fee":8,"v":24,"crbt":null,"cf":"","al":{"id":36632213,"name":"浮生","picUrl":"http://p1.music.126.net/dbCY004asYFiwO9-LhrOCw==/109951163049845879.jpg","tns":[],"pic_str":"109951163049845879","pic":109951163049845879},"dt":326412,"h":{"br":320000,"fid":0,"size":13059178,"vd":-1.0},"m":{"br":192000,"fid":0,"size":7835524,"vd":-1.0},"l":{"br":128000,"fid":0,"size":5223697,"vd":-1.0},"a":null,"cd":"","no":1,"rtUrl":null,"ftype":0,"rtUrls":[],"djId":0,"copyright":2,"s_id":0,"mst":9,"cp":736010,"mv":0,"rtype":0,"rurl":null,"publishTime":1527091200007},{"name":"英雄联盟2017全球总决赛主题曲-Legends Never Die","id":527824482,"pst":0,"t":0,"ar":[{"id":783418,"name":"Against the Current","tns":[],"alias":[]},{"id":1047337,"name":"英雄联盟","tns":[],"alias":[]}],"alia":[],"pop":100.0,"st":0,"rt":null,"fee":0,"v":41,"crbt":null,"cf":"","al":{"id":37154046,"name":"《英雄联盟》赛事主题曲合辑","picUrl":"http://p1.music.126.net/8_YoJ4d-n59aMCEVQHRtMA==/109951163097941639.jpg","tns":[],"pic_str":"109951163097941639","pic":109951163097941639},"dt":235049,"h":{"br":320000,"fid":0,"size":9403080,"vd":-2.0},"m":{"br":192000,"fid":0,"size":5641866,"vd":-2.0},"l":{"br":128000,"fid":0,"size":3761258,"vd":-2.0},"a":null,"cd":"","no":27,"rtUrl":null,"ftype":0,"rtUrls":[],"djId":0,"copyright":2,"s_id":0,"mst":9,"cp":0,"mv":0,"rtype":0,"rurl":null,"publishTime":1514865729259},{"name":"for you","id":862525204,"pst":0,"t":0,"ar":[{"id":789949,"name":"VISUDY","tns":[],"alias":[]}],"alia":[],"pop":100.0,"st":0,"rt":null,"fee":0,"v":5,"crbt":null,"cf":"","al":{"id":71639962,"name":"for you","picUrl":"http://p1.music.126.net/4EPZDmXSbY6GW350QIQ_lw==/109951163373159144.jpg","tns":[],"pic_str":"109951163373159144","pic":109951163373159144},"dt":260333,"h":{"br":320000,"fid":0,"size":10415587,"vd":0.0},"m":{"br":192000,"fid":0,"size":6249369,"vd":0.0},"l":{"br":128000,"fid":0,"size":4166261,"vd":0.0},"a":null,"cd":"","no":1,"rtUrl":null,"ftype":0,"rtUrls":[],"djId":0,"copyright":0,"s_id":0,"mst":9,"cp":0,"mv":0,"rtype":0,"rurl":null,"publishTime":1529798400000},{"name":"I Will Close My Eyes","id":573582544,"pst":0,"t":0,"ar":[{"id":936007,"name":"李明霖","tns":[],"alias":[]}],"alia":["《来自海洋的你》网络剧插曲"],"pop":100.0,"st":0,"rt":null,"fee":0,"v":17,"crbt":null,"cf":"","al":{"id":39722140,"name":"I Will Close My Eyes","picUrl":"http://p1.music.126.net/h95ZViVRCqlyWIl-FhhPHw==/109951163368524962.jpg","tns":[],"pic_str":"109951163368524962","pic":109951163368524962},"dt":264404,"h":{"br":320000,"fid":0,"size":10578591,"vd":-1.0},"m":{"br":192000,"fid":0,"size":6347172,"vd":-1.0},"l":{"br":128000,"fid":0,"size":4231462,"vd":-1.0},"a":null,"cd":"","no":1,"rtUrl":null,"ftype":0,"rtUrls":[],"djId":0,"copyright":0,"s_id":0,"mst":9,"cp":724013,"mv":0,"rtype":0,"rurl":null,"publishTime":1529596800007},{"name":"C位","id":557581952,"pst":0,"t":0,"ar":[{"id":12002184,"name":"AR（刘夫阳）","tns":[],"alias":[]}],"alia":[],"pop":100.0,"st":0,"rt":null,"fee":0,"v":1,"crbt":null,"cf":"","al":{"id":38594322,"name":"C位","picUrl":"http://p1.music.126.net/gZhJ5CMeStHLtCVaIbmf1Q==/109951163301455234.jpg","tns":[],"pic_str":"109951163301455234","pic":109951163301455234},"dt":300009,"h":{"br":320000,"fid":0,"size":12002787,"vd":-1.0},"m":{"br":192000,"fid":0,"size":7201689,"vd":-1.0},"l":{"br":128000,"fid":0,"size":4801141,"vd":-1.0},"a":null,"cd":"","no":0,"rtUrl":null,"ftype":0,"rtUrls":[],"djId":0,"copyright":0,"s_id":0,"mst":9,"cp":656012,"mv":0,"rtype":0,"rurl":null,"publishTime":1526486400007},{"name":"有情痴","id":862418428,"pst":0,"t":0,"ar":[{"id":797087,"name":"smile_小千","tns":[],"alias":[]},{"id":1041122,"name":"Mr.岑","tns":[],"alias":[]}],"alia":[],"pop":100.0,"st":0,"rt":null,"fee":0,"v":4,"crbt":null,"cf":"","al":{"id":71641798,"name":"有情痴","picUrl":"http://p1.music.126.net/p8KJ36w99BxJm2yq4QteXA==/109951163371735377.jpg","tns":[],"pic_str":"109951163371735377","pic":109951163371735377},"dt":241738,"h":{"br":320000,"fid":0,"size":9679978,"vd":-2.0},"m":{"br":192000,"fid":0,"size":5808004,"vd":-1.0},"l":{"br":128000,"fid":0,"size":3872017,"vd":-1.0},"a":null,"cd":"","no":1,"rtUrl":null,"ftype":0,"rtUrls":[],"djId":0,"copyright":0,"s_id":0,"mst":9,"cp":0,"mv":0,"rtype":0,"rurl":null,"publishTime":1529712000000},{"name":"一念山河","id":571336806,"pst":0,"t":0,"ar":[{"id":1115075,"name":"西瓜JUN","tns":[],"alias":[]}],"alia":[],"pop":100.0,"st":0,"rt":null,"fee":8,"v":12,"crbt":null,"cf":"","al":{"id":39563693,"name":"一念山河","picUrl":"http://p1.music.126.net/H2-uXgcIYDjFpxYQ-sRIdw==/109951163351405655.jpg","tns":[],"pic_str":"109951163351405655","pic":109951163351405655},"dt":225671,"h":{"br":320000,"fid":0,"size":9029007,"vd":0.0},"m":{"br":192000,"fid":0,"size":5417422,"vd":0.0},"l":{"br":128000,"fid":0,"size":3611629,"vd":0.0},"a":null,"cd":"1","no":1,"rtUrl":null,"ftype":0,"rtUrls":[],"djId":0,"copyright":0,"s_id":0,"mst":9,"cp":0,"mv":0,"rtype":0,"rurl":null,"publishTime":1528732800000},{"name":"牌楼口岸","id":570006089,"pst":0,"t":0,"ar":[{"id":5001,"name":"简弘亦","tns":[],"alias":[]}],"alia":[],"pop":100.0,"st":0,"rt":null,"fee":0,"v":4,"crbt":null,"cf":"","al":{"id":39389807,"name":"牌楼口岸","picUrl":"http://p1.music.126.net/NYFTBsAag9V7mmygOhlRIw==/109951163324690525.jpg","tns":[],"pic_str":"109951163324690525","pic":109951163324690525},"dt":287530,"h":{"br":320000,"fid":0,"size":11504370,"vd":0.0},"m":{"br":192000,"fid":0,"size":6902640,"vd":0.0},"l":{"br":128000,"fid":0,"size":4601774,"vd":0.0},"a":null,"cd":"","no":1,"rtUrl":null,"ftype":0,"rtUrls":[],"djId":0,"copyright":0,"s_id":0,"mst":9,"cp":0,"mv":0,"rtype":0,"rurl":null,"publishTime":1527724800000},{"name":"盼兮","id":571336481,"pst":0,"t":0,"ar":[{"id":1181775,"name":"翁大涵","tns":[],"alias":[]}],"alia":[],"pop":100.0,"st":0,"rt":null,"fee":8,"v":14,"crbt":null,"cf":"","al":{"id":39590138,"name":"盼兮","picUrl":"http://p1.music.126.net/CwwG3RXR4F5yG7v-K4vYNw==/109951163345197669.jpg","tns":[],"pic_str":"109951163345197669","pic":109951163345197669},"dt":265437,"h":{"br":320000,"fid":0,"size":10620387,"vd":-1.0},"m":{"br":192000,"fid":0,"size":6372249,"vd":-1.0},"l":{"br":128000,"fid":0,"size":4248181,"vd":-1.0},"a":null,"cd":"","no":1,"rtUrl":null,"ftype":0,"rtUrls":[],"djId":0,"copyright":2,"s_id":0,"mst":9,"cp":530019,"mv":5955340,"rtype":0,"rurl":null,"publishTime":1528646400007},{"name":"皆允","id":572940514,"pst":0,"t":0,"ar":[{"id":1047394,"name":"张三弥","tns":[],"alias":[]}],"alia":[],"pop":100.0,"st":0,"rt":null,"fee":0,"v":4,"crbt":null,"cf":"","al":{"id":39673445,"name":"坐忘茶馆","picUrl":"http://p1.music.126.net/uOaWemqLilAZ4xPAPYVotg==/109951163350163600.jpg","tns":[],"pic_str":"109951163350163600","pic":109951163350163600},"dt":290156,"h":{"br":320000,"fid":0,"size":11608860,"vd":-2.0},"m":{"br":192000,"fid":0,"size":6965333,"vd":-1.0},"l":{"br":128000,"fid":0,"size":4643570,"vd":-1.0},"a":null,"cd":"","no":5,"rtUrl":null,"ftype":0,"rtUrls":[],"djId":0,"copyright":1,"s_id":0,"mst":9,"cp":22036,"mv":0,"rtype":0,"rurl":null,"publishTime":1528819200007},{"name":"燃","id":562597376,"pst":0,"t":0,"ar":[{"id":188141,"name":"满舒克","tns":[],"alias":[]}],"alia":[],"pop":100.0,"st":0,"rt":null,"fee":0,"v":2,"crbt":null,"cf":"","al":{"id":38988119,"name":"燃","picUrl":"http://p1.music.126.net/slBNVByZEWxR2AWbVnSalA==/109951163309951059.jpg","tns":[],"pic_str":"109951163309951059","pic":109951163309951059},"dt":225048,"h":{"br":320000,"fid":0,"size":9004974,"vd":-3.0},"m":{"br":192000,"fid":0,"size":5403002,"vd":-3.0},"l":{"br":128000,"fid":0,"size":3602016,"vd":-3.0},"a":null,"cd":"","no":0,"rtUrl":null,"ftype":0,"rtUrls":[],"djId":0,"copyright":0,"s_id":0,"mst":9,"cp":0,"mv":0,"rtype":0,"rurl":null,"publishTime":1526832000007},{"name":"寻找我","id":574766780,"pst":0,"t":0,"ar":[{"id":12236269,"name":"Trouble.Z","tns":[],"alias":[]},{"id":12121264,"name":"Ice Paper","tns":[],"alias":[]}],"alia":[],"pop":100.0,"st":0,"rt":null,"fee":0,"v":4,"crbt":null,"cf":"","al":{"id":39751600,"name":"寻找我","picUrl":"http://p1.music.126.net/EJofVvSAs0NzJMvAWgq_7w==/109951163367983375.jpg","tns":[],"pic_str":"109951163367983375","pic":109951163367983375},"dt":211793,"h":{"br":320000,"fid":0,"size":8474166,"vd":0.0},"m":{"br":192000,"fid":0,"size":5084517,"vd":0.0},"l":{"br":128000,"fid":0,"size":3389693,"vd":0.0},"a":null,"cd":"","no":1,"rtUrl":null,"ftype":0,"rtUrls":[],"djId":0,"copyright":0,"s_id":0,"mst":9,"cp":0,"mv":0,"rtype":0,"rurl":null,"publishTime":1529539200000},{"name":"这样的你","id":547973104,"pst":0,"t":0,"ar":[{"id":893259,"name":"金玟岐","tns":[],"alias":[]}],"alia":["综艺《送一百位女孩回家》主题曲"],"pop":100.0,"st":0,"rt":null,"fee":0,"v":2,"crbt":null,"cf":"","al":{"id":38047028,"name":"这样的你","picUrl":"http://p1.music.126.net/DRZ5zsdDTumvhbGK4fYIQQ==/109951163209236746.jpg","tns":[],"pic_str":"109951163209236746","pic":109951163209236746},"dt":260426,"h":{"br":320000,"fid":0,"size":10419766,"vd":0.0},"m":{"br":192000,"fid":0,"size":6251877,"vd":0.0},"l":{"br":128000,"fid":0,"size":4167933,"vd":0.0},"a":null,"cd":"","no":0,"rtUrl":null,"ftype":0,"rtUrls":[],"djId":0,"copyright":0,"s_id":0,"mst":9,"cp":398013,"mv":5917745,"rtype":0,"rurl":null,"publishTime":1522080000007},{"name":"烟火","id":532415949,"pst":0,"t":0,"ar":[{"id":1063104,"name":"黄小岛","tns":[],"alias":[]}],"alia":[],"pop":100.0,"st":0,"rt":null,"fee":8,"v":14,"crbt":null,"cf":"","al":{"id":37354607,"name":"烟火","picUrl":"http://p1.music.126.net/8wK5qUzyxwl_t2bbMAqTlg==/109951163370564340.jpg","tns":[],"pic_str":"109951163370564340","pic":109951163370564340},"dt":223333,"h":{"br":320000,"fid":0,"size":8936011,"vd":-1.0},"m":{"br":192000,"fid":0,"size":5361624,"vd":-1.0},"l":{"br":128000,"fid":0,"size":3574431,"vd":-1.0},"a":null,"cd":"","no":1,"rtUrl":null,"ftype":0,"rtUrls":[],"djId":0,"copyright":0,"s_id":0,"mst":9,"cp":0,"mv":0,"rtype":0,"rurl":null,"publishTime":1516636800000},{"name":"顺其惺忪","id":862877587,"pst":0,"t":0,"ar":[{"id":12099108,"name":"司徒骏文","tns":[],"alias":[]}],"alia":[],"pop":95.0,"st":0,"rt":null,"fee":0,"v":4,"crbt":null,"cf":"","al":{"id":71638188,"name":"顺其惺忪","picUrl":"http://p1.music.126.net/Cee04HpLSuLPmEU2mmi80g==/109951163375621452.jpg","tns":[],"pic_str":"109951163375621452","pic":109951163375621452},"dt":250592,"h":{"br":320000,"fid":0,"size":10025840,"vd":-3.0},"m":{"br":192000,"fid":0,"size":6015521,"vd":-2.0},"l":{"br":128000,"fid":0,"size":4010362,"vd":-2.0},"a":null,"cd":"","no":1,"rtUrl":null,"ftype":0,"rtUrls":[],"djId":0,"copyright":0,"s_id":0,"mst":9,"cp":0,"mv":0,"rtype":0,"rurl":null,"publishTime":1529884800000},{"name":"狂草","id":553813053,"pst":0,"t":0,"ar":[{"id":1198010,"name":"暗杠","tns":[],"alias":[]}],"alia":[],"pop":100.0,"st":0,"rt":null,"fee":8,"v":5,"crbt":null,"cf":"","al":{"id":38405012,"name":"狂草","picUrl":"http://p1.music.126.net/lJqKOJatGtwuWv19nHpjnw==/109951163253284472.jpg","tns":[],"pic_str":"109951163253284472","pic":109951163253284472},"dt":247228,"h":{"br":320000,"fid":0,"size":9892093,"vd":0.0},"m":{"br":192000,"fid":0,"size":5935273,"vd":0.0},"l":{"br":128000,"fid":0,"size":3956863,"vd":0.0},"a":null,"cd":"","no":1,"rtUrl":null,"ftype":0,"rtUrls":[],"djId":0,"copyright":0,"s_id":0,"mst":9,"cp":0,"mv":0,"rtype":0,"rurl":null,"publishTime":1524067200007},{"name":"枕边话","id":571711587,"pst":0,"t":0,"ar":[{"id":12127154,"name":"吴海啸","tns":[],"alias":[]}],"alia":[],"pop":100.0,"st":0,"rt":null,"fee":0,"v":4,"crbt":null,"cf":"","al":{"id":39612027,"name":"枕边话","picUrl":"http://p1.music.126.net/QJLKpXtkv1bKr14n7ZXvAw==/109951163337194264.jpg","tns":[],"pic_str":"109951163337194264","pic":109951163337194264},"dt":268730,"h":{"br":320000,"fid":0,"size":10752044,"vd":-1.0},"m":{"br":192000,"fid":0,"size":6451244,"vd":-1.0},"l":{"br":128000,"fid":0,"size":4300844,"vd":-1.0},"a":null,"cd":"","no":1,"rtUrl":null,"ftype":0,"rtUrls":[],"djId":0,"copyright":0,"s_id":0,"mst":9,"cp":0,"mv":0,"rtype":0,"rurl":null,"publishTime":1528329600000},{"name":"匆匆","id":551338687,"pst":0,"t":0,"ar":[{"id":1032247,"name":"赵钶","tns":[],"alias":[]},{"id":1081635,"name":"二珂","tns":[],"alias":[]}],"alia":[],"pop":100.0,"st":0,"rt":null,"fee":8,"v":3,"crbt":null,"cf":"","al":{"id":38274145,"name":"匆匆","picUrl":"http://p1.music.126.net/8GXkHa3eq63ikMMZ2nY8Gw==/109951163249852201.jpg","tns":[],"pic_str":"109951163249852201","pic":109951163249852201},"dt":266590,"h":{"br":320000,"fid":0,"size":10666362,"vd":0.0},"m":{"br":192000,"fid":0,"size":6399835,"vd":0.0},"l":{"br":128000,"fid":0,"size":4266571,"vd":0.0},"a":null,"cd":"","no":0,"rtUrl":null,"ftype":0,"rtUrls":[],"djId":0,"copyright":0,"s_id":0,"mst":9,"cp":0,"mv":0,"rtype":0,"rurl":null,"publishTime":1523808000007},{"name":"BOUNCE","id":566852363,"pst":0,"t":0,"ar":[{"id":1142042,"name":"徐梦圆","tns":[],"alias":[]},{"id":1050510,"name":"TSAR","tns":[],"alias":[]}],"alia":[],"pop":100.0,"st":0,"rt":null,"fee":0,"v":5,"crbt":null,"cf":"","al":{"id":39082982,"name":"BOUNCE","picUrl":"http://p1.music.126.net/RhU-l-a099PDTKpSQH13ww==/109951163313928679.jpg","tns":[],"pic_str":"109951163313928679","pic":109951163313928679},"dt":225053,"h":{"br":320000,"fid":0,"size":9004974,"vd":-1.0},"m":{"br":192000,"fid":0,"size":5403002,"vd":-1.0},"l":{"br":128000,"fid":0,"size":3602016,"vd":0.0},"a":null,"cd":"","no":1,"rtUrl":null,"ftype":0,"rtUrls":[],"djId":0,"copyright":0,"s_id":0,"mst":9,"cp":0,"mv":0,"rtype":0,"rurl":null,"publishTime":1527120000000},{"name":"触角","id":570333109,"pst":0,"t":0,"ar":[{"id":861203,"name":"陈小熊","tns":[],"alias":[]}],"alia":[],"pop":100.0,"st":0,"rt":null,"fee":8,"v":8,"crbt":null,"cf":"","al":{"id":39460011,"name":"三城记","picUrl":"http://p1.music.126.net/d50LumZwUcBXvnD6373H8g==/109951163353758658.jpg","tns":[],"pic_str":"109951163353758658","pic":109951163353758658},"dt":259841,"h":{"br":320000,"fid":0,"size":10396778,"vd":-1.0},"m":{"br":192000,"fid":0,"size":6238084,"vd":0.0},"l":{"br":128000,"fid":0,"size":4158737,"vd":0.0},"a":null,"cd":"","no":2,"rtUrl":null,"ftype":0,"rtUrls":[],"djId":0,"copyright":1,"s_id":0,"mst":9,"cp":748010,"mv":0,"rtype":0,"rurl":null,"publishTime":1528128000007},{"name":"Adult Lessons","id":574919550,"pst":0,"t":0,"ar":[{"id":12003039,"name":"Nocturnes曳取","tns":[],"alias":[]},{"id":12074017,"name":"Andy Mei","tns":[],"alias":[]}],"alia":[],"pop":95.0,"st":0,"rt":null,"fee":8,"v":1,"crbt":null,"cf":"","al":{"id":39723512,"name":"Adult Lessons","picUrl":"http://p1.music.126.net/giOUKJVUvSbyoTuxi9KkOg==/109951163375510558.jpg","tns":[],"pic_str":"109951163375510558","pic":109951163375510558},"dt":223856,"h":{"br":320000,"fid":0,"size":8956909,"vd":-1.0},"m":{"br":192000,"fid":0,"size":5374163,"vd":0.0},"l":{"br":128000,"fid":0,"size":3582790,"vd":0.0},"a":null,"cd":"1","no":1,"rtUrl":null,"ftype":0,"rtUrls":[],"djId":0,"copyright":0,"s_id":0,"mst":9,"cp":723013,"mv":0,"rtype":0,"rurl":null,"publishTime":1529942400000,"tns":["大人学问"]},{"name":"记得那时光「Remember The Time'18」","id":862705636,"pst":0,"t":0,"ar":[{"id":187624,"name":"Q.luv","tns":[],"alias":[]}],"alia":[],"pop":95.0,"st":0,"rt":null,"fee":0,"v":5,"crbt":null,"cf":"","al":{"id":71642092,"name":"记得那时光（Remember The Time'18）","picUrl":"http://p1.music.126.net/6j_HR4s3m4Y7lGCMBhyk2g==/109951163373762811.jpg","tns":[],"pic_str":"109951163373762811","pic":109951163373762811},"dt":234495,"h":{"br":320000,"fid":0,"size":9382182,"vd":0.0},"m":{"br":192000,"fid":0,"size":5629327,"vd":0.0},"l":{"br":128000,"fid":0,"size":3752899,"vd":0.0},"a":null,"cd":"","no":1,"rtUrl":null,"ftype":0,"rtUrls":[],"djId":0,"copyright":0,"s_id":0,"mst":9,"cp":0,"mv":0,"rtype":0,"rurl":null,"publishTime":1529798400000},{"name":"湖妖","id":573582186,"pst":0,"t":0,"ar":[{"id":957020,"name":"冯佳界","tns":[],"alias":[]}],"alia":[],"pop":100.0,"st":0,"rt":null,"fee":0,"v":3,"crbt":null,"cf":"","al":{"id":39720055,"name":"湖妖","picUrl":"http://p1.music.126.net/uKOg-6TIV6LZoLu2zn5Jsw==/109951163365117713.jpg","tns":[],"pic_str":"109951163365117713","pic":109951163365117713},"dt":290229,"h":{"br":320000,"fid":0,"size":11611995,"vd":0.0},"m":{"br":192000,"fid":0,"size":6967214,"vd":0.0},"l":{"br":128000,"fid":0,"size":4644824,"vd":0.0},"a":null,"cd":"","no":1,"rtUrl":null,"ftype":0,"rtUrls":[],"djId":0,"copyright":0,"s_id":0,"mst":9,"cp":0,"mv":0,"rtype":0,"rurl":null,"publishTime":1529424000007},{"name":"里面（Inside）","id":539820204,"pst":0,"t":0,"ar":[{"id":12002248,"name":"沈以诚","tns":[],"alias":[]}],"alia":[],"pop":100.0,"st":0,"rt":null,"fee":8,"v":6,"crbt":null,"cf":"","al":{"id":37641971,"name":"里面（Inside）","picUrl":"http://p1.music.126.net/po_rqjOeDwfI_wKm43a4vA==/109951163155535435.jpg","tns":[],"pic_str":"109951163155535435","pic":109951163155535435},"dt":224208,"h":{"br":320000,"fid":0,"size":8970493,"vd":0.0},"m":{"br":192000,"fid":0,"size":5382313,"vd":0.0},"l":{"br":128000,"fid":0,"size":3588223,"vd":0.0},"a":null,"cd":"","no":1,"rtUrl":null,"ftype":0,"rtUrls":[],"djId":0,"copyright":0,"s_id":0,"mst":9,"cp":0,"mv":0,"rtype":0,"rurl":null,"publishTime":1519113357262},{"name":"◢ ◤","id":563745734,"pst":0,"t":0,"ar":[{"id":1198071,"name":"HOPE-T","tns":[],"alias":[]}],"alia":[],"pop":100.0,"st":0,"rt":null,"fee":8,"v":27,"crbt":null,"cf":"","al":{"id":38792956,"name":"◢ ◤","picUrl":"http://p1.music.126.net/GQrPakOH-nlpX622C0UBOQ==/109951163304384071.jpg","tns":[],"pic_str":"109951163304384071","pic":109951163304384071},"dt":202519,"h":{"br":320000,"fid":0,"size":8103227,"vd":-4.0},"m":{"br":192000,"fid":0,"size":4861954,"vd":-3.0},"l":{"br":128000,"fid":0,"size":3241317,"vd":-3.0},"a":null,"cd":"","no":1,"rtUrl":null,"ftype":0,"rtUrls":[],"djId":0,"copyright":0,"s_id":0,"mst":9,"cp":0,"mv":0,"rtype":0,"rurl":null,"publishTime":1526601600000},{"name":"1983","id":573476225,"pst":0,"t":0,"ar":[{"id":12036,"name":"机械懒猫","tns":[],"alias":[]}],"alia":[],"pop":100.0,"st":0,"rt":null,"fee":0,"v":10,"crbt":null,"cf":"","al":{"id":39685351,"name":"1983","picUrl":"http://p1.music.126.net/qsvMg2jKy9dk2JMYfEyORA==/109951163354301062.jpg","tns":[],"pic_str":"109951163354301062","pic":109951163354301062},"dt":276000,"h":{"br":320000,"fid":0,"size":11042525,"vd":-2.0},"m":{"br":192000,"fid":0,"size":6625533,"vd":-2.0},"l":{"br":128000,"fid":0,"size":4417036,"vd":-2.0},"a":null,"cd":"","no":1,"rtUrl":null,"ftype":0,"rtUrls":[],"djId":0,"copyright":0,"s_id":0,"mst":9,"cp":0,"mv":0,"rtype":0,"rurl":null,"publishTime":1528992000000},{"name":"灰色真空 (SaMZIng Ver.)","id":862349368,"pst":0,"t":0,"ar":[{"id":1203033,"name":"SaMZIng","tns":[],"alias":[]}],"alia":[],"pop":90.0,"st":0,"rt":null,"fee":0,"v":6,"crbt":null,"cf":"","al":{"id":71640753,"name":"灰色真空 feat.熊子 (SaMZIng Ver.)","picUrl":"http://p1.music.126.net/RDKqNOqkOc6n2oys7JDGoA==/109951163371314032.jpg","tns":[],"pic_str":"109951163371314032","pic":109951163371314032},"dt":196944,"h":{"br":320000,"fid":0,"size":7880664,"vd":-3.0},"m":{"br":192000,"fid":0,"size":4728416,"vd":-3.0},"l":{"br":128000,"fid":0,"size":3152292,"vd":-3.0},"a":null,"cd":"","no":1,"rtUrl":null,"ftype":0,"rtUrls":[],"djId":0,"copyright":0,"s_id":0,"mst":9,"cp":0,"mv":0,"rtype":0,"rurl":null,"publishTime":1529683200000},{"name":"起床歌","id":557581899,"pst":0,"t":0,"ar":[{"id":7122,"name":"阿肆","tns":[],"alias":[]}],"alia":["《上海女子图鉴》片尾曲"],"pop":100.0,"st":0,"rt":null,"fee":0,"v":3,"crbt":null,"cf":"","al":{"id":38592287,"name":"起床歌","picUrl":"http://p1.music.126.net/Uv0glyMXxfQfUVWlHUewrA==/109951163300238424.jpg","tns":[],"pic_str":"109951163300238424","pic":109951163300238424},"dt":198281,"h":{"br":320000,"fid":0,"size":7933954,"vd":0.0},"m":{"br":192000,"fid":0,"size":4760390,"vd":0.0},"l":{"br":128000,"fid":0,"size":3173608,"vd":0.0},"a":null,"cd":"","no":0,"rtUrl":null,"ftype":0,"rtUrls":[],"djId":0,"copyright":0,"s_id":0,"mst":9,"cp":0,"mv":0,"rtype":0,"rurl":null,"publishTime":1526400000007},{"name":"我只敢在水龙头打开的时候哭泣","id":569200285,"pst":0,"t":0,"ar":[{"id":10942,"name":"钟声","tns":[],"alias":[]}],"alia":[],"pop":100.0,"st":0,"rt":null,"fee":8,"v":14,"crbt":null,"cf":"","al":{"id":39592152,"name":"钟爱孤绝花","picUrl":"http://p1.music.126.net/E0u5IMKGuwTVkvotdQMWyQ==/109951163355061568.jpg","tns":[],"pic_str":"109951163355061568","pic":109951163355061568},"dt":278162,"h":{"br":320000,"fid":0,"size":11129252,"vd":0.0},"m":{"br":192000,"fid":0,"size":6677569,"vd":0.0},"l":{"br":128000,"fid":0,"size":4451727,"vd":0.0},"a":null,"cd":"1","no":1,"rtUrl":null,"ftype":0,"rtUrls":[],"djId":0,"copyright":2,"s_id":0,"mst":9,"cp":748010,"mv":0,"rtype":0,"rurl":null,"publishTime":1527696000007},{"name":"西安","id":526468701,"pst":0,"t":0,"ar":[{"id":1032247,"name":"赵钶","tns":[],"alias":[]}],"alia":[],"pop":100.0,"st":0,"rt":null,"fee":0,"v":9,"crbt":null,"cf":"","al":{"id":37086254,"name":"西安","picUrl":"http://p1.music.126.net/z6RN4VTQAl575YXXazuymQ==/109951163098991715.jpg","tns":[],"pic_str":"109951163098991715","pic":109951163098991715},"dt":328125,"h":{"br":320000,"fid":0,"size":13128142,"vd":-2.0},"m":{"br":192000,"fid":0,"size":7876902,"vd":-1.0},"l":{"br":128000,"fid":0,"size":5251283,"vd":-1.0},"a":null,"cd":"","no":0,"rtUrl":null,"ftype":0,"rtUrls":[],"djId":0,"copyright":0,"s_id":0,"mst":9,"cp":760012,"mv":0,"rtype":0,"rurl":null,"publishTime":1514908800007},{"name":"夏短夜长","id":550124215,"pst":0,"t":0,"ar":[{"id":1160085,"name":"Fine乐团","tns":[],"alias":[]}],"alia":[],"pop":100.0,"st":0,"rt":null,"fee":8,"v":5,"crbt":null,"cf":"","al":{"id":38225051,"name":"夏短夜长","picUrl":"http://p1.music.126.net/FhvZaLqeUn8TSJ6rcPGOeg==/109951163237380976.jpg","tns":[],"pic_str":"109951163237380976","pic":109951163237380976},"dt":205850,"h":{"br":320000,"fid":0,"size":8236974,"vd":0.0},"m":{"br":192000,"fid":0,"size":4942202,"vd":0.0},"l":{"br":128000,"fid":0,"size":3294816,"vd":0.0},"a":null,"cd":"","no":0,"rtUrl":null,"ftype":0,"rtUrls":[],"djId":0,"copyright":0,"s_id":0,"mst":9,"cp":0,"mv":0,"rtype":0,"rurl":null,"publishTime":1523116800007},{"name":"华年","id":542667160,"pst":0,"t":0,"ar":[{"id":1195028,"name":"鹿先森乐队","tns":[],"alias":[]}],"alia":[],"pop":100.0,"st":0,"rt":null,"fee":8,"v":3,"crbt":null,"cf":"","al":{"id":37829041,"name":"华年","picUrl":"http://p1.music.126.net/wBBokWTtBom46htadhNjUQ==/109951163171246312.jpg","tns":[],"pic_str":"109951163171246312","pic":109951163171246312},"dt":258000,"h":{"br":320000,"fid":0,"size":10322591,"vd":-3.0},"m":{"br":192000,"fid":0,"size":6193572,"vd":-3.0},"l":{"br":128000,"fid":0,"size":4129062,"vd":-3.0},"a":null,"cd":"","no":1,"rtUrl":null,"ftype":0,"rtUrls":[],"djId":0,"copyright":0,"s_id":0,"mst":9,"cp":36016,"mv":5843822,"rtype":0,"rurl":null,"publishTime":1520179200007},{"name":"走跳","id":571340207,"pst":0,"t":0,"ar":[{"id":13200,"name":"顽童MJ116","tns":[],"alias":[]}],"alia":[],"pop":100.0,"st":0,"rt":null,"fee":8,"v":3,"crbt":null,"cf":"","al":{"id":39590072,"name":"走跳","picUrl":"http://p1.music.126.net/mbgH1RYJ1rarZLobLp0-zA==/109951163336439524.jpg","tns":["Zou Tiao"],"pic_str":"109951163336439524","pic":109951163336439524},"dt":239000,"h":{"br":320000,"fid":0,"size":9562950,"vd":-2.0},"m":{"br":192000,"fid":0,"size":5737787,"vd":-2.0},"l":{"br":128000,"fid":0,"size":3825206,"vd":-1.0},"a":null,"cd":"","no":0,"rtUrl":null,"ftype":0,"rtUrls":[],"djId":0,"copyright":0,"s_id":0,"mst":9,"cp":36016,"mv":5917659,"rtype":0,"rurl":null,"publishTime":1528300800007,"tns":["Zou Tiao"]},{"name":"已矣","id":546599226,"pst":0,"t":0,"ar":[{"id":12003106,"name":"Jeff郑景仁","tns":[],"alias":[]}],"alia":[],"pop":100.0,"st":0,"rt":null,"fee":0,"v":17,"crbt":null,"cf":"","al":{"id":35258712,"name":"独行者","picUrl":"http://p1.music.126.net/9sFb6BLFsLhffn1y_DiuNQ==/109951163242089685.jpg","tns":[],"pic_str":"109951163242089685","pic":109951163242089685},"dt":242970,"h":{"br":320000,"fid":0,"size":9721774,"vd":0.0},"m":{"br":192000,"fid":0,"size":5833082,"vd":0.0},"l":{"br":128000,"fid":0,"size":3888736,"vd":0.0},"a":null,"cd":"","no":7,"rtUrl":null,"ftype":0,"rtUrls":[],"djId":0,"copyright":0,"s_id":0,"mst":9,"cp":0,"mv":0,"rtype":0,"rurl":null,"publishTime":1521454799788}],"trackIds":[{"id":574566207,"v":5},{"id":863073353,"v":6},{"id":862099540,"v":1},{"id":573577504,"v":1},{"id":862100246,"v":1},{"id":862098138,"v":6},{"id":862099109,"v":11},{"id":574356336,"v":4},{"id":862100230,"v":5},{"id":571339484,"v":7,"lr":2},{"id":573125026,"v":3,"lr":0},{"id":571340696,"v":4,"lr":3},{"id":574836444,"v":5},{"id":574902382,"v":14},{"id":571601379,"v":3,"lr":1},{"id":862443973,"v":4},{"id":569214126,"v":11,"lr":18},{"id":557584888,"v":3,"lr":19},{"id":562594322,"v":5,"lr":20},{"id":572028819,"v":8},{"id":562598081,"v":5,"lr":21},{"id":534542490,"v":7},{"id":862515525,"v":4},{"id":862099159,"v":1},{"id":557581095,"v":1,"lr":26},{"id":571338083,"v":1,"lr":29},{"id":502103677,"v":23,"lr":28},{"id":574790678,"v":6},{"id":574335388,"v":4,"lr":22},{"id":536622918,"v":6,"lr":31},{"id":574482094,"v":9},{"id":562019339,"v":9},{"id":862099055,"v":1},{"id":556207070,"v":3,"lr":33},{"id":574899382,"v":6},{"id":546723152,"v":4},{"id":862653292,"v":4},{"id":534831764,"v":6},{"id":544713530,"v":19,"lr":36},{"id":536624791,"v":11},{"id":531040898,"v":9},{"id":566261001,"v":5,"lr":38},{"id":562597293,"v":107,"lr":34},{"id":543138663,"v":6,"lr":42},{"id":554244265,"v":1,"lr":48},{"id":564879697,"v":15,"lr":44},{"id":569214098,"v":7},{"id":530995556,"v":8},{"id":571545218,"v":13,"lr":41},{"id":862769397,"v":5},{"id":574505523,"v":1},{"id":562592191,"v":107,"lr":46},{"id":552590020,"v":4,"lr":58},{"id":571524074,"v":5,"lr":72},{"id":862916364,"v":13},{"id":553414516,"v":4,"lr":49},{"id":574235538,"v":4,"lr":27},{"id":562598011,"v":1},{"id":546722653,"v":4},{"id":570334125,"v":10,"lr":35},{"id":555895808,"v":4},{"id":566443468,"v":6,"lr":53},{"id":555557845,"v":6},{"id":573583278,"v":1},{"id":574238846,"v":4,"lr":14},{"id":556310113,"v":7},{"id":514765420,"v":24,"lr":54},{"id":527824482,"v":41},{"id":862525204,"v":5},{"id":573582544,"v":17},{"id":557581952,"v":1},{"id":862418428,"v":4},{"id":571336806,"v":12},{"id":570006089,"v":4,"lr":52},{"id":571336481,"v":14,"lr":67},{"id":572940514,"v":4,"lr":7},{"id":562597376,"v":2,"lr":47},{"id":574766780,"v":4},{"id":547973104,"v":2,"lr":64},{"id":532415949,"v":14},{"id":862877587,"v":4},{"id":553813053,"v":5},{"id":571711587,"v":4,"lr":43},{"id":551338687,"v":3,"lr":65},{"id":566852363,"v":5,"lr":55},{"id":570333109,"v":8,"lr":40},{"id":574919550,"v":1},{"id":862705636,"v":5},{"id":573582186,"v":3,"lr":13},{"id":539820204,"v":6},{"id":563745734,"v":27,"lr":70},{"id":573476225,"v":10,"lr":16},{"id":862349368,"v":6},{"id":557581899,"v":3,"lr":62},{"id":569200285,"v":14,"lr":37},{"id":526468701,"v":9,"lr":94},{"id":550124215,"v":5},{"id":542667160,"v":3},{"id":571340207,"v":3,"lr":56},{"id":546599226,"v":17,"lr":91}],"status":0,"ordered":true,"tags":[],"adType":0,"trackNumberUpdateTime":1530118721999,"cloudTrackCount":0,"subscribedCount":270093,"updateTime":1530118800071,"commentThreadId":"A_PL_0_2884035","description":"云音乐独立原创音乐人作品官方榜单，以推荐优秀原创作品为目的。每周四网易云音乐首发。申请网易音乐人：http://music.163.com/nmusician/","coverImgId":18740076185638788,"createTime":1374732325894,"newImported":false,"trackUpdateTime":1530275478048,"trackCount":100,"highQuality":false,"playCount":180608096,"coverImgUrl":"http://p1.music.126.net/sBzD11nforcuh1jdLSgX7g==/18740076185638788.jpg","privacy":0,"specialType":10,"userId":201586,"name":"网易原创歌曲榜","id":2884035,"shareCount":1976,"coverImgId_str":"18740076185638788","ToplistType":"O","commentCount":7396},"code":200,"privileges":[{"id":574566207,"fee":0,"payed":0,"st":0,"pl":320000,"dl":320000,"sp":7,"cp":1,"subp":1,"cs":false,"maxbr":999000,"fl":320000,"toast":false,"flag":0,"preSell":false},{"id":863073353,"fee":0,"payed":0,"st":0,"pl":320000,"dl":320000,"sp":7,"cp":1,"subp":1,"cs":false,"maxbr":999000,"fl":320000,"toast":false,"flag":0,"preSell":false},{"id":862099540,"fee":0,"payed":0,"st":0,"pl":320000,"dl":320000,"sp":7,"cp":1,"subp":1,"cs":false,"maxbr":999000,"fl":320000,"toast":false,"flag":0,"preSell":false},{"id":573577504,"fee":8,"payed":0,"st":0,"pl":128000,"dl":0,"sp":7,"cp":1,"subp":1,"cs":false,"maxbr":999000,"fl":128000,"toast":false,"flag":0,"preSell":false},{"id":862100246,"fee":8,"payed":0,"st":0,"pl":128000,"dl":0,"sp":7,"cp":1,"subp":1,"cs":false,"maxbr":999000,"fl":128000,"toast":false,"flag":0,"preSell":false},{"id":862098138,"fee":8,"payed":0,"st":0,"pl":128000,"dl":0,"sp":7,"cp":1,"subp":1,"cs":false,"maxbr":999000,"fl":128000,"toast":false,"flag":2,"preSell":false},{"id":862099109,"fee":8,"payed":0,"st":0,"pl":128000,"dl":0,"sp":7,"cp":1,"subp":1,"cs":false,"maxbr":999000,"fl":128000,"toast":false,"flag":0,"preSell":false},{"id":574356336,"fee":0,"payed":0,"st":0,"pl":320000,"dl":320000,"sp":7,"cp":1,"subp":1,"cs":false,"maxbr":320000,"fl":320000,"toast":false,"flag":0,"preSell":false},{"id":862100230,"fee":8,"payed":0,"st":0,"pl":128000,"dl":0,"sp":7,"cp":1,"subp":1,"cs":false,"maxbr":999000,"fl":128000,"toast":false,"flag":0,"preSell":false},{"id":571339484,"fee":8,"payed":0,"st":0,"pl":128000,"dl":0,"sp":7,"cp":1,"subp":1,"cs":false,"maxbr":999000,"fl":128000,"toast":false,"flag":0,"preSell":false},{"id":573125026,"fee":8,"payed":0,"st":0,"pl":128000,"dl":0,"sp":7,"cp":1,"subp":1,"cs":false,"maxbr":999000,"fl":128000,"toast":false,"flag":0,"preSell":false},{"id":571340696,"fee":8,"payed":0,"st":0,"pl":128000,"dl":0,"sp":7,"cp":1,"subp":1,"cs":false,"maxbr":999000,"fl":128000,"toast":false,"flag":0,"preSell":false},{"id":574836444,"fee":0,"payed":0,"st":0,"pl":320000,"dl":320000,"sp":7,"cp":1,"subp":1,"cs":false,"maxbr":999000,"fl":320000,"toast":false,"flag":2,"preSell":false},{"id":574902382,"fee":8,"payed":0,"st":0,"pl":128000,"dl":0,"sp":7,"cp":1,"subp":1,"cs":false,"maxbr":999000,"fl":128000,"toast":false,"flag":0,"preSell":false},{"id":571601379,"fee":0,"payed":0,"st":0,"pl":320000,"dl":320000,"sp":7,"cp":1,"subp":1,"cs":false,"maxbr":999000,"fl":320000,"toast":false,"flag":0,"preSell":false},{"id":862443973,"fee":0,"payed":0,"st":0,"pl":320000,"dl":320000,"sp":7,"cp":1,"subp":1,"cs":false,"maxbr":320000,"fl":320000,"toast":false,"flag":0,"preSell":false},{"id":569214126,"fee":8,"payed":0,"st":0,"pl":128000,"dl":0,"sp":7,"cp":1,"subp":1,"cs":false,"maxbr":999000,"fl":128000,"toast":false,"flag":0,"preSell":false},{"id":557584888,"fee":8,"payed":0,"st":0,"pl":128000,"dl":0,"sp":7,"cp":1,"subp":1,"cs":false,"maxbr":999000,"fl":128000,"toast":false,"flag":0,"preSell":false},{"id":562594322,"fee":8,"payed":0,"st":0,"pl":128000,"dl":0,"sp":7,"cp":1,"subp":1,"cs":false,"maxbr":999000,"fl":128000,"toast":false,"flag":2,"preSell":false},{"id":572028819,"fee":0,"payed":0,"st":0,"pl":320000,"dl":320000,"sp":7,"cp":1,"subp":1,"cs":false,"maxbr":999000,"fl":320000,"toast":false,"flag":0,"preSell":false},{"id":562598081,"fee":0,"payed":0,"st":0,"pl":320000,"dl":320000,"sp":7,"cp":1,"subp":1,"cs":false,"maxbr":999000,"fl":320000,"toast":false,"flag":2,"preSell":false},{"id":534542490,"fee":8,"payed":0,"st":0,"pl":128000,"dl":0,"sp":7,"cp":1,"subp":1,"cs":false,"maxbr":999000,"fl":128000,"toast":false,"flag":0,"preSell":false},{"id":862515525,"fee":0,"payed":0,"st":0,"pl":320000,"dl":320000,"sp":7,"cp":1,"subp":1,"cs":false,"maxbr":999000,"fl":320000,"toast":false,"flag":0,"preSell":false},{"id":862099159,"fee":8,"payed":0,"st":0,"pl":128000,"dl":0,"sp":7,"cp":1,"subp":1,"cs":false,"maxbr":999000,"fl":128000,"toast":false,"flag":0,"preSell":false},{"id":557581095,"fee":8,"payed":0,"st":0,"pl":128000,"dl":0,"sp":7,"cp":1,"subp":1,"cs":false,"maxbr":999000,"fl":128000,"toast":false,"flag":0,"preSell":false},{"id":571338083,"fee":8,"payed":0,"st":0,"pl":128000,"dl":0,"sp":7,"cp":1,"subp":1,"cs":false,"maxbr":999000,"fl":128000,"toast":false,"flag":0,"preSell":false},{"id":502103677,"fee":8,"payed":0,"st":0,"pl":128000,"dl":0,"sp":7,"cp":1,"subp":1,"cs":false,"maxbr":999000,"fl":128000,"toast":false,"flag":2,"preSell":false},{"id":574790678,"fee":8,"payed":0,"st":0,"pl":128000,"dl":0,"sp":7,"cp":1,"subp":1,"cs":false,"maxbr":320000,"fl":128000,"toast":false,"flag":0,"preSell":false},{"id":574335388,"fee":0,"payed":0,"st":0,"pl":320000,"dl":320000,"sp":7,"cp":1,"subp":1,"cs":false,"maxbr":320000,"fl":320000,"toast":false,"flag":0,"preSell":false},{"id":536622918,"fee":8,"payed":0,"st":0,"pl":128000,"dl":0,"sp":7,"cp":1,"subp":1,"cs":false,"maxbr":999000,"fl":128000,"toast":false,"flag":0,"preSell":false},{"id":574482094,"fee":8,"payed":0,"st":0,"pl":128000,"dl":0,"sp":7,"cp":1,"subp":1,"cs":false,"maxbr":999000,"fl":128000,"toast":false,"flag":0,"preSell":false},{"id":562019339,"fee":0,"payed":0,"st":0,"pl":320000,"dl":320000,"sp":7,"cp":1,"subp":1,"cs":false,"maxbr":999000,"fl":320000,"toast":false,"flag":0,"preSell":false},{"id":862099055,"fee":0,"payed":0,"st":0,"pl":320000,"dl":320000,"sp":7,"cp":1,"subp":1,"cs":false,"maxbr":999000,"fl":320000,"toast":false,"flag":0,"preSell":false},{"id":556207070,"fee":0,"payed":0,"st":0,"pl":320000,"dl":320000,"sp":7,"cp":1,"subp":1,"cs":false,"maxbr":999000,"fl":320000,"toast":false,"flag":0,"preSell":false},{"id":574899382,"fee":8,"payed":0,"st":0,"pl":128000,"dl":0,"sp":7,"cp":1,"subp":1,"cs":false,"maxbr":999000,"fl":128000,"toast":false,"flag":0,"preSell":false},{"id":546723152,"fee":8,"payed":0,"st":0,"pl":128000,"dl":0,"sp":7,"cp":1,"subp":1,"cs":false,"maxbr":999000,"fl":128000,"toast":false,"flag":2,"preSell":false},{"id":862653292,"fee":0,"payed":0,"st":0,"pl":320000,"dl":320000,"sp":7,"cp":1,"subp":1,"cs":false,"maxbr":999000,"fl":320000,"toast":false,"flag":0,"preSell":false},{"id":534831764,"fee":0,"payed":0,"st":0,"pl":320000,"dl":320000,"sp":7,"cp":1,"subp":1,"cs":false,"maxbr":999000,"fl":320000,"toast":false,"flag":2,"preSell":false},{"id":544713530,"fee":8,"payed":0,"st":0,"pl":128000,"dl":0,"sp":7,"cp":1,"subp":1,"cs":false,"maxbr":999000,"fl":128000,"toast":false,"flag":2,"preSell":false},{"id":536624791,"fee":8,"payed":0,"st":0,"pl":128000,"dl":0,"sp":7,"cp":1,"subp":1,"cs":false,"maxbr":999000,"fl":128000,"toast":false,"flag":0,"preSell":false},{"id":531040898,"fee":0,"payed":0,"st":0,"pl":320000,"dl":320000,"sp":7,"cp":1,"subp":1,"cs":false,"maxbr":999000,"fl":320000,"toast":false,"flag":0,"preSell":false},{"id":566261001,"fee":0,"payed":0,"st":0,"pl":320000,"dl":320000,"sp":7,"cp":1,"subp":1,"cs":false,"maxbr":999000,"fl":320000,"toast":false,"flag":0,"preSell":false},{"id":562597293,"fee":0,"payed":0,"st":0,"pl":320000,"dl":320000,"sp":7,"cp":1,"subp":1,"cs":false,"maxbr":999000,"fl":320000,"toast":false,"flag":0,"preSell":false},{"id":543138663,"fee":0,"payed":0,"st":0,"pl":320000,"dl":320000,"sp":7,"cp":1,"subp":1,"cs":false,"maxbr":999000,"fl":320000,"toast":false,"flag":2,"preSell":false},{"id":554244265,"fee":0,"payed":0,"st":0,"pl":320000,"dl":320000,"sp":7,"cp":1,"subp":1,"cs":false,"maxbr":999000,"fl":320000,"toast":false,"flag":0,"preSell":false},{"id":564879697,"fee":0,"payed":0,"st":0,"pl":320000,"dl":320000,"sp":7,"cp":1,"subp":1,"cs":false,"maxbr":999000,"fl":320000,"toast":false,"flag":0,"preSell":false},{"id":569214098,"fee":8,"payed":0,"st":0,"pl":128000,"dl":0,"sp":7,"cp":1,"subp":1,"cs":false,"maxbr":999000,"fl":128000,"toast":false,"flag":0,"preSell":false},{"id":530995556,"fee":8,"payed":0,"st":0,"pl":128000,"dl":0,"sp":7,"cp":1,"subp":1,"cs":false,"maxbr":999000,"fl":128000,"toast":false,"flag":0,"preSell":false},{"id":571545218,"fee":0,"payed":0,"st":0,"pl":320000,"dl":320000,"sp":7,"cp":1,"subp":1,"cs":false,"maxbr":999000,"fl":320000,"toast":false,"flag":0,"preSell":false},{"id":862769397,"fee":0,"payed":0,"st":0,"pl":320000,"dl":320000,"sp":7,"cp":1,"subp":1,"cs":false,"maxbr":320000,"fl":320000,"toast":false,"flag":2,"preSell":false},{"id":574505523,"fee":0,"payed":0,"st":0,"pl":320000,"dl":320000,"sp":7,"cp":1,"subp":1,"cs":false,"maxbr":999000,"fl":320000,"toast":false,"flag":0,"preSell":false},{"id":562592191,"fee":0,"payed":0,"st":0,"pl":320000,"dl":320000,"sp":7,"cp":1,"subp":1,"cs":false,"maxbr":999000,"fl":320000,"toast":false,"flag":0,"preSell":false},{"id":552590020,"fee":0,"payed":0,"st":0,"pl":320000,"dl":320000,"sp":7,"cp":1,"subp":1,"cs":false,"maxbr":999000,"fl":320000,"toast":false,"flag":0,"preSell":false},{"id":571524074,"fee":0,"payed":0,"st":0,"pl":320000,"dl":320000,"sp":7,"cp":1,"subp":1,"cs":false,"maxbr":999000,"fl":320000,"toast":false,"flag":2,"preSell":false},{"id":862916364,"fee":0,"payed":0,"st":0,"pl":320000,"dl":320000,"sp":7,"cp":1,"subp":1,"cs":false,"maxbr":999000,"fl":320000,"toast":false,"flag":0,"preSell":false},{"id":553414516,"fee":0,"payed":0,"st":0,"pl":320000,"dl":320000,"sp":7,"cp":1,"subp":1,"cs":false,"maxbr":999000,"fl":320000,"toast":false,"flag":0,"preSell":false},{"id":574235538,"fee":0,"payed":0,"st":0,"pl":320000,"dl":320000,"sp":7,"cp":1,"subp":1,"cs":false,"maxbr":320000,"fl":320000,"toast":false,"flag":0,"preSell":false},{"id":562598011,"fee":0,"payed":0,"st":0,"pl":320000,"dl":320000,"sp":7,"cp":1,"subp":1,"cs":false,"maxbr":999000,"fl":320000,"toast":false,"flag":0,"preSell":false},{"id":546722653,"fee":0,"payed":0,"st":0,"pl":320000,"dl":320000,"sp":7,"cp":1,"subp":1,"cs":false,"maxbr":999000,"fl":320000,"toast":false,"flag":0,"preSell":false},{"id":570334125,"fee":8,"payed":0,"st":0,"pl":128000,"dl":0,"sp":7,"cp":1,"subp":1,"cs":false,"maxbr":999000,"fl":128000,"toast":false,"flag":2,"preSell":false},{"id":555895808,"fee":0,"payed":0,"st":0,"pl":320000,"dl":320000,"sp":7,"cp":1,"subp":1,"cs":false,"maxbr":320000,"fl":320000,"toast":false,"flag":0,"preSell":false},{"id":566443468,"fee":8,"payed":0,"st":0,"pl":128000,"dl":0,"sp":7,"cp":1,"subp":1,"cs":false,"maxbr":999000,"fl":128000,"toast":false,"flag":2,"preSell":false},{"id":555557845,"fee":8,"payed":0,"st":0,"pl":128000,"dl":0,"sp":7,"cp":1,"subp":1,"cs":false,"maxbr":999000,"fl":128000,"toast":false,"flag":0,"preSell":false},{"id":573583278,"fee":0,"payed":0,"st":0,"pl":320000,"dl":320000,"sp":7,"cp":1,"subp":1,"cs":false,"maxbr":999000,"fl":320000,"toast":false,"flag":0,"preSell":false},{"id":574238846,"fee":0,"payed":0,"st":0,"pl":320000,"dl":320000,"sp":7,"cp":1,"subp":1,"cs":false,"maxbr":999000,"fl":320000,"toast":false,"flag":0,"preSell":false},{"id":556310113,"fee":0,"payed":0,"st":0,"pl":320000,"dl":320000,"sp":7,"cp":1,"subp":1,"cs":false,"maxbr":999000,"fl":320000,"toast":false,"flag":2,"preSell":false},{"id":514765420,"fee":8,"payed":0,"st":0,"pl":128000,"dl":0,"sp":7,"cp":1,"subp":1,"cs":false,"maxbr":999000,"fl":128000,"toast":false,"flag":0,"preSell":false},{"id":527824482,"fee":0,"payed":0,"st":0,"pl":320000,"dl":320000,"sp":7,"cp":1,"subp":1,"cs":false,"maxbr":320000,"fl":320000,"toast":false,"flag":0,"preSell":false},{"id":862525204,"fee":0,"payed":0,"st":0,"pl":320000,"dl":320000,"sp":7,"cp":1,"subp":1,"cs":false,"maxbr":999000,"fl":320000,"toast":false,"flag":0,"preSell":false},{"id":573582544,"fee":0,"payed":0,"st":0,"pl":320000,"dl":320000,"sp":7,"cp":1,"subp":1,"cs":false,"maxbr":999000,"fl":320000,"toast":false,"flag":0,"preSell":false},{"id":557581952,"fee":0,"payed":0,"st":0,"pl":320000,"dl":320000,"sp":7,"cp":1,"subp":1,"cs":false,"maxbr":999000,"fl":320000,"toast":false,"flag":0,"preSell":false},{"id":862418428,"fee":0,"payed":0,"st":0,"pl":320000,"dl":320000,"sp":7,"cp":1,"subp":1,"cs":false,"maxbr":320000,"fl":320000,"toast":false,"flag":0,"preSell":false},{"id":571336806,"fee":8,"payed":0,"st":0,"pl":128000,"dl":0,"sp":7,"cp":1,"subp":1,"cs":false,"maxbr":999000,"fl":128000,"toast":false,"flag":0,"preSell":false},{"id":570006089,"fee":0,"payed":0,"st":0,"pl":320000,"dl":320000,"sp":7,"cp":1,"subp":1,"cs":false,"maxbr":999000,"fl":320000,"toast":false,"flag":0,"preSell":false},{"id":571336481,"fee":8,"payed":0,"st":0,"pl":128000,"dl":0,"sp":7,"cp":1,"subp":1,"cs":false,"maxbr":999000,"fl":128000,"toast":false,"flag":0,"preSell":false},{"id":572940514,"fee":0,"payed":0,"st":0,"pl":320000,"dl":320000,"sp":7,"cp":1,"subp":1,"cs":false,"maxbr":999000,"fl":320000,"toast":false,"flag":2,"preSell":false},{"id":562597376,"fee":0,"payed":0,"st":0,"pl":320000,"dl":320000,"sp":7,"cp":1,"subp":1,"cs":false,"maxbr":999000,"fl":320000,"toast":false,"flag":0,"preSell":false},{"id":574766780,"fee":0,"payed":0,"st":0,"pl":320000,"dl":320000,"sp":7,"cp":1,"subp":1,"cs":false,"maxbr":999000,"fl":320000,"toast":false,"flag":0,"preSell":false},{"id":547973104,"fee":0,"payed":0,"st":0,"pl":320000,"dl":320000,"sp":7,"cp":1,"subp":1,"cs":false,"maxbr":999000,"fl":320000,"toast":false,"flag":0,"preSell":false},{"id":532415949,"fee":8,"payed":0,"st":0,"pl":128000,"dl":0,"sp":7,"cp":1,"subp":1,"cs":false,"maxbr":999000,"fl":128000,"toast":false,"flag":2,"preSell":false},{"id":862877587,"fee":0,"payed":0,"st":0,"pl":320000,"dl":320000,"sp":7,"cp":1,"subp":1,"cs":false,"maxbr":320000,"fl":320000,"toast":false,"flag":0,"preSell":false},{"id":553813053,"fee":8,"payed":0,"st":0,"pl":128000,"dl":0,"sp":7,"cp":1,"subp":1,"cs":false,"maxbr":999000,"fl":128000,"toast":false,"flag":2,"preSell":false},{"id":571711587,"fee":0,"payed":0,"st":0,"pl":320000,"dl":320000,"sp":7,"cp":1,"subp":1,"cs":false,"maxbr":999000,"fl":320000,"toast":false,"flag":0,"preSell":false},{"id":551338687,"fee":8,"payed":0,"st":0,"pl":128000,"dl":0,"sp":7,"cp":1,"subp":1,"cs":false,"maxbr":999000,"fl":128000,"toast":false,"flag":2,"preSell":false},{"id":566852363,"fee":0,"payed":0,"st":0,"pl":320000,"dl":320000,"sp":7,"cp":1,"subp":1,"cs":false,"maxbr":999000,"fl":320000,"toast":false,"flag":0,"preSell":false},{"id":570333109,"fee":8,"payed":0,"st":0,"pl":128000,"dl":0,"sp":7,"cp":1,"subp":1,"cs":false,"maxbr":999000,"fl":128000,"toast":false,"flag":0,"preSell":false},{"id":574919550,"fee":8,"payed":0,"st":0,"pl":128000,"dl":0,"sp":7,"cp":1,"subp":1,"cs":false,"maxbr":999000,"fl":128000,"toast":false,"flag":0,"preSell":false},{"id":862705636,"fee":0,"payed":0,"st":0,"pl":320000,"dl":320000,"sp":7,"cp":1,"subp":1,"cs":false,"maxbr":999000,"fl":320000,"toast":false,"flag":0,"preSell":false},{"id":573582186,"fee":0,"payed":0,"st":0,"pl":320000,"dl":320000,"sp":7,"cp":1,"subp":1,"cs":false,"maxbr":999000,"fl":320000,"toast":false,"flag":2,"preSell":false},{"id":539820204,"fee":8,"payed":0,"st":0,"pl":128000,"dl":0,"sp":7,"cp":1,"subp":1,"cs":false,"maxbr":320000,"fl":128000,"toast":false,"flag":0,"preSell":false},{"id":563745734,"fee":8,"payed":0,"st":0,"pl":128000,"dl":0,"sp":7,"cp":1,"subp":1,"cs":false,"maxbr":999000,"fl":128000,"toast":false,"flag":2,"preSell":false},{"id":573476225,"fee":0,"payed":0,"st":0,"pl":320000,"dl":320000,"sp":7,"cp":1,"subp":1,"cs":false,"maxbr":999000,"fl":320000,"toast":false,"flag":0,"preSell":false},{"id":862349368,"fee":0,"payed":0,"st":0,"pl":320000,"dl":320000,"sp":7,"cp":1,"subp":1,"cs":false,"maxbr":999000,"fl":320000,"toast":false,"flag":0,"preSell":false},{"id":557581899,"fee":0,"payed":0,"st":0,"pl":320000,"dl":320000,"sp":7,"cp":1,"subp":1,"cs":false,"maxbr":999000,"fl":320000,"toast":false,"flag":0,"preSell":false},{"id":569200285,"fee":8,"payed":0,"st":0,"pl":128000,"dl":0,"sp":7,"cp":1,"subp":1,"cs":false,"maxbr":999000,"fl":128000,"toast":false,"flag":0,"preSell":false},{"id":526468701,"fee":0,"payed":0,"st":0,"pl":320000,"dl":320000,"sp":7,"cp":1,"subp":1,"cs":false,"maxbr":999000,"fl":320000,"toast":false,"flag":2,"preSell":false},{"id":550124215,"fee":8,"payed":0,"st":0,"pl":128000,"dl":0,"sp":7,"cp":1,"subp":1,"cs":false,"maxbr":999000,"fl":128000,"toast":false,"flag":2,"preSell":false},{"id":542667160,"fee":8,"payed":0,"st":0,"pl":128000,"dl":0,"sp":7,"cp":1,"subp":1,"cs":false,"maxbr":999000,"fl":128000,"toast":false,"flag":0,"preSell":false},{"id":571340207,"fee":8,"payed":0,"st":0,"pl":128000,"dl":0,"sp":7,"cp":1,"subp":1,"cs":false,"maxbr":999000,"fl":128000,"toast":false,"flag":0,"preSell":false},{"id":546599226,"fee":0,"payed":0,"st":0,"pl":320000,"dl":320000,"sp":7,"cp":1,"subp":1,"cs":false,"maxbr":999000,"fl":320000,"toast":false,"flag":2,"preSell":false}]}