{"playlist":{"subscribers":[],"subscribed":false,"creator":{"defaultAvatar":false,"province":110000,"authStatus":1,"followed":false,"avatarUrl":"http://p1.music.126.net/QWMV-Ru_6149AKe0mCBXKg==/1420569024374784.jpg","accountStatus":0,"gender":1,"city":110101,"birthday":-2209017600000,"userId":1,"userType":2,"nickname":"网易云音乐","signature":"欢迎使用网易云音乐，有任何问题可以联系@云音乐客服， 我们会尽快答复。有关独立音乐人和独立厂牌请站内私信@原创君，DJ入驻联系邮箱： yunmusic@163.com","description":"网易云音乐官方账号","detailDescription":"网易云音乐官方账号","avatarImgId":1420569024374784,"backgroundImgId":2002210674180202,"backgroundUrl":"http://p1.music.126.net/pmHS4fcQtcNEGewNb5HRhg==/2002210674180202.jpg","authority":3,"mutual":false,"expertTags":null,"experts":null,"djStatus":10,"vipType":11,"remarkName":null,"avatarImgIdStr":"1420569024374784","backgroundImgIdStr":"2002210674180202"},"tracks":[{"name":"往后余生（翻自 马良）","id":571338279,"pst":0,"t":0,"ar":[{"id":14312549,"name":"王贰浪","tns":[],"alias":[]}],"alia":[],"pop":100.0,"st":0,"rt":null,"fee":8,"v":4,"crbt":null,"cf":"","al":{"id":39591091,"name":"往后余生","picUrl":"http://p1.music.126.net/hTiVEeQTUSsc-YGF3o6ItQ==/109951163337847600.jpg","tns":[],"pic_str":"109951163337847600","pic":109951163337847600},"dt":231785,"h":{"br":320000,"fid":0,"size":9274558,"vd":0.0},"m":{"br":192000,"fid":0,"size":5564752,"vd":0.0},"l":{"br":128000,"fid":0,"size":3709849,"vd":0.0},"a":null,"cd":"","no":1,"rtUrl":null,"ftype":0,"rtUrls":[],"djId":0,"copyright":0,"s_id":0,"mst":9,"cp":1372820,"mv":0,"rtype":0,"rurl":null,"publishTime":1528387200007},{"name":"怪咖","id":574921549,"pst":0,"t":0,"ar":[{"id":5781,"name":"薛之谦","tns":[],"alias":[]}],"alia":[],"pop":100.0,"st":0,"rt":null,"fee":0,"v":13,"crbt":null,"cf":"","al":{"id":39723739,"name":"怪咖","picUrl":"http://p1.music.126.net/3nHehbAPLSlpNM0bdiL1JQ==/109951163380470594.jpg","tns":[],"pic_str":"109951163380470594","pic":109951163380470594},"dt":250491,"h":{"br":320000,"fid":0,"size":10022705,"vd":0.0},"m":{"br":192000,"fid":0,"size":6013640,"vd":0.0},"l":{"br":128000,"fid":0,"size":4009108,"vd":0.0},"a":null,"cd":"1","no":1,"rtUrl":null,"ftype":0,"rtUrls":[],"djId":0,"copyright":0,"s_id":0,"mst":9,"cp":22036,"mv":0,"rtype":0,"rurl":null,"publishTime":1529942400000},{"name":"时间飞行","id":571074019,"pst":0,"t":0,"ar":[{"id":12091076,"name":"白宇","tns":[],"alias":[]},{"id":12151013,"name":"朱一龙","tns":[],"alias":[]}],"alia":["超级网剧《镇魂》推广曲"],"pop":100.0,"st":0,"rt":null,"fee":0,"v":4,"crbt":null,"cf":"","al":{"id":39566012,"name":"时间飞行","picUrl":"http://p1.music.126.net/0L3N_IHy_Se107oF5jFDuw==/109951163334334869.jpg","tns":[],"pic_str":"109951163334334869","pic":109951163334334869},"dt":186176,"h":{"br":320000,"fid":0,"size":7450166,"vd":0.0},"m":{"br":192000,"fid":0,"size":4470117,"vd":0.0},"l":{"br":128000,"fid":0,"size":2980093,"vd":0.0},"a":null,"cd":"","no":0,"rtUrl":null,"ftype":0,"rtUrls":[],"djId":0,"copyright":0,"s_id":0,"mst":9,"cp":414012,"mv":5917795,"rtype":0,"rurl":null,"publishTime":1528128000007},{"name":"盗将行","id":574566207,"pst":0,"t":0,"ar":[{"id":8103,"name":"花粥","tns":[],"alias":[]},{"id":826336,"name":"马雨阳","tns":[],"alias":[]}],"alia":[],"pop":100.0,"st":0,"rt":null,"fee":0,"v":5,"crbt":null,"cf":"","al":{"id":39752444,"name":"粥请客（二）","picUrl":"http://p1.music.126.net/a1U7azl9lHF_1vZdJ8YYmA==/109951163366440346.jpg","tns":[],"pic_str":"109951163366440346","pic":109951163366440346},"dt":198126,"h":{"br":320000,"fid":0,"size":7927685,"vd":-2.0},"m":{"br":192000,"fid":0,"size":4756628,"vd":-2.0},"l":{"br":128000,"fid":0,"size":3171100,"vd":-2.0},"a":null,"cd":"","no":1,"rtUrl":null,"ftype":0,"rtUrls":[],"djId":0,"copyright":0,"s_id":0,"mst":9,"cp":0,"mv":0,"rtype":0,"rurl":null,"publishTime":1529366400000},{"name":"渐渐","id":574908698,"pst":0,"t":0,"ar":[{"id":2116,"name":"陈奕迅","tns":[],"alias":[]}],"alia":[],"pop":100.0,"st":0,"rt":null,"fee":8,"v":12,"crbt":null,"cf":"","al":{"id":39723379,"name":"渐渐","picUrl":"http://p1.music.126.net/SGRNxyeA6_43M8oB0TuqrQ==/109951163370531309.jpg","tns":[],"pic_str":"109951163370531309","pic":109951163370531309},"dt":278622,"h":{"br":320000,"fid":0,"size":11145970,"vd":-1.0},"m":{"br":192000,"fid":0,"size":6687600,"vd":-1.0},"l":{"br":128000,"fid":0,"size":4458414,"vd":-1.0},"a":null,"cd":"1","no":1,"rtUrl":null,"ftype":0,"rtUrls":[],"djId":0,"copyright":0,"s_id":0,"mst":9,"cp":7003,"mv":5955277,"rtype":0,"rurl":null,"publishTime":1529625600000},{"name":"叹云兮","id":863481092,"pst":0,"t":0,"ar":[{"id":1032298,"name":"鞠婧祎","tns":[],"alias":[]}],"alia":["电视剧《芸汐传》片尾曲"],"pop":100.0,"st":0,"rt":null,"fee":0,"v":2,"crbt":null,"cf":"","al":{"id":71614935,"name":"叹云兮","picUrl":"http://p1.music.126.net/MFMuqftGWW6LQEpM5jcrBw==/109951163386988996.jpg","tns":[],"pic_str":"109951163386988996","pic":109951163386988996},"dt":283058,"h":{"br":320000,"fid":0,"size":11324648,"vd":-2.0},"m":{"br":192000,"fid":0,"size":6794806,"vd":-2.0},"l":{"br":128000,"fid":0,"size":4529885,"vd":-2.0},"a":null,"cd":"","no":0,"rtUrl":null,"ftype":0,"rtUrls":[],"djId":0,"copyright":0,"s_id":0,"mst":9,"cp":36015,"mv":0,"rtype":0,"rurl":null,"publishTime":1530460800007},{"name":"那是你离开了北京的生活","id":571340283,"pst":0,"t":0,"ar":[{"id":5781,"name":"薛之谦","tns":[],"alias":[]}],"alia":[],"pop":100.0,"st":0,"rt":null,"fee":0,"v":1,"crbt":null,"cf":"","al":{"id":39592096,"name":"那是你离开了北京的生活","picUrl":"http://p1.music.126.net/xQqZ8LRCg4zrY5HGarKQNw==/109951163338145785.jpg","tns":[],"pic_str":"109951163338145785","pic":109951163338145785},"dt":268402,"h":{"br":320000,"fid":0,"size":10738460,"vd":0.0},"m":{"br":192000,"fid":0,"size":6443093,"vd":0.0},"l":{"br":128000,"fid":0,"size":4295410,"vd":0.0},"a":null,"cd":"","no":0,"rtUrl":null,"ftype":0,"rtUrls":[],"djId":0,"copyright":0,"s_id":0,"mst":9,"cp":22036,"mv":0,"rtype":0,"rurl":null,"publishTime":1528387200007},{"name":"海面上睡去的太阳","id":862102927,"pst":0,"t":0,"ar":[{"id":15022221,"name":"萨沙","tns":[],"alias":[]}],"alia":[],"pop":100.0,"st":0,"rt":null,"fee":8,"v":11,"crbt":null,"cf":"","al":{"id":71611852,"name":"此时盛夏","picUrl":"http://p1.music.126.net/7wSvQD9LGOX1qmZ64tC71A==/109951163388581516.jpg","tns":[],"pic_str":"109951163388581516","pic":109951163388581516},"dt":233142,"h":{"br":320000,"fid":0,"size":9327848,"vd":0.0},"m":{"br":192000,"fid":0,"size":5596726,"vd":0.0},"l":{"br":128000,"fid":0,"size":3731165,"vd":0.0},"a":null,"cd":"","no":1,"rtUrl":null,"ftype":0,"rtUrls":[],"djId":0,"copyright":2,"s_id":0,"mst":9,"cp":1369826,"mv":0,"rtype":0,"rurl":null,"publishTime":1530460800007},{"name":"再也不会遇见第二个她","id":573131630,"pst":0,"t":0,"ar":[{"id":13450163,"name":"李哈哈","tns":[],"alias":[]}],"alia":[],"pop":100.0,"st":0,"rt":null,"fee":0,"v":5,"crbt":null,"cf":"","al":{"id":39660458,"name":"再也不会遇见第二个她","picUrl":"http://p1.music.126.net/brcmF43gvelShCAFAI56zQ==/109951163351837923.jpg","tns":[],"pic_str":"109951163351837923","pic":109951163351837923},"dt":179826,"h":{"br":320000,"fid":0,"size":7195211,"vd":1.0},"m":{"br":192000,"fid":0,"size":4317144,"vd":2.0},"l":{"br":128000,"fid":0,"size":2878111,"vd":2.0},"a":null,"cd":"","no":1,"rtUrl":null,"ftype":0,"rtUrls":[],"djId":0,"copyright":0,"s_id":0,"mst":9,"cp":0,"mv":0,"rtype":0,"rurl":null,"publishTime":1528848000000},{"name":"推动摇篮的手","id":862102137,"pst":0,"t":0,"ar":[{"id":3685,"name":"林宥嘉","tns":[],"alias":[]}],"alia":[],"pop":100.0,"st":0,"rt":null,"fee":8,"v":1,"crbt":null,"cf":"","al":{"id":71612677,"name":"推动摇篮的手","picUrl":"http://p1.music.126.net/FHtQLeSI7331ueL_tERbpg==/109951163370280050.jpg","tns":[],"pic_str":"109951163370280050","pic":109951163370280050},"dt":259754,"h":{"br":320000,"fid":0,"size":10392599,"vd":0.0},"m":{"br":192000,"fid":0,"size":6235577,"vd":0.0},"l":{"br":128000,"fid":0,"size":4157066,"vd":0.0},"a":null,"cd":"","no":0,"rtUrl":null,"ftype":0,"rtUrls":[],"djId":0,"copyright":0,"s_id":0,"mst":9,"cp":677020,"mv":0,"rtype":0,"rurl":null,"publishTime":1529856000007},{"name":"明智之举","id":862099032,"pst":0,"t":0,"ar":[{"id":5771,"name":"许嵩","tns":[],"alias":[]}],"alia":[],"pop":100.0,"st":0,"rt":null,"fee":0,"v":1,"crbt":null,"cf":"","al":{"id":71611624,"name":"明智之举","picUrl":"http://p1.music.126.net/h6uPPd0gpFcd_nonGAvysA==/109951163368659808.jpg","tns":[],"pic_str":"109951163368659808","pic":109951163368659808},"dt":267142,"h":{"br":320000,"fid":0,"size":10688305,"vd":-1.0},"m":{"br":192000,"fid":0,"size":6413000,"vd":-1.0},"l":{"br":128000,"fid":0,"size":4275348,"vd":-1.0},"a":null,"cd":"","no":0,"rtUrl":null,"ftype":0,"rtUrls":[],"djId":0,"copyright":0,"s_id":0,"mst":9,"cp":14026,"mv":5955076,"rtype":0,"rurl":null,"publishTime":1529596800007},{"name":"意料之中","id":862098671,"pst":0,"t":0,"ar":[{"id":12138269,"name":"毛不易","tns":[],"alias":[]},{"id":13022016,"name":"廖俊涛","tns":[],"alias":[]},{"id":12622588,"name":"钟易轩","tns":[],"alias":[]}],"alia":[],"pop":100.0,"st":0,"rt":null,"fee":8,"v":6,"crbt":null,"cf":"","al":{"id":71614796,"name":"意料之中","picUrl":"http://p1.music.126.net/49SayFRcqgvss9ULAPxl0Q==/109951163378990906.jpg","tns":[],"pic_str":"109951163378990906","pic":109951163378990906},"dt":237756,"h":{"br":320000,"fid":0,"size":9512795,"vd":0.0},"m":{"br":192000,"fid":0,"size":5707694,"vd":0.0},"l":{"br":128000,"fid":0,"size":3805144,"vd":0.0},"a":null,"cd":"","no":1,"rtUrl":null,"ftype":0,"rtUrls":[],"djId":0,"copyright":0,"s_id":0,"mst":9,"cp":755014,"mv":0,"rtype":0,"rurl":null,"publishTime":1530115200007},{"name":"又失恋了","id":863359163,"pst":0,"t":0,"ar":[{"id":8103,"name":"花粥","tns":[],"alias":[]}],"alia":[],"pop":100.0,"st":0,"rt":null,"fee":0,"v":5,"crbt":null,"cf":"","al":{"id":71681907,"name":"2018（三）","picUrl":"http://p1.music.126.net/j8Ome8FtxMRFZW6ud7Wptg==/109951163380476040.jpg","tns":[],"pic_str":"109951163380476040","pic":109951163380476040},"dt":191763,"h":{"br":320000,"fid":0,"size":7672729,"vd":0.0},"m":{"br":192000,"fid":0,"size":4603655,"vd":0.0},"l":{"br":128000,"fid":0,"size":3069118,"vd":0.0},"a":null,"cd":"","no":1,"rtUrl":null,"ftype":0,"rtUrls":[],"djId":0,"copyright":0,"s_id":0,"mst":9,"cp":0,"mv":0,"rtype":0,"rurl":null,"publishTime":1530144000000},{"name":"离开你的城市后","id":863492743,"pst":0,"t":0,"ar":[{"id":12077204,"name":"陈壹千","tns":[],"alias":[]}],"alia":[],"pop":100.0,"st":0,"rt":null,"fee":0,"v":4,"crbt":null,"cf":"","al":{"id":71684967,"name":"离开你的城市后","picUrl":"http://p1.music.126.net/45634l0yUQ_sn9txSBYtwQ==/109951163381808991.jpg","tns":[],"pic_str":"109951163381808991","pic":109951163381808991},"dt":281216,"h":{"br":320000,"fid":0,"size":11251505,"vd":0.0},"m":{"br":192000,"fid":0,"size":6750920,"vd":0.0},"l":{"br":128000,"fid":0,"size":4500628,"vd":0.0},"a":null,"cd":"","no":1,"rtUrl":null,"ftype":0,"rtUrls":[],"djId":0,"copyright":0,"s_id":0,"mst":9,"cp":0,"mv":0,"rtype":0,"rurl":null,"publishTime":1530230400000},{"name":"惊蛰","id":862099159,"pst":0,"t":0,"ar":[{"id":12174521,"name":"音阙诗听","tns":[],"alias":[]},{"id":12048239,"name":"王梓钰","tns":[],"alias":[]}],"alia":[],"pop":100.0,"st":0,"rt":null,"fee":8,"v":2,"crbt":null,"cf":"","al":{"id":71611669,"name":"惊蛰","picUrl":"http://p1.music.126.net/5MmXpaP9r88tNzExPGMI8Q==/109951163370350985.jpg","tns":[],"pic_str":"109951163370350985","pic":109951163370350985},"dt":241967,"h":{"br":320000,"fid":0,"size":9681023,"vd":-3.0},"m":{"br":192000,"fid":0,"size":5808631,"vd":-2.0},"l":{"br":128000,"fid":0,"size":3872435,"vd":-2.0},"a":null,"cd":"","no":1,"rtUrl":null,"ftype":0,"rtUrls":[],"djId":0,"copyright":0,"s_id":0,"mst":9,"cp":733010,"mv":0,"rtype":0,"rurl":null,"publishTime":1529856000007},{"name":"一荤一素","id":569200212,"pst":0,"t":0,"ar":[{"id":12138269,"name":"毛不易","tns":[],"alias":[]}],"alia":[],"pop":30.0,"st":0,"rt":null,"fee":4,"v":93,"crbt":null,"cf":"","al":{"id":39483040,"name":"平凡的一天","picUrl":"http://p1.music.126.net/vmCcDvD1H04e9gm97xsCqg==/109951163350929740.jpg","tns":[],"pic_str":"109951163350929740","pic":109951163350929740},"dt":281346,"h":{"br":320000,"fid":0,"size":11256729,"vd":0.0},"m":{"br":192000,"fid":0,"size":6754055,"vd":0.0},"l":{"br":128000,"fid":0,"size":4502718,"vd":0.0},"a":null,"cd":"1：平凡新作","no":4,"rtUrl":null,"ftype":0,"rtUrls":[],"djId":0,"copyright":2,"s_id":0,"mst":9,"cp":755014,"mv":0,"rtype":0,"rurl":null,"publishTime":1530547200007},{"name":"SoulMate","id":864107776,"pst":0,"t":0,"ar":[{"id":35331,"name":"Justin Timberlake","tns":[],"alias":[]}],"alia":[],"pop":0.0,"st":0,"rt":null,"fee":8,"v":8,"crbt":null,"cf":"","al":{"id":71719965,"name":"SoulMate","picUrl":"http://p1.music.126.net/9JXFBL0PQjZgkcg3d8yhQg==/109951163389875108.jpg","tns":[],"pic_str":"109951163389875108","pic":109951163389875108},"dt":196284,"h":{"br":320000,"fid":0,"size":7851407,"vd":-2.0},"m":{"br":192000,"fid":0,"size":4710862,"vd":-2.0},"l":{"br":128000,"fid":0,"size":3140589,"vd":-1.0},"a":null,"cd":"1","no":1,"rtUrl":null,"ftype":0,"rtUrls":[],"djId":0,"copyright":0,"s_id":0,"mst":9,"cp":7001,"mv":0,"rtype":0,"rurl":null,"publishTime":1530576000000},{"name":"We Won't be Falling","id":571339463,"pst":0,"t":0,"ar":[{"id":14420803,"name":"陈雪燃","tns":[],"alias":[]}],"alia":["超级网剧《镇魂》主题曲"],"pop":100.0,"st":0,"rt":null,"fee":0,"v":1,"crbt":null,"cf":"","al":{"id":39590148,"name":"We Won't be Falling","picUrl":"http://p1.music.126.net/9L-yvdw-jaLvam3JElWoTw==/109951163345342882.jpg","tns":[],"pic_str":"109951163345342882","pic":109951163345342882},"dt":191647,"h":{"br":320000,"fid":0,"size":7668550,"vd":-1.0},"m":{"br":192000,"fid":0,"size":4601147,"vd":-1.0},"l":{"br":128000,"fid":0,"size":3067446,"vd":-1.0},"a":null,"cd":"","no":0,"rtUrl":null,"ftype":0,"rtUrls":[],"djId":0,"copyright":0,"s_id":0,"mst":9,"cp":414012,"mv":0,"rtype":0,"rurl":null,"publishTime":1528732800007},{"name":"去哪","id":863489142,"pst":0,"t":0,"ar":[{"id":27694755,"name":"陈意涵","tns":[],"alias":[]}],"alia":[],"pop":100.0,"st":0,"rt":null,"fee":0,"v":1,"crbt":null,"cf":"","al":{"id":71614957,"name":"去哪","picUrl":"http://p1.music.126.net/XaJJdzmqRBj5yk6Ff1R1jg==/109951163388173864.jpg","tns":[],"pic_str":"109951163388173864","pic":109951163388173864},"dt":220505,"h":{"br":320000,"fid":0,"size":8823162,"vd":-2.0},"m":{"br":192000,"fid":0,"size":5293915,"vd":-2.0},"l":{"br":128000,"fid":0,"size":3529291,"vd":-2.0},"a":null,"cd":"","no":0,"rtUrl":null,"ftype":0,"rtUrls":[],"djId":0,"copyright":0,"s_id":0,"mst":9,"cp":376011,"mv":0,"rtype":0,"rurl":null,"publishTime":1530547200007},{"name":"只要平凡","id":574919767,"pst":0,"t":0,"ar":[{"id":6472,"name":"张杰","tns":[],"alias":[]},{"id":1024308,"name":"张碧晨","tns":[],"alias":[]}],"alia":["《我不是药神》电影主题曲"],"pop":100.0,"st":0,"rt":null,"fee":0,"v":1,"crbt":null,"cf":"","al":{"id":39723555,"name":"只要平凡","picUrl":"http://p1.music.126.net/CjGoliP3xOB0gcCUaeTTBg==/109951163375727336.jpg","tns":[],"pic_str":"109951163375727336","pic":109951163375727336},"dt":246028,"h":{"br":320000,"fid":0,"size":9844027,"vd":0.0},"m":{"br":192000,"fid":0,"size":5906434,"vd":0.0},"l":{"br":128000,"fid":0,"size":3937637,"vd":0.0},"a":null,"cd":"1","no":1,"rtUrl":null,"ftype":0,"rtUrls":[],"djId":0,"copyright":0,"s_id":0,"mst":9,"cp":375019,"mv":0,"rtype":0,"rurl":null,"publishTime":1529856000000},{"name":"城南谣","id":862099930,"pst":0,"t":0,"ar":[{"id":12037229,"name":"木小雅","tns":[],"alias":[]}],"alia":[],"pop":100.0,"st":0,"rt":null,"fee":8,"v":1,"crbt":null,"cf":"","al":{"id":71614872,"name":"城南谣","picUrl":"http://p1.music.126.net/vkq9WoQY_X8aRup0_whfrw==/109951163381867578.jpg","tns":[],"pic_str":"109951163381867578","pic":109951163381867578},"dt":282711,"h":{"br":320000,"fid":0,"size":11311064,"vd":0.0},"m":{"br":192000,"fid":0,"size":6786656,"vd":0.0},"l":{"br":128000,"fid":0,"size":4524452,"vd":0.0},"a":null,"cd":"","no":1,"rtUrl":null,"ftype":0,"rtUrls":[],"djId":0,"copyright":0,"s_id":0,"mst":9,"cp":748010,"mv":0,"rtype":0,"rurl":null,"publishTime":1530288000007},{"name":"一生独一","id":572819430,"pst":0,"t":0,"ar":[{"id":12523349,"name":"卢焱","tns":[],"alias":[]}],"alia":[],"pop":100.0,"st":0,"rt":null,"fee":0,"v":10,"crbt":null,"cf":"","al":{"id":39654171,"name":"一生独一","picUrl":"http://p1.music.126.net/maCaAYM1GS5sl9SaBdgfTA==/109951163348574432.jpg","tns":[],"pic_str":"109951163348574432","pic":109951163348574432},"dt":249873,"h":{"br":320000,"fid":0,"size":9997627,"vd":0.0},"m":{"br":192000,"fid":0,"size":5998594,"vd":0.0},"l":{"br":128000,"fid":0,"size":3999077,"vd":0.0},"a":null,"cd":"","no":1,"rtUrl":null,"ftype":0,"rtUrls":[],"djId":0,"copyright":2,"s_id":0,"mst":9,"cp":0,"mv":0,"rtype":0,"rurl":null,"publishTime":1528761600000},{"name":"如约而至","id":573384240,"pst":0,"t":0,"ar":[{"id":5771,"name":"许嵩","tns":[],"alias":[]}],"alia":[],"pop":100.0,"st":0,"rt":null,"fee":0,"v":3,"crbt":null,"cf":"","al":{"id":39701663,"name":"如约而至","picUrl":"http://p1.music.126.net/MUOEUR7zixJuKUsLSQF9gQ==/109951163353478766.jpg","tns":[],"pic_str":"109951163353478766","pic":109951163353478766},"dt":255708,"h":{"br":320000,"fid":0,"size":10230640,"vd":-1.0},"m":{"br":192000,"fid":0,"size":6138401,"vd":-1.0},"l":{"br":128000,"fid":0,"size":4092282,"vd":-1.0},"a":null,"cd":"1","no":1,"rtUrl":null,"ftype":0,"rtUrls":[],"djId":0,"copyright":1,"s_id":0,"mst":9,"cp":14026,"mv":5917878,"rtype":0,"rurl":null,"publishTime":1528732800007},{"name":"繁华梦","id":571336912,"pst":0,"t":0,"ar":[{"id":7890,"name":"黄龄","tns":[],"alias":[]}],"alia":["电视剧《扶摇》插曲"],"pop":100.0,"st":0,"rt":null,"fee":8,"v":4,"crbt":null,"cf":"","al":{"id":39592227,"name":"繁华梦","picUrl":"http://p1.music.126.net/6zcH_ecshqXwCl8LsxmoEg==/109951163351782860.jpg","tns":[],"pic_str":"109951163351782860","pic":109951163351782860},"dt":306206,"h":{"br":320000,"fid":0,"size":12250427,"vd":-1.0},"m":{"br":192000,"fid":0,"size":7350274,"vd":0.0},"l":{"br":128000,"fid":0,"size":4900197,"vd":0.0},"a":null,"cd":"","no":1,"rtUrl":null,"ftype":0,"rtUrls":[],"djId":0,"copyright":0,"s_id":0,"mst":9,"cp":756015,"mv":0,"rtype":0,"rurl":null,"publishTime":1528905600007},{"name":"没有人心疼我","id":572042895,"pst":0,"t":0,"ar":[{"id":12382970,"name":"陈雪凝","tns":[],"alias":[]}],"alia":[],"pop":100.0,"st":0,"rt":null,"fee":8,"v":7,"crbt":null,"cf":"","al":{"id":39620358,"name":"没有人心疼我","picUrl":"http://p1.music.126.net/K7Bmtm6YZ6U0YKWd66fk1A==/109951163339830733.jpg","tns":[],"pic_str":"109951163339830733","pic":109951163339830733},"dt":269047,"h":{"br":320000,"fid":0,"size":10764582,"vd":-2.0},"m":{"br":192000,"fid":0,"size":6458767,"vd":-1.0},"l":{"br":128000,"fid":0,"size":4305859,"vd":-1.0},"a":null,"cd":"","no":1,"rtUrl":null,"ftype":0,"rtUrls":[],"djId":0,"copyright":0,"s_id":0,"mst":9,"cp":0,"mv":0,"rtype":0,"rurl":null,"publishTime":1528416000000},{"name":"第五人格","id":862099538,"pst":0,"t":0,"ar":[{"id":1142042,"name":"徐梦圆","tns":[],"alias":[]}],"alia":[],"pop":100.0,"st":0,"rt":null,"fee":0,"v":1,"crbt":null,"cf":"","al":{"id":71611758,"name":"Five","picUrl":"http://p1.music.126.net/lx5_Kq-S73yJ6vP_eF3QNg==/109951163377709735.jpg","tns":[],"pic_str":"109951163377709735","pic":109951163377709735},"dt":221425,"h":{"br":320000,"fid":0,"size":8859733,"vd":0.0},"m":{"br":192000,"fid":0,"size":5315857,"vd":0.0},"l":{"br":128000,"fid":0,"size":3543919,"vd":0.0},"a":null,"cd":"","no":1,"rtUrl":null,"ftype":0,"rtUrls":[],"djId":0,"copyright":0,"s_id":0,"mst":9,"cp":0,"mv":0,"rtype":0,"rurl":null,"publishTime":1530028800007},{"name":"昨日","id":864099057,"pst":0,"t":0,"ar":[{"id":1195028,"name":"鹿先森乐队","tns":[],"alias":[]}],"alia":[],"pop":0.0,"st":0,"rt":null,"fee":8,"v":1,"crbt":null,"cf":"","al":{"id":71722643,"name":"昨日","picUrl":"http://p1.music.126.net/U9efkO9PyO1eNDOgSNQEGA==/109951163388559053.jpg","tns":[],"pic_str":"109951163388559053","pic":109951163388559053},"dt":316949,"h":{"br":320000,"fid":0,"size":12680925,"vd":-3.0},"m":{"br":192000,"fid":0,"size":7608573,"vd":-2.0},"l":{"br":128000,"fid":0,"size":5072396,"vd":-2.0},"a":null,"cd":"","no":0,"rtUrl":null,"ftype":0,"rtUrls":[],"djId":0,"copyright":0,"s_id":0,"mst":9,"cp":36016,"mv":0,"rtype":0,"rurl":null,"publishTime":1530633600007},{"name":"最美的期待","id":862100828,"pst":0,"t":0,"ar":[{"id":189873,"name":"南征北战","tns":[],"alias":[]}],"alia":[],"pop":100.0,"st":0,"rt":null,"fee":0,"v":1,"crbt":null,"cf":"","al":{"id":71612860,"name":"最美的期待","picUrl":"http://p1.music.126.net/fRZXMk6y-GD7v1gSryu-4A==/109951163381083877.jpg","tns":[],"pic_str":"109951163381083877","pic":109951163381083877},"dt":237936,"h":{"br":320000,"fid":0,"size":9520109,"vd":-4.0},"m":{"br":192000,"fid":0,"size":5712083,"vd":-3.0},"l":{"br":128000,"fid":0,"size":3808070,"vd":-3.0},"a":null,"cd":"","no":0,"rtUrl":null,"ftype":0,"rtUrls":[],"djId":0,"copyright":0,"s_id":0,"mst":9,"cp":459011,"mv":0,"rtype":0,"rurl":null,"publishTime":1530201600007},{"name":"谁 (Live版)","id":566436427,"pst":0,"t":0,"ar":[{"id":13022016,"name":"廖俊涛","tns":[],"alias":[]}],"alia":[],"pop":100.0,"st":0,"rt":null,"fee":8,"v":107,"crbt":null,"cf":"","al":{"id":39263103,"name":"这个人创作LIVE现场辑","picUrl":"http://p1.music.126.net/7HzttIveECGYRhAjKCCdfg==/109951163315608239.jpg","tns":[],"pic_str":"109951163315608239","pic":109951163315608239},"dt":254428,"h":{"br":320000,"fid":0,"size":10179440,"vd":-2.0},"m":{"br":192000,"fid":0,"size":6107681,"vd":-2.0},"l":{"br":128000,"fid":0,"size":4071802,"vd":-2.0},"a":null,"cd":"1","no":4,"rtUrl":null,"ftype":0,"rtUrls":[],"djId":0,"copyright":2,"s_id":0,"mst":9,"cp":755014,"mv":5917923,"rtype":0,"rurl":null,"publishTime":1528905600007},{"name":"王牌冤家","id":862129612,"pst":0,"t":0,"ar":[{"id":4292,"name":"李荣浩","tns":[],"alias":[]}],"alia":[],"pop":100.0,"st":0,"rt":null,"fee":8,"v":10,"crbt":null,"cf":"","al":{"id":71619831,"name":"王牌冤家","picUrl":"http://p1.music.126.net/ldRfSHRgtSZRsNruD54taQ==/109951163370797182.jpg","tns":[],"pic_str":"109951163370797182","pic":109951163370797182},"dt":244914,"h":{"br":320000,"fid":0,"size":9799097,"vd":0.0},"m":{"br":192000,"fid":0,"size":5879475,"vd":0.0},"l":{"br":128000,"fid":0,"size":3919665,"vd":0.0},"a":null,"cd":"1","no":1,"rtUrl":null,"ftype":0,"rtUrls":[],"djId":0,"copyright":1,"s_id":0,"mst":9,"cp":7002,"mv":5961050,"rtype":0,"rurl":null,"publishTime":1529683200007},{"name":"ZIGZAG","id":864099106,"pst":0,"t":0,"ar":[{"id":13972114,"name":"MR-X","tns":[],"alias":[]}],"alia":[],"pop":0.0,"st":0,"rt":null,"fee":0,"v":1,"crbt":null,"cf":"","al":{"id":71722684,"name":"ZIGZAG","picUrl":"http://p1.music.126.net/3AosAkt6dSFE3K9kKeqR_w==/109951163388776216.jpg","tns":[],"pic_str":"109951163388776216","pic":109951163388776216},"dt":217181,"h":{"br":320000,"fid":0,"size":8689415,"vd":-3.0},"m":{"br":192000,"fid":0,"size":5213666,"vd":-2.0},"l":{"br":128000,"fid":0,"size":3475792,"vd":-2.0},"a":null,"cd":"","no":0,"rtUrl":null,"ftype":0,"rtUrls":[],"djId":0,"copyright":0,"s_id":0,"mst":9,"cp":549016,"mv":0,"rtype":0,"rurl":null,"publishTime":1530633600007},{"name":"Wait A Minute","id":573583409,"pst":0,"t":0,"ar":[{"id":15021290,"name":"乐华七子NEXT","tns":[],"alias":[]}],"alia":["等一下"],"pop":100.0,"st":0,"rt":null,"fee":4,"v":4,"crbt":null,"cf":"","al":{"id":39592306,"name":"THE FIRST I","picUrl":"http://p1.music.126.net/r1oeSDKbatOCrshT6_SPWg==/109951163366934124.jpg","tns":[],"pic_str":"109951163366934124","pic":109951163366934124},"dt":201720,"h":{"br":320000,"fid":0,"size":8071880,"vd":1.0},"m":{"br":192000,"fid":0,"size":4843146,"vd":2.0},"l":{"br":128000,"fid":0,"size":3228778,"vd":2.0},"a":null,"cd":"","no":1,"rtUrl":null,"ftype":0,"rtUrls":[],"djId":0,"copyright":0,"s_id":0,"mst":9,"cp":757013,"mv":5955052,"rtype":0,"rurl":null,"publishTime":1529510400007},{"name":"天地","id":571068108,"pst":0,"t":0,"ar":[{"id":964108,"name":"吴亦凡","tns":[],"alias":[]}],"alia":["《中国新说唱》主题曲"],"pop":100.0,"st":0,"rt":null,"fee":8,"v":8,"crbt":null,"cf":"","al":{"id":39564043,"name":"天地","picUrl":"http://p1.music.126.net/qEyQhqGR3qP1nCBxU7_0dQ==/109951163332645756.jpg","tns":[],"pic_str":"109951163332645756","pic":109951163332645756},"dt":216137,"h":{"br":320000,"fid":0,"size":8646574,"vd":0.0},"m":{"br":192000,"fid":0,"size":5187962,"vd":0.0},"l":{"br":128000,"fid":0,"size":3458656,"vd":0.0},"a":null,"cd":"1","no":1,"rtUrl":null,"ftype":0,"rtUrls":[],"djId":0,"copyright":0,"s_id":0,"mst":9,"cp":7003,"mv":5917793,"rtype":0,"rurl":null,"publishTime":1528243200000},{"name":"可能否","id":571074119,"pst":0,"t":0,"ar":[{"id":14019270,"name":"夏磊","tns":[],"alias":[]}],"alia":[],"pop":100.0,"st":0,"rt":null,"fee":0,"v":4,"crbt":null,"cf":"","al":{"id":39577042,"name":"可能否","picUrl":"http://p1.music.126.net/dclGmiJBDktn9aqafE-JiA==/109951163333343385.jpg","tns":[],"pic_str":"109951163333343385","pic":109951163333343385},"dt":229668,"h":{"br":320000,"fid":0,"size":9188876,"vd":0.0},"m":{"br":192000,"fid":0,"size":5513343,"vd":0.0},"l":{"br":128000,"fid":0,"size":3675577,"vd":0.0},"a":null,"cd":"","no":0,"rtUrl":null,"ftype":0,"rtUrls":[],"djId":0,"copyright":0,"s_id":0,"mst":9,"cp":0,"mv":0,"rtype":0,"rurl":null,"publishTime":1528041600007},{"name":"消愁","id":569200213,"pst":0,"t":0,"ar":[{"id":12138269,"name":"毛不易","tns":[],"alias":[]}],"alia":[],"pop":100.0,"st":0,"rt":null,"fee":4,"v":86,"crbt":null,"cf":"","al":{"id":39483040,"name":"平凡的一天","picUrl":"http://p1.music.126.net/vmCcDvD1H04e9gm97xsCqg==/109951163350929740.jpg","tns":[],"pic_str":"109951163350929740","pic":109951163350929740},"dt":261346,"h":{"br":320000,"fid":0,"size":10456338,"vd":0.0},"m":{"br":192000,"fid":0,"size":6273820,"vd":0.0},"l":{"br":128000,"fid":0,"size":4182561,"vd":0.0},"a":null,"cd":"2：非凡精选","no":4,"rtUrl":null,"ftype":0,"rtUrls":[],"djId":0,"copyright":2,"s_id":0,"mst":9,"cp":755014,"mv":5958062,"rtype":0,"rurl":null,"publishTime":1530547200007},{"name":"Midsummer Madness","id":571339219,"pst":0,"t":0,"ar":[{"id":15022053,"name":"88rising","tns":[],"alias":[]},{"id":12203295,"name":"joji","tns":[],"alias":[]},{"id":12024301,"name":"Rich Brian","tns":[],"alias":[]},{"id":12002201,"name":"Higher Brothers","tns":[],"alias":[]},{"id":13161102,"name":"AUGUST 08","tns":[],"alias":[]}],"alia":[],"pop":100.0,"st":0,"rt":null,"fee":8,"v":5,"crbt":null,"cf":"","al":{"id":39591069,"name":"Midsummer Madness","picUrl":"http://p1.music.126.net/ctp0JXuYTKrT4VUGrOPrHg==/109951163336469698.jpg","tns":[],"pic_str":"109951163336469698","pic":109951163336469698},"dt":280841,"h":{"br":320000,"fid":0,"size":11235831,"vd":0.0},"m":{"br":192000,"fid":0,"size":6741516,"vd":0.0},"l":{"br":128000,"fid":0,"size":4494359,"vd":0.0},"a":null,"cd":"","no":0,"rtUrl":null,"ftype":0,"rtUrls":[],"djId":0,"copyright":0,"s_id":0,"mst":9,"cp":36016,"mv":5917725,"rtype":0,"rurl":null,"publishTime":1528300800007},{"name":"醒着醉","id":571338083,"pst":0,"t":0,"ar":[{"id":13609637,"name":"马良","tns":[],"alias":[]}],"alia":[],"pop":100.0,"st":0,"rt":null,"fee":8,"v":1,"crbt":null,"cf":"","al":{"id":39591023,"name":"醒着醉","picUrl":"http://p1.music.126.net/g-tbzhZCU2opvigyB2g_Qg==/109951163334448121.jpg","tns":[],"pic_str":"109951163334448121","pic":109951163334448121},"dt":228864,"h":{"br":320000,"fid":0,"size":9157529,"vd":0.0},"m":{"br":192000,"fid":0,"size":5494535,"vd":0.0},"l":{"br":128000,"fid":0,"size":3663038,"vd":0.0},"a":null,"cd":"","no":0,"rtUrl":null,"ftype":0,"rtUrls":[],"djId":0,"copyright":0,"s_id":0,"mst":9,"cp":0,"mv":0,"rtype":0,"rurl":null,"publishTime":1528214400007},{"name":"曾经盛夏","id":862099917,"pst":0,"t":0,"ar":[{"id":15022221,"name":"萨沙","tns":[],"alias":[]}],"alia":[],"pop":10.0,"st":0,"rt":null,"fee":8,"v":11,"crbt":null,"cf":"","al":{"id":71611852,"name":"此时盛夏","picUrl":"http://p1.music.126.net/7wSvQD9LGOX1qmZ64tC71A==/109951163388581516.jpg","tns":[],"pic_str":"109951163388581516","pic":109951163388581516},"dt":268444,"h":{"br":320000,"fid":0,"size":10740550,"vd":-3.0},"m":{"br":192000,"fid":0,"size":6444347,"vd":-3.0},"l":{"br":128000,"fid":0,"size":4296246,"vd":-3.0},"a":null,"cd":"","no":2,"rtUrl":null,"ftype":0,"rtUrls":[],"djId":0,"copyright":2,"s_id":0,"mst":9,"cp":1369826,"mv":0,"rtype":0,"rurl":null,"publishTime":1530460800007},{"name":"夏风","id":863709049,"pst":0,"t":0,"ar":[{"id":14017398,"name":"Gifty","tns":[],"alias":[]}],"alia":[],"pop":100.0,"st":0,"rt":null,"fee":0,"v":9,"crbt":null,"cf":"","al":{"id":71686235,"name":"夏风","picUrl":"http://p1.music.126.net/m1zAooK_OU0fOBJsyYRMOg==/109951163383979220.jpg","tns":[],"pic_str":"109951163383979220","pic":109951163383979220},"dt":194351,"h":{"br":320000,"fid":0,"size":7776174,"vd":0.0},"m":{"br":192000,"fid":0,"size":4665722,"vd":0.0},"l":{"br":128000,"fid":0,"size":3110496,"vd":0.0},"a":null,"cd":"","no":1,"rtUrl":null,"ftype":0,"rtUrls":[],"djId":0,"copyright":0,"s_id":0,"mst":9,"cp":0,"mv":0,"rtype":0,"rurl":null,"publishTime":1530316800000},{"name":"窗","id":573577092,"pst":0,"t":0,"ar":[{"id":187229,"name":"吴青峰","tns":[],"alias":[]}],"alia":["电视剧《扶摇》片尾曲/人物主题曲"],"pop":100.0,"st":0,"rt":null,"fee":8,"v":5,"crbt":null,"cf":"","al":{"id":39719032,"name":"窗","picUrl":"http://p1.music.126.net/R-DcicXbPYdzVUaI2MGpdw==/109951163363701829.jpg","tns":[],"pic_str":"109951163363701829","pic":109951163363701829},"dt":210428,"h":{"br":320000,"fid":0,"size":8419831,"vd":-3.0},"m":{"br":192000,"fid":0,"size":5051916,"vd":-3.0},"l":{"br":128000,"fid":0,"size":3367959,"vd":-3.0},"a":null,"cd":"","no":1,"rtUrl":null,"ftype":0,"rtUrls":[],"djId":0,"copyright":1,"s_id":0,"mst":9,"cp":756015,"mv":0,"rtype":0,"rurl":null,"publishTime":1529337600007},{"name":"Connection","id":574922126,"pst":0,"t":0,"ar":[{"id":98105,"name":"OneRepublic","tns":[],"alias":[]}],"alia":[],"pop":100.0,"st":0,"rt":null,"fee":8,"v":3,"crbt":null,"cf":"","al":{"id":39791185,"name":"Connection","picUrl":"http://p1.music.126.net/Cfpjdoeh2ZZ59gE3bN6G-Q==/109951163378041711.jpg","tns":[],"pic_str":"109951163378041711","pic":109951163378041711},"dt":148506,"h":{"br":320000,"fid":0,"size":5941333,"vd":-2.0},"m":{"br":192000,"fid":0,"size":3564817,"vd":-1.0},"l":{"br":128000,"fid":0,"size":2376559,"vd":-1.0},"a":null,"cd":"1","no":1,"rtUrl":null,"ftype":0,"rtUrls":[],"djId":0,"copyright":1,"s_id":0,"mst":9,"cp":7003,"mv":0,"rtype":0,"rurl":null,"publishTime":1529942400007},{"name":"平凡的一天","id":569214247,"pst":0,"t":0,"ar":[{"id":12138269,"name":"毛不易","tns":[],"alias":[]}],"alia":[],"pop":100.0,"st":0,"rt":null,"fee":4,"v":89,"crbt":null,"cf":"","al":{"id":39483040,"name":"平凡的一天","picUrl":"http://p1.music.126.net/vmCcDvD1H04e9gm97xsCqg==/109951163350929740.jpg","tns":[],"pic_str":"109951163350929740","pic":109951163350929740},"dt":276773,"h":{"br":320000,"fid":0,"size":11073872,"vd":0.0},"m":{"br":192000,"fid":0,"size":6644341,"vd":0.0},"l":{"br":128000,"fid":0,"size":4429575,"vd":0.0},"a":null,"cd":"1：平凡新作","no":1,"rtUrl":null,"ftype":0,"rtUrls":[],"djId":0,"copyright":2,"s_id":0,"mst":9,"cp":755014,"mv":5952085,"rtype":0,"rurl":null,"publishTime":1530547200007},{"name":"有生之年再也不见","id":574928277,"pst":0,"t":0,"ar":[{"id":7481,"name":"崔子格","tns":[],"alias":[]}],"alia":[],"pop":90.0,"st":0,"rt":null,"fee":0,"v":1,"crbt":null,"cf":"","al":{"id":39792141,"name":"有生之年再也不见","picUrl":"http://p1.music.126.net/eitzCL5-dUjyPcSQjE12vw==/109951163386196616.jpg","tns":[],"pic_str":"109951163386196616","pic":109951163386196616},"dt":262500,"h":{"br":320000,"fid":0,"size":10502313,"vd":-1.0},"m":{"br":192000,"fid":0,"size":6301405,"vd":0.0},"l":{"br":128000,"fid":0,"size":4200951,"vd":0.0},"a":null,"cd":"1","no":3,"rtUrl":null,"ftype":0,"rtUrls":[],"djId":0,"copyright":0,"s_id":0,"mst":9,"cp":725011,"mv":0,"rtype":0,"rurl":null,"publishTime":1530460800000},{"name":"初心","id":573577614,"pst":0,"t":0,"ar":[{"id":166016,"name":"张赫宣","tns":[],"alias":[]}],"alia":["超级网剧《镇魂》插曲"],"pop":100.0,"st":0,"rt":null,"fee":0,"v":3,"crbt":null,"cf":"","al":{"id":39720163,"name":"初心","picUrl":"http://p1.music.126.net/bFeiVfmrl3IRM653po0WrA==/109951163368511110.jpg","tns":[],"pic_str":"109951163368511110","pic":109951163368511110},"dt":232500,"h":{"br":320000,"fid":0,"size":9302770,"vd":0.0},"m":{"br":192000,"fid":0,"size":5581680,"vd":0.0},"l":{"br":128000,"fid":0,"size":3721134,"vd":0.0},"a":null,"cd":"","no":0,"rtUrl":null,"ftype":0,"rtUrls":[],"djId":0,"copyright":0,"s_id":0,"mst":9,"cp":414012,"mv":0,"rtype":0,"rurl":null,"publishTime":1529596800007},{"name":"落花成泥","id":571340268,"pst":0,"t":0,"ar":[{"id":1032298,"name":"鞠婧祎","tns":[],"alias":[]}],"alia":["电视剧《芸汐传》推广曲"],"pop":100.0,"st":0,"rt":null,"fee":0,"v":5,"crbt":null,"cf":"","al":{"id":39592082,"name":"落花成泥","picUrl":"http://p1.music.126.net/gZBpIucAMqpJwLRXLZ7HAA==/109951163337945829.jpg","tns":[],"pic_str":"109951163337945829","pic":109951163337945829},"dt":281466,"h":{"br":320000,"fid":0,"size":11260909,"vd":0.0},"m":{"br":192000,"fid":0,"size":6756563,"vd":0.0},"l":{"br":128000,"fid":0,"size":4504390,"vd":0.0},"a":null,"cd":"","no":0,"rtUrl":null,"ftype":0,"rtUrls":[],"djId":0,"copyright":0,"s_id":0,"mst":9,"cp":36015,"mv":5917904,"rtype":0,"rurl":null,"publishTime":1528387200007},{"name":"Waiting For","id":573125026,"pst":0,"t":0,"ar":[{"id":1008034,"name":"鬼卞","tns":[],"alias":[]}],"alia":[],"pop":100.0,"st":0,"rt":null,"fee":8,"v":3,"crbt":null,"cf":"","al":{"id":39591273,"name":"Waiting For","picUrl":"http://p1.music.126.net/8QL660z5azCPqGTPgdSI8g==/109951163353384186.jpg","tns":[],"pic_str":"109951163353384186","pic":109951163353384186},"dt":196206,"h":{"br":320000,"fid":0,"size":7851407,"vd":0.0},"m":{"br":192000,"fid":0,"size":4710862,"vd":0.0},"l":{"br":128000,"fid":0,"size":3140589,"vd":0.0},"a":null,"cd":"","no":1,"rtUrl":null,"ftype":0,"rtUrls":[],"djId":0,"copyright":0,"s_id":0,"mst":9,"cp":0,"mv":0,"rtype":0,"rurl":null,"publishTime":1528992000007},{"name":"坚决不吃","id":862912336,"pst":0,"t":0,"ar":[{"id":4513,"name":"馒头","tns":[],"alias":[]}],"alia":[],"pop":100.0,"st":0,"rt":null,"fee":0,"v":4,"crbt":null,"cf":"","al":{"id":71638243,"name":"坚决不吃","picUrl":"http://p1.music.126.net/QUK5WHW91Hy-mv97Yq8LCw==/109951163376010882.jpg","tns":[],"pic_str":"109951163376010882","pic":109951163376010882},"dt":105812,"h":{"br":320000,"fid":0,"size":4238150,"vd":-1.0},"m":{"br":192000,"fid":0,"size":2542907,"vd":0.0},"l":{"br":128000,"fid":0,"size":1695286,"vd":0.0},"a":null,"cd":"","no":1,"rtUrl":null,"ftype":0,"rtUrls":[],"djId":0,"copyright":0,"s_id":0,"mst":9,"cp":0,"mv":0,"rtype":0,"rurl":null,"publishTime":1529884800000},{"name":"第二杯半价","id":571854148,"pst":0,"t":0,"ar":[{"id":12308136,"name":"纳豆","tns":[],"alias":[]}],"alia":[],"pop":100.0,"st":0,"rt":null,"fee":8,"v":5,"crbt":null,"cf":"","al":{"id":39563457,"name":"第二杯半价","picUrl":"http://p1.music.126.net/8CTGjzEIvp2Is-xsdZHVgg==/109951163339494182.jpg","tns":[],"pic_str":"109951163339494182","pic":109951163339494182},"dt":165141,"h":{"br":320000,"fid":0,"size":6607978,"vd":-1.0},"m":{"br":192000,"fid":0,"size":3964804,"vd":-1.0},"l":{"br":128000,"fid":0,"size":2643217,"vd":0.0},"a":null,"cd":"1","no":1,"rtUrl":null,"ftype":0,"rtUrls":[],"djId":0,"copyright":0,"s_id":0,"mst":9,"cp":0,"mv":0,"rtype":0,"rurl":null,"publishTime":1528387200000},{"name":"海盗船长2.0","id":571601379,"pst":0,"t":0,"ar":[{"id":8103,"name":"花粥","tns":[],"alias":[]},{"id":1032016,"name":"风子","tns":[],"alias":[]}],"alia":[],"pop":100.0,"st":0,"rt":null,"fee":0,"v":3,"crbt":null,"cf":"","al":{"id":39517921,"name":"粥请客（一）","picUrl":"http://p1.music.126.net/OqfOJEOTevVEafeMRfpq5g==/109951163336170259.jpg","tns":[],"pic_str":"109951163336170259","pic":109951163336170259},"dt":287573,"h":{"br":320000,"fid":0,"size":11505415,"vd":-1.0},"m":{"br":192000,"fid":0,"size":6903266,"vd":-1.0},"l":{"br":128000,"fid":0,"size":4602192,"vd":-1.0},"a":null,"cd":"","no":1,"rtUrl":null,"ftype":0,"rtUrls":[],"djId":0,"copyright":0,"s_id":0,"mst":9,"cp":0,"mv":0,"rtype":0,"rurl":null,"publishTime":1528243200000},{"name":"Dance To This","id":573240010,"pst":0,"t":0,"ar":[{"id":45129,"name":"Troye Sivan","tns":[],"alias":[]},{"id":48161,"name":"Ariana Grande","tns":[],"alias":[]}],"alia":[],"pop":100.0,"st":0,"rt":null,"fee":8,"v":3,"crbt":null,"cf":"","al":{"id":39694010,"name":"Dance To This","picUrl":"http://p1.music.126.net/7-lOXPjKw0rATcZFOZI5fQ==/109951163352630593.jpg","tns":[],"pic_str":"109951163352630593","pic":109951163352630593},"dt":231888,"h":{"br":320000,"fid":0,"size":9276648,"vd":0.0},"m":{"br":192000,"fid":0,"size":5566006,"vd":0.0},"l":{"br":128000,"fid":0,"size":3710685,"vd":0.0},"a":null,"cd":"1","no":1,"rtUrl":null,"ftype":0,"rtUrls":[],"djId":0,"copyright":1,"s_id":0,"mst":9,"cp":7003,"mv":0,"rtype":0,"rurl":null,"publishTime":1528819200007},{"name":"可不可以","id":862099184,"pst":0,"t":0,"ar":[{"id":188565,"name":"银临","tns":[],"alias":[]}],"alia":[],"pop":100.0,"st":0,"rt":null,"fee":0,"v":2,"crbt":null,"cf":"","al":{"id":71614679,"name":"可不可以","picUrl":"http://p1.music.126.net/9QiNsyeyywu372rSfXspPw==/109951163371434071.jpg","tns":[],"pic_str":"109951163371434071","pic":109951163371434071},"dt":260063,"h":{"br":320000,"fid":0,"size":10405138,"vd":0.0},"m":{"br":192000,"fid":0,"size":6243100,"vd":0.0},"l":{"br":128000,"fid":0,"size":4162081,"vd":0.0},"a":null,"cd":"","no":1,"rtUrl":null,"ftype":0,"rtUrls":[],"djId":0,"copyright":0,"s_id":0,"mst":9,"cp":0,"mv":10731048,"rtype":0,"rurl":null,"publishTime":1529683200007},{"name":"Over My Skin","id":573577428,"pst":0,"t":0,"ar":[{"id":126009,"name":"Tiffany Young","tns":[],"alias":[]}],"alia":[],"pop":100.0,"st":0,"rt":null,"fee":8,"v":5,"crbt":null,"cf":"","al":{"id":39721081,"name":"Over My Skin","picUrl":"http://p1.music.126.net/X0u2ACWRZ1h6qMr_wU7pIQ==/109951163366912427.jpg","tns":[],"pic_str":"109951163366912427","pic":109951163366912427},"dt":176215,"h":{"br":320000,"fid":0,"size":7051015,"vd":-1.0},"m":{"br":192000,"fid":0,"size":4230626,"vd":0.0},"l":{"br":128000,"fid":0,"size":2820432,"vd":0.0},"a":null,"cd":"1","no":1,"rtUrl":null,"ftype":0,"rtUrls":[],"djId":0,"copyright":0,"s_id":0,"mst":9,"cp":760010,"mv":0,"rtype":0,"rurl":null,"publishTime":1530115200007},{"name":"不打扰","id":571338448,"pst":0,"t":0,"ar":[{"id":12085016,"name":"接个吻，开一枪","tns":[],"alias":[]},{"id":12798217,"name":"switch godLe$","tns":[],"alias":[]},{"id":12002248,"name":"沈以诚","tns":[],"alias":[]}],"alia":[],"pop":100.0,"st":0,"rt":null,"fee":8,"v":43,"crbt":null,"cf":"","al":{"id":39593148,"name":"不打扰","picUrl":"http://p1.music.126.net/qkwEWilzoG0Ztw4SptGEGQ==/109951163340892105.jpg","tns":[],"pic_str":"109951163340892105","pic":109951163340892105},"dt":176526,"h":{"br":320000,"fid":0,"size":7063554,"vd":0.0},"m":{"br":192000,"fid":0,"size":4238150,"vd":0.0},"l":{"br":128000,"fid":0,"size":2825448,"vd":0.0},"a":null,"cd":"","no":1,"rtUrl":null,"ftype":0,"rtUrls":[],"djId":0,"copyright":0,"s_id":0,"mst":9,"cp":0,"mv":0,"rtype":0,"rurl":null,"publishTime":1528473600007},{"name":"你要的爱 (深夜版)","id":863489040,"pst":0,"t":0,"ar":[{"id":7535,"name":"戴佩妮","tns":[],"alias":[]}],"alia":["电视剧《流星花园》插曲"],"pop":10.0,"st":0,"rt":null,"fee":8,"v":8,"crbt":null,"cf":"","al":{"id":71613902,"name":"你要的爱 (深夜版)","picUrl":"http://p1.music.126.net/BKKRW2VNaNsyBztYP3F58Q==/109951163386826862.jpg","tns":[],"pic_str":"109951163386826862","pic":109951163386826862},"dt":261164,"h":{"br":320000,"fid":0,"size":10449023,"vd":0.0},"m":{"br":192000,"fid":0,"size":6269431,"vd":0.0},"l":{"br":128000,"fid":0,"size":4179635,"vd":0.0},"a":null,"cd":"","no":1,"rtUrl":null,"ftype":0,"rtUrls":[],"djId":0,"copyright":2,"s_id":0,"mst":9,"cp":22001,"mv":10729206,"rtype":0,"rurl":null,"publishTime":1530547200007},{"name":"余生无你","id":572028819,"pst":0,"t":0,"ar":[{"id":14115582,"name":"马喆","tns":[],"alias":[]}],"alia":[],"pop":100.0,"st":0,"rt":null,"fee":0,"v":8,"crbt":null,"cf":"","al":{"id":39622369,"name":"余生无你（Demo）","picUrl":"http://p1.music.126.net/gTC6ordHgi-FzICDGGWwNQ==/109951163339733334.jpg","tns":[],"pic_str":"109951163339733334","pic":109951163339733334},"dt":248030,"h":{"br":320000,"fid":0,"size":9923440,"vd":0.0},"m":{"br":192000,"fid":0,"size":5954081,"vd":0.0},"l":{"br":128000,"fid":0,"size":3969402,"vd":0.0},"a":null,"cd":"","no":1,"rtUrl":null,"ftype":0,"rtUrls":[],"djId":0,"copyright":2,"s_id":0,"mst":9,"cp":0,"mv":0,"rtype":0,"rurl":null,"publishTime":1528416000000},{"name":"爱如意","id":574919590,"pst":0,"t":0,"ar":[{"id":7763,"name":"G.E.M.邓紫棋","tns":[],"alias":[]}],"alia":["电影《阿修罗》主题曲"],"pop":100.0,"st":0,"rt":null,"fee":0,"v":16,"crbt":null,"cf":"","al":{"id":39723525,"name":"爱如意","picUrl":"http://p1.music.126.net/egPNbidvf9TaI-asdoHpSg==/109951163380057849.jpg","tns":[],"pic_str":"109951163380057849","pic":109951163380057849},"dt":237352,"h":{"br":320000,"fid":0,"size":9497121,"vd":0.0},"m":{"br":192000,"fid":0,"size":5698290,"vd":0.0},"l":{"br":128000,"fid":0,"size":3798875,"vd":0.0},"a":null,"cd":"1","no":1,"rtUrl":null,"ftype":0,"rtUrls":[],"djId":0,"copyright":0,"s_id":0,"mst":9,"cp":27001,"mv":5955266,"rtype":0,"rurl":null,"publishTime":1529856000000},{"name":"买条街","id":573843002,"pst":0,"t":0,"ar":[{"id":12782871,"name":"$唐老师","tns":[],"alias":[]},{"id":13527275,"name":"Wya乌鸦","tns":[],"alias":[]}],"alia":[],"pop":100.0,"st":0,"rt":null,"fee":0,"v":5,"crbt":null,"cf":"","al":{"id":39686683,"name":"买条街","picUrl":"http://p1.music.126.net/uv2TrxMzJb5dJdV7eYdBZg==/109951163360056941.jpg","tns":[],"pic_str":"109951163360056941","pic":109951163360056941},"dt":185806,"h":{"br":320000,"fid":0,"size":7434493,"vd":0.0},"m":{"br":192000,"fid":0,"size":4460713,"vd":0.0},"l":{"br":128000,"fid":0,"size":2973823,"vd":0.0},"a":null,"cd":"","no":1,"rtUrl":null,"ftype":0,"rtUrls":[],"djId":0,"copyright":0,"s_id":0,"mst":9,"cp":0,"mv":0,"rtype":0,"rurl":null,"publishTime":1529107200000},{"name":"撒呦娜啦","id":862098138,"pst":0,"t":0,"ar":[{"id":12050057,"name":"G.G(张思源)","tns":[],"alias":[]}],"alia":[],"pop":100.0,"st":0,"rt":null,"fee":8,"v":6,"crbt":null,"cf":"","al":{"id":71612669,"name":"撒呦娜啦","picUrl":"http://p1.music.126.net/BOJS5I1MUMoSvN80gbwAjA==/109951163370210671.jpg","tns":[],"pic_str":"109951163370210671","pic":109951163370210671},"dt":184615,"h":{"br":320000,"fid":0,"size":7387472,"vd":-1.0},"m":{"br":192000,"fid":0,"size":4432501,"vd":-1.0},"l":{"br":128000,"fid":0,"size":2955015,"vd":-1.0},"a":null,"cd":"","no":0,"rtUrl":null,"ftype":0,"rtUrls":[],"djId":0,"copyright":2,"s_id":0,"mst":9,"cp":760012,"mv":0,"rtype":0,"rurl":null,"publishTime":1529856000007},{"name":"我总是一个人在练习一个人","id":862102972,"pst":0,"t":0,"ar":[{"id":3685,"name":"林宥嘉","tns":[],"alias":[]}],"alia":[],"pop":100.0,"st":0,"rt":null,"fee":8,"v":1,"crbt":null,"cf":"","al":{"id":71611869,"name":"The GREAT YOGA 数位Live 精选","picUrl":"http://p1.music.126.net/DaDXt5iLgHOadKpGOUtUFg==/109951163382248685.jpg","tns":[],"pic_str":"109951163382248685","pic":109951163382248685},"dt":186477,"h":{"br":320000,"fid":0,"size":7461660,"vd":0.0},"m":{"br":192000,"fid":0,"size":4477013,"vd":0.0},"l":{"br":128000,"fid":0,"size":2984690,"vd":0.0},"a":null,"cd":"","no":3,"rtUrl":null,"ftype":0,"rtUrls":[],"djId":0,"copyright":0,"s_id":0,"mst":9,"cp":677020,"mv":0,"rtype":0,"rurl":null,"publishTime":1530374400007},{"name":"For You","id":573583410,"pst":0,"t":0,"ar":[{"id":15021290,"name":"乐华七子NEXT","tns":[],"alias":[]}],"alia":["为你"],"pop":100.0,"st":0,"rt":null,"fee":4,"v":2,"crbt":null,"cf":"","al":{"id":39592306,"name":"THE FIRST I","picUrl":"http://p1.music.126.net/r1oeSDKbatOCrshT6_SPWg==/109951163366934124.jpg","tns":[],"pic_str":"109951163366934124","pic":109951163366934124},"dt":242287,"h":{"br":320000,"fid":0,"size":9694607,"vd":-3.0},"m":{"br":192000,"fid":0,"size":5816782,"vd":-3.0},"l":{"br":128000,"fid":0,"size":3877869,"vd":-3.0},"a":null,"cd":"","no":2,"rtUrl":null,"ftype":0,"rtUrls":[],"djId":0,"copyright":0,"s_id":0,"mst":9,"cp":757013,"mv":0,"rtype":0,"rurl":null,"publishTime":1529510400007},{"name":"故事外的人","id":862515525,"pst":0,"t":0,"ar":[{"id":12413,"name":"慕寒","tns":[],"alias":[]}],"alia":[],"pop":100.0,"st":0,"rt":null,"fee":0,"v":4,"crbt":null,"cf":"","al":{"id":71637911,"name":"故事外的人","picUrl":"http://p1.music.126.net/1rFY7bb4GRiZSdpyec4cKg==/109951163373014235.jpg","tns":[],"pic_str":"109951163373014235","pic":109951163373014235},"dt":288000,"h":{"br":320000,"fid":0,"size":11522133,"vd":0.0},"m":{"br":192000,"fid":0,"size":6913297,"vd":0.0},"l":{"br":128000,"fid":0,"size":4608879,"vd":0.0},"a":null,"cd":"","no":1,"rtUrl":null,"ftype":0,"rtUrls":[],"djId":0,"copyright":0,"s_id":0,"mst":9,"cp":0,"mv":0,"rtype":0,"rurl":null,"publishTime":1529798400000},{"name":"Let It Go","id":862098298,"pst":0,"t":0,"ar":[{"id":15022053,"name":"88rising","tns":[],"alias":[]},{"id":12002201,"name":"Higher Brothers","tns":[],"alias":[]},{"id":13227157,"name":"BlocBoy JB","tns":[],"alias":[]}],"alia":[],"pop":100.0,"st":0,"rt":null,"fee":8,"v":1,"crbt":null,"cf":"","al":{"id":71613718,"name":"Let It Go","picUrl":"http://p1.music.126.net/70KJOIDIQ1-W4K_A1NckBQ==/109951163375576556.jpg","tns":[],"pic_str":"109951163375576556","pic":109951163375576556},"dt":169637,"h":{"br":320000,"fid":0,"size":6787701,"vd":-2.0},"m":{"br":192000,"fid":0,"size":4072638,"vd":-1.0},"l":{"br":128000,"fid":0,"size":2715106,"vd":-1.0},"a":null,"cd":"","no":0,"rtUrl":null,"ftype":0,"rtUrls":[],"djId":0,"copyright":0,"s_id":0,"mst":9,"cp":36016,"mv":0,"rtype":0,"rurl":null,"publishTime":1529942400007},{"name":"That Girl (Donny Bootleg)","id":574837680,"pst":0,"t":0,"ar":[{"id":1183079,"name":"Donny","tns":[],"alias":[]}],"alia":[],"pop":100.0,"st":0,"rt":null,"fee":0,"v":8,"crbt":null,"cf":"","al":{"id":71617628,"name":"That Girl (Donny Bootleg)","picUrl":"http://p1.music.126.net/MwHm5mOPOyIJptiKfgXHhg==/109951163368813830.jpg","tns":[],"pic_str":"109951163368813830","pic":109951163368813830},"dt":178033,"h":{"br":320000,"fid":0,"size":7124158,"vd":-3.0},"m":{"br":192000,"fid":0,"size":4274512,"vd":-3.0},"l":{"br":128000,"fid":0,"size":2849689,"vd":-3.0},"a":null,"cd":"","no":1,"rtUrl":null,"ftype":0,"rtUrls":[],"djId":0,"copyright":0,"s_id":0,"mst":9,"cp":0,"mv":0,"rtype":0,"rurl":null,"publishTime":1529539200000},{"name":"时间飞行","id":862102815,"pst":0,"t":0,"ar":[{"id":893267,"name":"李琦","tns":[],"alias":[]}],"alia":["超级网剧《镇魂》插曲"],"pop":100.0,"st":0,"rt":null,"fee":0,"v":3,"crbt":null,"cf":"","al":{"id":71613845,"name":"镇魂 影视原声大碟","picUrl":"http://p1.music.126.net/8quzHMApNNw4VmcUQgxNCg==/109951163380496022.jpg","tns":[],"pic_str":"109951163380496022","pic":109951163380496022},"dt":174705,"h":{"br":320000,"fid":0,"size":6990411,"vd":0.0},"m":{"br":192000,"fid":0,"size":4194264,"vd":0.0},"l":{"br":128000,"fid":0,"size":2796191,"vd":0.0},"a":null,"cd":"","no":3,"rtUrl":null,"ftype":0,"rtUrls":[],"djId":0,"copyright":0,"s_id":0,"mst":9,"cp":414012,"mv":0,"rtype":0,"rurl":null,"publishTime":1530201600007},{"name":"浮生","id":864100018,"pst":0,"t":0,"ar":[{"id":11370,"name":"丢火车","tns":[],"alias":[]}],"alia":[],"pop":0.0,"st":0,"rt":null,"fee":8,"v":6,"crbt":null,"cf":"","al":{"id":36632213,"name":"浮生","picUrl":"http://p1.music.126.net/dbCY004asYFiwO9-LhrOCw==/109951163049845879.jpg","tns":[],"pic_str":"109951163049845879","pic":109951163049845879},"dt":263477,"h":{"br":320000,"fid":0,"size":10542019,"vd":-1.0},"m":{"br":192000,"fid":0,"size":6325229,"vd":-1.0},"l":{"br":128000,"fid":0,"size":4216834,"vd":-1.0},"a":null,"cd":"","no":4,"rtUrl":null,"ftype":0,"rtUrls":[],"djId":0,"copyright":0,"s_id":0,"mst":9,"cp":736010,"mv":0,"rtype":0,"rurl":null,"publishTime":1530633600007},{"name":"像我这样的人","id":569213220,"pst":0,"t":0,"ar":[{"id":12138269,"name":"毛不易","tns":[],"alias":[]}],"alia":[],"pop":100.0,"st":0,"rt":null,"fee":4,"v":86,"crbt":null,"cf":"","al":{"id":39483040,"name":"平凡的一天","picUrl":"http://p1.music.126.net/vmCcDvD1H04e9gm97xsCqg==/109951163350929740.jpg","tns":[],"pic_str":"109951163350929740","pic":109951163350929740},"dt":207466,"h":{"br":320000,"fid":0,"size":8301758,"vd":0.0},"m":{"br":192000,"fid":0,"size":4981072,"vd":0.0},"l":{"br":128000,"fid":0,"size":3320729,"vd":0.0},"a":null,"cd":"2：非凡精选","no":1,"rtUrl":null,"ftype":0,"rtUrls":[],"djId":0,"copyright":2,"s_id":0,"mst":9,"cp":755014,"mv":5959041,"rtype":0,"rurl":null,"publishTime":1530547200007},{"name":"心酸+浪费+耳朵+想自由","id":862100933,"pst":0,"t":0,"ar":[{"id":3685,"name":"林宥嘉","tns":[],"alias":[]}],"alia":[],"pop":100.0,"st":0,"rt":null,"fee":8,"v":1,"crbt":null,"cf":"","al":{"id":71611869,"name":"The GREAT YOGA 数位Live 精选","picUrl":"http://p1.music.126.net/DaDXt5iLgHOadKpGOUtUFg==/109951163382248685.jpg","tns":[],"pic_str":"109951163382248685","pic":109951163382248685},"dt":639529,"h":{"br":320000,"fid":0,"size":25583325,"vd":-1.0},"m":{"br":192000,"fid":0,"size":15350013,"vd":-1.0},"l":{"br":128000,"fid":0,"size":10233356,"vd":0.0},"a":null,"cd":"","no":13,"rtUrl":null,"ftype":0,"rtUrls":[],"djId":0,"copyright":0,"s_id":0,"mst":9,"cp":677020,"mv":0,"rtype":0,"rurl":null,"publishTime":1530374400007},{"name":"慢慢喜欢你","id":541687281,"pst":0,"t":0,"ar":[{"id":8926,"name":"莫文蔚","tns":[],"alias":[]}],"alia":[],"pop":100.0,"st":0,"rt":null,"fee":4,"v":110,"crbt":null,"cf":"","al":{"id":39355990,"name":"我们在中场相遇","picUrl":"http://p1.music.126.net/THtdeFI72E9E1TIpGizTsg==/109951163316299578.jpg","tns":[],"pic_str":"109951163316299578","pic":109951163316299578},"dt":221447,"h":{"br":320000,"fid":0,"size":8860778,"vd":-2.0},"m":{"br":192000,"fid":0,"size":5316484,"vd":-1.0},"l":{"br":128000,"fid":0,"size":3544337,"vd":-1.0},"a":null,"cd":"1","no":9,"rtUrl":null,"ftype":0,"rtUrls":[],"djId":0,"copyright":2,"s_id":0,"mst":9,"cp":7001,"mv":0,"rtype":0,"rurl":null,"publishTime":1528300800007},{"name":"Tequila (R3HAB Remix)","id":863607147,"pst":0,"t":0,"ar":[{"id":865061,"name":"Dan + Shay","tns":[],"alias":[]},{"id":197248,"name":"R3hab","tns":[],"alias":[]}],"alia":[],"pop":0.0,"st":0,"rt":null,"fee":8,"v":2,"crbt":null,"cf":"","al":{"id":71706491,"name":"Tequila (R3HAB Remix)","picUrl":"http://p1.music.126.net/H20HC0eiUqg7GYd_Yv5iKA==/109951163389671642.jpg","tns":[],"pic_str":"109951163389671642","pic":109951163389671642},"dt":157466,"h":{"br":320000,"fid":0,"size":6299733,"vd":-2.0},"m":{"br":192000,"fid":0,"size":3779857,"vd":-1.0},"l":{"br":128000,"fid":0,"size":2519919,"vd":-1.0},"a":null,"cd":"1","no":1,"rtUrl":null,"ftype":0,"rtUrls":[],"djId":0,"copyright":1,"s_id":0,"mst":9,"cp":7002,"mv":0,"rtype":0,"rurl":null,"publishTime":1529510400007},{"name":"无电竞 不兄弟","id":862102933,"pst":0,"t":0,"ar":[{"id":13058582,"name":"跟风超人","tns":[],"alias":[]}],"alia":[],"pop":100.0,"st":0,"rt":null,"fee":8,"v":3,"crbt":null,"cf":"","al":{"id":71614871,"name":"无电竞 不兄弟","picUrl":"http://p1.music.126.net/suBzzo6A8lQrZWHH0gB6fA==/109951163381837477.jpg","tns":[],"pic_str":"109951163381837477","pic":109951163381837477},"dt":175465,"h":{"br":320000,"fid":0,"size":7021758,"vd":-2.0},"m":{"br":192000,"fid":0,"size":4213072,"vd":-1.0},"l":{"br":128000,"fid":0,"size":2808729,"vd":-1.0},"a":null,"cd":"","no":0,"rtUrl":null,"ftype":0,"rtUrls":[],"djId":0,"copyright":0,"s_id":0,"mst":9,"cp":754016,"mv":5961043,"rtype":0,"rurl":null,"publishTime":1530460800007},{"name":"从来没有 (feat.法老)","id":864147069,"pst":0,"t":0,"ar":[{"id":12003155,"name":"Straight Fire Gang 直火帮","tns":[],"alias":[]},{"id":865007,"name":"法老","tns":[],"alias":[]}],"alia":[],"pop":0.0,"st":0,"rt":null,"fee":0,"v":6,"crbt":null,"cf":"","al":{"id":71713017,"name":"从来没有","picUrl":"http://p1.music.126.net/BfVDtTjAUqgWBWgCpU8h1w==/109951163388737314.jpg","tns":[],"pic_str":"109951163388737314","pic":109951163388737314},"dt":248571,"h":{"br":320000,"fid":0,"size":9945382,"vd":-2.0},"m":{"br":192000,"fid":0,"size":5967247,"vd":-1.0},"l":{"br":128000,"fid":0,"size":3978179,"vd":-1.0},"a":null,"cd":"","no":1,"rtUrl":null,"ftype":0,"rtUrls":[],"djId":0,"copyright":0,"s_id":0,"mst":9,"cp":0,"mv":0,"rtype":0,"rurl":null,"publishTime":1530547200000},{"name":"别遇见","id":862100330,"pst":0,"t":0,"ar":[{"id":5944,"name":"夏天Alex","tns":[],"alias":[]}],"alia":[],"pop":100.0,"st":0,"rt":null,"fee":8,"v":1,"crbt":null,"cf":"","al":{"id":71614725,"name":"别遇见","picUrl":"http://p1.music.126.net/p_rzndaARQ1aFJEQl1QIkA==/109951163375694305.jpg","tns":[],"pic_str":"109951163375694305","pic":109951163375694305},"dt":257586,"h":{"br":320000,"fid":0,"size":10305872,"vd":0.0},"m":{"br":192000,"fid":0,"size":6183541,"vd":0.0},"l":{"br":128000,"fid":0,"size":4122375,"vd":0.0},"a":null,"cd":"","no":1,"rtUrl":null,"ftype":0,"rtUrls":[],"djId":0,"copyright":0,"s_id":0,"mst":9,"cp":656015,"mv":0,"rtype":0,"rurl":null,"publishTime":1530028800007},{"name":"MEGALOBOX","id":862099550,"pst":0,"t":0,"ar":[{"id":14748,"name":"Mabanua","tns":[],"alias":[]}],"alia":[],"pop":100.0,"st":0,"rt":null,"fee":0,"v":408,"crbt":null,"cf":"","al":{"id":71614764,"name":"メガロボクス オリジナル・サウンドトラック","picUrl":"http://p1.music.126.net/2WjA9bpzgxGfqUWIoJ53lg==/109951163378360676.jpg","tns":[],"pic_str":"109951163378360676","pic":109951163378360676},"dt":125770,"h":{"br":320000,"fid":0,"size":5033317,"vd":-1.0},"m":{"br":192000,"fid":0,"size":3020008,"vd":-1.0},"l":{"br":128000,"fid":0,"size":2013353,"vd":-1.0},"a":null,"cd":"1","no":1,"rtUrl":null,"ftype":0,"rtUrls":[],"djId":0,"copyright":2,"s_id":0,"mst":9,"cp":663018,"mv":0,"rtype":0,"rurl":null,"publishTime":1530028800007},{"name":"52hz(Alice version)","id":864181200,"pst":0,"t":0,"ar":[{"id":27868624,"name":"KnowKnow","tns":[],"alias":[]}],"alia":[],"pop":0.0,"st":0,"rt":null,"fee":0,"v":4,"crbt":null,"cf":"","al":{"id":71716891,"name":"52hz","picUrl":"http://p1.music.126.net/p6XEidDmZXXv5wmD-_A6Yw==/109951163389065699.jpg","tns":[],"pic_str":"109951163389065699","pic":109951163389065699},"dt":180000,"h":{"br":320000,"fid":0,"size":7202525,"vd":0.0},"m":{"br":192000,"fid":0,"size":4321533,"vd":0.0},"l":{"br":128000,"fid":0,"size":2881036,"vd":0.0},"a":null,"cd":"","no":1,"rtUrl":null,"ftype":0,"rtUrls":[],"djId":0,"copyright":0,"s_id":0,"mst":9,"cp":0,"mv":0,"rtype":0,"rurl":null,"publishTime":1530621464727},{"name":"Pink Boy","id":864034230,"pst":0,"t":0,"ar":[{"id":0,"name":"影棠","tns":[],"alias":[]},{"id":0,"name":"灿希","tns":[],"alias":[]}],"alia":[],"pop":100.0,"st":0,"rt":null,"fee":0,"v":6,"crbt":null,"cf":"","al":{"id":71711899,"name":"《Pink Boy》（陈立农应援曲）","picUrl":"http://p1.music.126.net/c8HXDflA8owUn5OhphoWtA==/109951163387582116.jpg","tns":[],"pic_str":"109951163387582116","pic":109951163387582116},"dt":305281,"h":{"br":320000,"fid":0,"size":12213856,"vd":0.0},"m":{"br":192000,"fid":0,"size":7328331,"vd":0.0},"l":{"br":128000,"fid":0,"size":4885568,"vd":0.0},"a":null,"cd":"","no":1,"rtUrl":null,"ftype":0,"rtUrls":[],"djId":0,"copyright":0,"s_id":0,"mst":9,"cp":0,"mv":0,"rtype":0,"rurl":null,"publishTime":1529020800000},{"name":"云舒","id":574335388,"pst":0,"t":0,"ar":[{"id":3249,"name":"河图","tns":[],"alias":[]}],"alia":[],"pop":100.0,"st":0,"rt":null,"fee":0,"v":4,"crbt":null,"cf":"","al":{"id":39742305,"name":"云舒","picUrl":"http://p1.music.126.net/_3yCwoLWzz69v2ZO6fQL3g==/109951163364141637.jpg","tns":[],"pic_str":"109951163364141637","pic":109951163364141637},"dt":246671,"h":{"br":320000,"fid":0,"size":9877464,"vd":0.0},"m":{"br":192000,"fid":0,"size":5926496,"vd":0.0},"l":{"br":128000,"fid":0,"size":3951012,"vd":0.0},"a":null,"cd":"","no":1,"rtUrl":null,"ftype":0,"rtUrls":[],"djId":0,"copyright":0,"s_id":0,"mst":9,"cp":0,"mv":0,"rtype":0,"rurl":null,"publishTime":1529251200000},{"name":"Ocean","id":573081624,"pst":0,"t":0,"ar":[{"id":780003,"name":"Martin Garrix","tns":[],"alias":[]},{"id":301757,"name":"Khalid","tns":[],"alias":[]}],"alia":[],"pop":100.0,"st":0,"rt":null,"fee":8,"v":9,"crbt":null,"cf":"","al":{"id":39678584,"name":"Ocean","picUrl":"http://p1.music.126.net/XjKpuV-73Pa7oJ5NRTYIbQ==/109951163351499843.jpg","tns":[],"pic_str":"109951163351499843","pic":109951163351499843},"dt":216419,"h":{"br":320000,"fid":0,"size":8659113,"vd":-1.0},"m":{"br":192000,"fid":0,"size":5195485,"vd":-1.0},"l":{"br":128000,"fid":0,"size":3463671,"vd":-1.0},"a":null,"cd":"1","no":1,"rtUrl":null,"ftype":0,"rtUrls":[],"djId":0,"copyright":1,"s_id":0,"mst":9,"cp":7001,"mv":5953167,"rtype":0,"rurl":null,"publishTime":1528992000007},{"name":"listen","id":573582024,"pst":0,"t":0,"ar":[{"id":12174521,"name":"音阙诗听","tns":[],"alias":[]},{"id":12276171,"name":"Sia-Fire","tns":[],"alias":[]}],"alia":[],"pop":100.0,"st":0,"rt":null,"fee":8,"v":2,"crbt":null,"cf":"","al":{"id":39722012,"name":"listen","picUrl":"http://p1.music.126.net/yVzPqeForLNRJw50ylOdrg==/109951163355089228.jpg","tns":[],"pic_str":"109951163355089228","pic":109951163355089228},"dt":241967,"h":{"br":320000,"fid":0,"size":9681023,"vd":-3.0},"m":{"br":192000,"fid":0,"size":5808631,"vd":-2.0},"l":{"br":128000,"fid":0,"size":3872435,"vd":-2.0},"a":null,"cd":"","no":1,"rtUrl":null,"ftype":0,"rtUrls":[],"djId":0,"copyright":0,"s_id":0,"mst":9,"cp":733010,"mv":0,"rtype":0,"rurl":null,"publishTime":1529078400007},{"name":"Monogamy","id":862854214,"pst":0,"t":0,"ar":[{"id":30270,"name":"Christopher","tns":[],"alias":[]}],"alia":[],"pop":100.0,"st":0,"rt":null,"fee":8,"v":1,"crbt":null,"cf":"","al":{"id":71674325,"name":"Monogamy","picUrl":"http://p1.music.126.net/WPx9NIjH8XUbJqmeuL6leA==/109951163375411567.jpg","tns":[],"pic_str":"109951163375411567","pic":109951163375411567},"dt":184215,"h":{"br":320000,"fid":0,"size":7369709,"vd":-1.0},"m":{"br":192000,"fid":0,"size":4421843,"vd":-1.0},"l":{"br":128000,"fid":0,"size":2947910,"vd":-1.0},"a":null,"cd":"1","no":1,"rtUrl":null,"ftype":0,"rtUrls":[],"djId":0,"copyright":1,"s_id":0,"mst":9,"cp":7002,"mv":0,"rtype":0,"rurl":null,"publishTime":1530201600007},{"name":"I'm Cool","id":573581283,"pst":0,"t":0,"ar":[{"id":12120150,"name":"J.zen","tns":[],"alias":[]}],"alia":[],"pop":100.0,"st":0,"rt":null,"fee":0,"v":1,"crbt":null,"cf":"","al":{"id":39719103,"name":"I'm Cool","picUrl":"http://p1.music.126.net/p8f8U4tKFO17kKGmTjIBAA==/109951163366151825.jpg","tns":[],"pic_str":"109951163366151825","pic":109951163366151825},"dt":230281,"h":{"br":320000,"fid":0,"size":9213954,"vd":0.0},"m":{"br":192000,"fid":0,"size":5528390,"vd":0.0},"l":{"br":128000,"fid":0,"size":3685608,"vd":0.0},"a":null,"cd":"","no":1,"rtUrl":null,"ftype":0,"rtUrls":[],"djId":0,"copyright":0,"s_id":0,"mst":9,"cp":0,"mv":0,"rtype":0,"rurl":null,"publishTime":1529424000007},{"name":"这就是实况足球","id":862099777,"pst":0,"t":0,"ar":[{"id":1142042,"name":"徐梦圆","tns":[],"alias":[]}],"alia":[],"pop":100.0,"st":0,"rt":null,"fee":0,"v":4,"crbt":null,"cf":"","al":{"id":71612829,"name":"这就是实况足球","picUrl":"http://p1.music.126.net/87b5p5jBNpfLllLzDpSj3A==/109951163380356060.jpg","tns":[],"pic_str":"109951163380356060","pic":109951163380356060},"dt":190419,"h":{"br":320000,"fid":0,"size":7619440,"vd":2.0},"m":{"br":192000,"fid":0,"size":4571681,"vd":2.0},"l":{"br":128000,"fid":0,"size":3047802,"vd":1.0},"a":null,"cd":"","no":0,"rtUrl":null,"ftype":0,"rtUrls":[],"djId":0,"copyright":0,"s_id":0,"mst":9,"cp":500015,"mv":0,"rtype":0,"rurl":null,"publishTime":1530201600007},{"name":"조금만 더","id":862098624,"pst":0,"t":0,"ar":[{"id":12132537,"name":"JINHO","tns":[],"alias":[]},{"id":12828299,"name":"Rothy","tns":[],"alias":[]}],"alia":[],"pop":100.0,"st":0,"rt":null,"fee":8,"v":10,"crbt":null,"cf":"","al":{"id":71614787,"name":"김비서가 왜 그럴까 OST Part.4","picUrl":"http://p1.music.126.net/VKL2Hz_y6XIPtYGSrggx4Q==/109951163378795034.jpg","tns":["What's wrong with secretary kim OST Part.4"],"pic_str":"109951163378795034","pic":109951163378795034},"dt":204628,"h":{"br":320000,"fid":0,"size":8187864,"vd":-2.0},"m":{"br":192000,"fid":0,"size":4912736,"vd":-1.0},"l":{"br":128000,"fid":0,"size":3275172,"vd":-1.0},"a":null,"cd":"1","no":1,"rtUrl":null,"ftype":0,"rtUrls":[],"djId":0,"copyright":2,"s_id":0,"mst":9,"cp":755016,"mv":10733032,"rtype":0,"rurl":null,"publishTime":1530028800007,"tns":["A little bit more"]},{"name":"Boo'd Up (Remix)","id":574931856,"pst":0,"t":0,"ar":[{"id":217573,"name":"Ella Mai","tns":[],"alias":[]},{"id":70183,"name":"Nicki Minaj","tns":[],"alias":[]},{"id":12086073,"name":"Quavo","tns":[],"alias":[]}],"alia":[],"pop":0.0,"st":0,"rt":null,"fee":8,"v":2,"crbt":null,"cf":"","al":{"id":39791644,"name":"Boo'd Up (Remix)","picUrl":"http://p1.music.126.net/1V2x0tMMjm4tRYokd_he0Q==/109951163389751842.jpg","tns":[],"pic_str":"109951163389751842","pic":109951163389751842},"dt":217521,"h":{"br":320000,"fid":0,"size":8701954,"vd":-2.0},"m":{"br":192000,"fid":0,"size":5221190,"vd":-2.0},"l":{"br":128000,"fid":0,"size":3480808,"vd":-2.0},"a":null,"cd":"1","no":1,"rtUrl":null,"ftype":0,"rtUrls":[],"djId":0,"copyright":1,"s_id":0,"mst":9,"cp":7003,"mv":0,"rtype":0,"rurl":null,"publishTime":1530633600007},{"name":"热血无赖","id":862099957,"pst":0,"t":0,"ar":[{"id":3685,"name":"林宥嘉","tns":[],"alias":[]}],"alia":[],"pop":100.0,"st":0,"rt":null,"fee":8,"v":1,"crbt":null,"cf":"","al":{"id":71611869,"name":"The GREAT YOGA 数位Live 精选","picUrl":"http://p1.music.126.net/DaDXt5iLgHOadKpGOUtUFg==/109951163382248685.jpg","tns":[],"pic_str":"109951163382248685","pic":109951163382248685},"dt":250642,"h":{"br":320000,"fid":0,"size":10027929,"vd":-2.0},"m":{"br":192000,"fid":0,"size":6016775,"vd":-2.0},"l":{"br":128000,"fid":0,"size":4011198,"vd":-2.0},"a":null,"cd":"","no":1,"rtUrl":null,"ftype":0,"rtUrls":[],"djId":0,"copyright":0,"s_id":0,"mst":9,"cp":677020,"mv":0,"rtype":0,"rurl":null,"publishTime":1530374400007},{"name":"Sleeping Beauty","id":862223911,"pst":0,"t":0,"ar":[{"id":21463,"name":"End of the World","tns":[],"alias":[]},{"id":126682,"name":"Epik High","tns":[],"alias":[]}],"alia":[],"pop":100.0,"st":0,"rt":null,"fee":8,"v":1,"crbt":null,"cf":"","al":{"id":71630217,"name":"Sleeping Beauty","picUrl":"http://p1.music.126.net/nVOGa7oF-dDRXVqM2n7aGA==/109951163370592678.jpg","tns":[],"pic_str":"109951163370592678","pic":109951163370592678},"dt":252264,"h":{"br":320000,"fid":0,"size":10091668,"vd":-1.0},"m":{"br":192000,"fid":0,"size":6055018,"vd":-1.0},"l":{"br":128000,"fid":0,"size":4036693,"vd":0.0},"a":null,"cd":"1","no":1,"rtUrl":null,"ftype":0,"rtUrls":[],"djId":0,"copyright":1,"s_id":0,"mst":9,"cp":7001,"mv":0,"rtype":0,"rurl":null,"publishTime":1530201600007},{"name":"It's you","id":573583412,"pst":0,"t":0,"ar":[{"id":12487104,"name":"郑世云","tns":[],"alias":[]}],"alia":[],"pop":100.0,"st":0,"rt":null,"fee":8,"v":7,"crbt":null,"cf":"","al":{"id":39721083,"name":"김비서가 왜 그럴까 OST Part.2","picUrl":"http://p1.music.126.net/N749t7q25Zwl9Adkq5ejOg==/109951163366940126.jpg","tns":["What's wrong with secretary kim OST Part.2"],"pic_str":"109951163366940126","pic":109951163366940126},"dt":219506,"h":{"br":320000,"fid":0,"size":8782411,"vd":-3.0},"m":{"br":192000,"fid":0,"size":5269464,"vd":-3.0},"l":{"br":128000,"fid":0,"size":3512991,"vd":-3.0},"a":null,"cd":"1","no":1,"rtUrl":null,"ftype":0,"rtUrls":[],"djId":0,"copyright":0,"s_id":0,"mst":9,"cp":755016,"mv":5958061,"rtype":0,"rurl":null,"publishTime":1529424000007},{"name":"hotline bling","id":863481066,"pst":0,"t":0,"ar":[{"id":11972054,"name":"Billie Eilish","tns":[],"alias":[]}],"alia":[],"pop":100.0,"st":0,"rt":null,"fee":0,"v":3,"crbt":null,"cf":"","al":{"id":71613903,"name":"hotline bling","picUrl":"http://p1.music.126.net/u3Q7qG3Zuc8UBGZ644un2g==/109951163386861368.jpg","tns":[],"pic_str":"109951163386861368","pic":109951163386861368},"dt":133959,"h":{"br":320000,"fid":0,"size":5360370,"vd":0.0},"m":{"br":192000,"fid":0,"size":3216240,"vd":0.0},"l":{"br":128000,"fid":0,"size":2144174,"vd":0.0},"a":null,"cd":"","no":1,"rtUrl":null,"ftype":0,"rtUrls":[],"djId":0,"copyright":0,"s_id":0,"mst":9,"cp":0,"mv":0,"rtype":0,"rurl":null,"publishTime":1530288000007},{"name":"Barricades <MOVIEver.>","id":863967108,"pst":0,"t":0,"ar":[{"id":0,"name":"Yosh","tns":[],"alias":[]}],"alia":[],"pop":100.0,"st":0,"rt":null,"fee":0,"v":2,"crbt":null,"cf":"","al":{"id":71719637,"name":"劇場版「進撃の巨人」Season2 ～覚醒の咆哮～ 特典CD","picUrl":"http://p1.music.126.net/hrLnMICTSV1PGiH-S4D_4w==/109951163386998482.jpg","tns":["Attack on Titan Season 2 Movie: Roar of Awakening Bonus CD"],"pic_str":"109951163386998482","pic":109951163386998482},"dt":259451,"h":{"br":320000,"fid":0,"size":10379015,"vd":-2.0},"m":{"br":192000,"fid":0,"size":6227426,"vd":-2.0},"l":{"br":128000,"fid":0,"size":4151632,"vd":-2.0},"a":null,"cd":"1","no":1,"rtUrl":null,"ftype":0,"rtUrls":[],"djId":0,"copyright":0,"s_id":0,"mst":9,"cp":0,"mv":0,"rtype":0,"rurl":null,"publishTime":1530028800000},{"name":"桃浦路1003号的男孩（陈立农应援曲）","id":571566108,"pst":0,"t":0,"ar":[{"id":12318058,"name":"☀ Songbird","tns":[],"alias":[]},{"id":0,"name":"七月／安安／盐盐","tns":[],"alias":[]}],"alia":[],"pop":100.0,"st":0,"rt":null,"fee":0,"v":9,"crbt":null,"cf":"","al":{"id":39516806,"name":"桃浦路1003号的男孩（陈立农应援曲）","picUrl":"http://p1.music.126.net/c2HEykmD3GLwt5lnflEk6A==/109951163335908345.jpg","tns":[],"pic_str":"109951163335908345","pic":109951163335908345},"dt":229392,"h":{"br":320000,"fid":0,"size":9178427,"vd":0.0},"m":{"br":192000,"fid":0,"size":5507074,"vd":0.0},"l":{"br":128000,"fid":0,"size":3671397,"vd":0.0},"a":null,"cd":"","no":1,"rtUrl":null,"ftype":0,"rtUrls":[],"djId":0,"copyright":0,"s_id":0,"mst":9,"cp":0,"mv":0,"rtype":0,"rurl":null,"publishTime":1528243200000},{"name":"그대만 보여서","id":862099756,"pst":0,"t":0,"ar":[{"id":830036,"name":"金娜英","tns":[],"alias":[]}],"alia":[],"pop":100.0,"st":0,"rt":null,"fee":8,"v":3,"crbt":null,"cf":"","al":{"id":71614825,"name":"김비서가 왜 그럴까 OST Part.5","picUrl":"http://p1.music.126.net/hvfXET7ZCnECGEWB787bNg==/109951163380305553.jpg","tns":["What's wrong with secretary kim OST Part.5"],"pic_str":"109951163380305553","pic":109951163380305553},"dt":220352,"h":{"br":320000,"fid":0,"size":8816893,"vd":-3.0},"m":{"br":192000,"fid":0,"size":5290153,"vd":-3.0},"l":{"br":128000,"fid":0,"size":3526783,"vd":-3.0},"a":null,"cd":"1","no":1,"rtUrl":null,"ftype":0,"rtUrls":[],"djId":0,"copyright":0,"s_id":0,"mst":9,"cp":755016,"mv":5955275,"rtype":0,"rurl":null,"publishTime":1530115200007,"tns":["Because I only see you"]},{"name":"不可谖兮","id":574069612,"pst":0,"t":0,"ar":[{"id":981141,"name":"伦桑","tns":[],"alias":[]}],"alia":[],"pop":100.0,"st":0,"rt":null,"fee":0,"v":4,"crbt":null,"cf":"","al":{"id":39686901,"name":"【魔道】不可谖兮","picUrl":"http://p1.music.126.net/sJpG5v-vjrD5yZCQc1xhNw==/109951163361841878.jpg","tns":[],"pic_str":"109951163361841878","pic":109951163361841878},"dt":230045,"h":{"br":320000,"fid":0,"size":9211864,"vd":0.0},"m":{"br":192000,"fid":0,"size":5527136,"vd":0.0},"l":{"br":128000,"fid":0,"size":3684772,"vd":0.0},"a":null,"cd":"","no":1,"rtUrl":null,"ftype":0,"rtUrls":[],"djId":0,"copyright":0,"s_id":0,"mst":9,"cp":0,"mv":0,"rtype":0,"rurl":null,"publishTime":1529193600000},{"name":"天分","id":571704192,"pst":0,"t":0,"ar":[{"id":12120466,"name":"詹思祺","tns":[],"alias":[]}],"alia":[],"pop":100.0,"st":0,"rt":null,"fee":0,"v":10,"crbt":null,"cf":"","al":{"id":39524893,"name":"天分","picUrl":"http://p1.music.126.net/-ieVxLGHuClGCpiE1c5gkA==/109951163337081673.jpg","tns":[],"pic_str":"109951163337081673","pic":109951163337081673},"dt":238013,"h":{"br":320000,"fid":0,"size":9523244,"vd":-1.0},"m":{"br":192000,"fid":0,"size":5713964,"vd":0.0},"l":{"br":128000,"fid":0,"size":3809324,"vd":0.0},"a":null,"cd":"","no":1,"rtUrl":null,"ftype":0,"rtUrls":[],"djId":0,"copyright":2,"s_id":0,"mst":9,"cp":0,"mv":0,"rtype":0,"rurl":null,"publishTime":1528300800000},{"name":"不好说","id":574925519,"pst":0,"t":0,"ar":[{"id":203149,"name":"许书豪","tns":[],"alias":[]}],"alia":[],"pop":100.0,"st":0,"rt":null,"fee":8,"v":6,"crbt":null,"cf":"","al":{"id":39792027,"name":"不好说","picUrl":"http://p1.music.126.net/7il_Sogvm2rYY3jWvvhUIQ==/109951163380867220.jpg","tns":[],"pic_str":"109951163380867220","pic":109951163380867220},"dt":198661,"h":{"br":320000,"fid":0,"size":7947538,"vd":0.0},"m":{"br":192000,"fid":0,"size":4768540,"vd":0.0},"l":{"br":128000,"fid":0,"size":3179041,"vd":0.0},"a":null,"cd":"1","no":1,"rtUrl":null,"ftype":0,"rtUrls":[],"djId":0,"copyright":0,"s_id":0,"mst":9,"cp":1370822,"mv":0,"rtype":0,"rurl":null,"publishTime":1529596800000},{"name":"慢","id":863901647,"pst":0,"t":0,"ar":[{"id":1198113,"name":"李上安","tns":[],"alias":[]}],"alia":[],"pop":100.0,"st":0,"rt":null,"fee":8,"v":9,"crbt":null,"cf":"","al":{"id":71681536,"name":"慢","picUrl":"http://p1.music.126.net/_XrcPAzO50NZoMpk8FSEPw==/109951163385682767.jpg","tns":[],"pic_str":"109951163385682767","pic":109951163385682767},"dt":276633,"h":{"br":320000,"fid":0,"size":11067603,"vd":0.0},"m":{"br":192000,"fid":0,"size":6640579,"vd":0.0},"l":{"br":128000,"fid":0,"size":4427067,"vd":0.0},"a":null,"cd":"","no":1,"rtUrl":null,"ftype":0,"rtUrls":[],"djId":0,"copyright":2,"s_id":0,"mst":9,"cp":0,"mv":0,"rtype":0,"rurl":null,"publishTime":1530403200000},{"name":"没有人知道的地方","id":862100230,"pst":0,"t":0,"ar":[{"id":1039007,"name":"卿卓茜 ","tns":[],"alias":[]}],"alia":[],"pop":100.0,"st":0,"rt":null,"fee":8,"v":9,"crbt":null,"cf":"","al":{"id":71614893,"name":"原野","picUrl":"http://p1.music.126.net/xL2pMd82dgDGpHeQ9ra7Jw==/109951163388797114.jpg","tns":[],"pic_str":"109951163388797114","pic":109951163388797114},"dt":225567,"h":{"br":320000,"fid":0,"size":9024827,"vd":0.0},"m":{"br":192000,"fid":0,"size":5414914,"vd":0.0},"l":{"br":128000,"fid":0,"size":3609957,"vd":0.0},"a":null,"cd":"","no":1,"rtUrl":null,"ftype":0,"rtUrls":[],"djId":0,"copyright":1,"s_id":0,"mst":9,"cp":748010,"mv":0,"rtype":0,"rurl":null,"publishTime":1529942400007},{"name":"恋と愛","id":571336013,"pst":0,"t":0,"ar":[{"id":19999,"name":"三代目 J Soul Brothers from EXILE TRIBE","tns":[],"alias":[]}],"alia":[],"pop":100.0,"st":0,"rt":null,"fee":8,"v":1,"crbt":null,"cf":"","al":{"id":39577060,"name":"FUTURE","picUrl":"http://p1.music.126.net/H2emY3xrPOc43qnfSechEw==/109951163334158709.jpg","tns":[],"pic_str":"109951163334158709","pic":109951163334158709},"dt":309160,"h":{"br":320000,"fid":0,"size":12369546,"vd":-3.0},"m":{"br":192000,"fid":0,"size":7421745,"vd":-3.0},"l":{"br":128000,"fid":0,"size":4947844,"vd":-3.0},"a":null,"cd":"","no":8,"rtUrl":null,"ftype":0,"rtUrls":[],"djId":0,"copyright":0,"s_id":0,"mst":9,"cp":457010,"mv":0,"rtype":0,"rurl":null,"publishTime":1528214400007,"tns":["恋与爱"]},{"name":"动物世界","id":862098091,"pst":0,"t":0,"ar":[{"id":8327,"name":"李宇春","tns":[],"alias":[]}],"alia":["电影《动物世界》主题曲"],"pop":100.0,"st":0,"rt":null,"fee":0,"v":1,"crbt":null,"cf":"","al":{"id":71614638,"name":"动物世界","picUrl":"http://p1.music.126.net/CB5oDl51G36o4-inbVzk9g==/109951163369785964.jpg","tns":[],"pic_str":"109951163369785964","pic":109951163369785964},"dt":223840,"h":{"br":320000,"fid":0,"size":8955864,"vd":-2.0},"m":{"br":192000,"fid":0,"size":5373536,"vd":-2.0},"l":{"br":128000,"fid":0,"size":3582372,"vd":-1.0},"a":null,"cd":"","no":0,"rtUrl":null,"ftype":0,"rtUrls":[],"djId":0,"copyright":0,"s_id":0,"mst":9,"cp":1369820,"mv":5955107,"rtype":0,"rurl":null,"publishTime":1529683200007},{"name":"沈巍","id":862099817,"pst":0,"t":0,"ar":[{"id":12107619,"name":"罗锟","tns":[],"alias":[]}],"alia":[],"pop":100.0,"st":0,"rt":null,"fee":0,"v":3,"crbt":null,"cf":"","al":{"id":71613845,"name":"镇魂 影视原声大碟","picUrl":"http://p1.music.126.net/8quzHMApNNw4VmcUQgxNCg==/109951163380496022.jpg","tns":[],"pic_str":"109951163380496022","pic":109951163380496022},"dt":184000,"h":{"br":320000,"fid":0,"size":7362395,"vd":10.0},"m":{"br":192000,"fid":0,"size":4417454,"vd":10.0},"l":{"br":128000,"fid":0,"size":2944984,"vd":10.0},"a":null,"cd":"","no":9,"rtUrl":null,"ftype":0,"rtUrls":[],"djId":0,"copyright":0,"s_id":0,"mst":9,"cp":414012,"mv":0,"rtype":0,"rurl":null,"publishTime":1530201600007},{"name":"All For You","id":574922289,"pst":0,"t":0,"ar":[{"id":827604,"name":"Years & Years","tns":[],"alias":[]}],"alia":[],"pop":100.0,"st":0,"rt":null,"fee":8,"v":3,"crbt":null,"cf":"","al":{"id":39791211,"name":"All For You","picUrl":"http://p1.music.126.net/Npv_JJHTISyoNP6o6Idseg==/109951163379547457.jpg","tns":[],"pic_str":"109951163379547457","pic":109951163379547457},"dt":219689,"h":{"br":320000,"fid":0,"size":8788680,"vd":-2.0},"m":{"br":192000,"fid":0,"size":5273226,"vd":-2.0},"l":{"br":128000,"fid":0,"size":3515498,"vd":-2.0},"a":null,"cd":"1","no":1,"rtUrl":null,"ftype":0,"rtUrls":[],"djId":0,"copyright":1,"s_id":0,"mst":9,"cp":7003,"mv":0,"rtype":0,"rurl":null,"publishTime":1530028800007}],"trackIds":[{"id":571338279,"v":4,"lr":0},{"id":574921549,"v":13,"lr":1},{"id":571074019,"v":4,"lr":2},{"id":574566207,"v":5,"lr":3},{"id":574908698,"v":12,"lr":4},{"id":863481092,"v":2,"lr":7},{"id":571340283,"v":1,"lr":8},{"id":862102927,"v":11,"lr":6},{"id":573131630,"v":5,"lr":10},{"id":862102137,"v":1,"lr":9},{"id":862099032,"v":1,"lr":11},{"id":862098671,"v":6,"lr":14},{"id":863359163,"v":5,"lr":16},{"id":863492743,"v":4,"lr":17},{"id":862099159,"v":2,"lr":18},{"id":569200212,"v":93,"lr":15},{"id":864107776,"v":8},{"id":571339463,"v":1,"lr":19},{"id":863489142,"v":1,"lr":12},{"id":574919767,"v":1,"lr":24},{"id":862099930,"v":1,"lr":20},{"id":572819430,"v":10,"lr":22},{"id":573384240,"v":3,"lr":23},{"id":571336912,"v":4,"lr":25},{"id":572042895,"v":7,"lr":28},{"id":862099538,"v":1,"lr":21},{"id":864099057,"v":1},{"id":862100828,"v":1,"lr":32},{"id":566436427,"v":107,"lr":33},{"id":862129612,"v":10,"lr":29},{"id":864099106,"v":1},{"id":573583409,"v":4,"lr":31},{"id":571068108,"v":8,"lr":34},{"id":571074119,"v":4,"lr":35},{"id":569200213,"v":86,"lr":43},{"id":571339219,"v":5,"lr":39},{"id":571338083,"v":1,"lr":36},{"id":862099917,"v":11,"lr":30},{"id":863709049,"v":9,"lr":42},{"id":573577092,"v":5,"lr":40},{"id":574922126,"v":3,"lr":26},{"id":569214247,"v":89,"lr":52},{"id":574928277,"v":1,"lr":41},{"id":573577614,"v":3,"lr":37},{"id":571340268,"v":5,"lr":48},{"id":573125026,"v":3,"lr":27},{"id":862912336,"v":4},{"id":571854148,"v":5,"lr":45},{"id":571601379,"v":3,"lr":50},{"id":573240010,"v":3,"lr":51},{"id":862099184,"v":2,"lr":47},{"id":573577428,"v":5,"lr":44},{"id":571338448,"v":43,"lr":53},{"id":863489040,"v":8,"lr":38},{"id":572028819,"v":8,"lr":54},{"id":574919590,"v":16,"lr":61},{"id":573843002,"v":5},{"id":862098138,"v":6,"lr":55},{"id":862102972,"v":1,"lr":49},{"id":573583410,"v":2,"lr":56},{"id":862515525,"v":4,"lr":62},{"id":862098298,"v":1},{"id":574837680,"v":8,"lr":57},{"id":862102815,"v":3,"lr":60},{"id":864100018,"v":6},{"id":569213220,"v":86,"lr":69},{"id":862100933,"v":1,"lr":58},{"id":541687281,"v":110,"lr":65},{"id":863607147,"v":2},{"id":862102933,"v":3,"lr":63},{"id":864147069,"v":6,"lr":46},{"id":862100330,"v":1,"lr":66},{"id":862099550,"v":408,"lr":72},{"id":864181200,"v":4},{"id":864034230,"v":6,"lr":59},{"id":574335388,"v":4,"lr":70},{"id":573081624,"v":9,"lr":78},{"id":573582024,"v":2,"lr":68},{"id":862854214,"v":1,"lr":71},{"id":573581283,"v":1,"lr":79},{"id":862099777,"v":4,"lr":77},{"id":862098624,"v":10,"lr":80},{"id":574931856,"v":2},{"id":862099957,"v":1,"lr":74},{"id":862223911,"v":1,"lr":81},{"id":573583412,"v":7,"lr":83},{"id":863481066,"v":3,"lr":73},{"id":863967108,"v":2,"lr":75},{"id":571566108,"v":9,"lr":86},{"id":862099756,"v":3,"lr":85},{"id":574069612,"v":4},{"id":571704192,"v":10,"lr":87},{"id":574925519,"v":6,"lr":98},{"id":863901647,"v":9},{"id":862100230,"v":9},{"id":571336013,"v":1,"lr":99},{"id":862098091,"v":1},{"id":862099817,"v":3,"lr":90},{"id":574922289,"v":3,"lr":91}],"privacy":0,"newImported":false,"updateTime":1530750109133,"commentThreadId":"A_PL_0_3779629","specialType":10,"trackUpdateTime":1530760909199,"trackCount":99,"highQuality":false,"adType":0,"trackNumberUpdateTime":1530750108990,"coverImgUrl":"http://p3.music.126.net/N2HO5xfYEqyQ8q6oxCw8IQ==/18713687906568048.jpg","userId":1,"description":"云音乐新歌榜：云音乐用户一周内收听所有新歌（一月内最新发行） 官方TOP排行榜，每天更新。","ordered":true,"tags":[],"subscribedCount":871146,"cloudTrackCount":0,"status":0,"playCount":743068224,"coverImgId":18713687906568048,"createTime":1378721398225,"name":"云音乐新歌榜","id":3779629,"shareCount":5178,"coverImgId_str":"18713687906568048","ToplistType":"N","commentCount":99723},"code":200,"privileges":[{"id":571338279,"fee":8,"payed":0,"st":0,"pl":128000,"dl":0,"sp":7,"cp":1,"subp":1,"cs":false,"maxbr":999000,"fl":128000,"toast":false,"flag":0,"preSell":false},{"id":574921549,"fee":0,"payed":0,"st":0,"pl":320000,"dl":320000,"sp":7,"cp":1,"subp":1,"cs":false,"maxbr":999000,"fl":320000,"toast":false,"flag":0,"preSell":false},{"id":571074019,"fee":0,"payed":0,"st":0,"pl":320000,"dl":320000,"sp":7,"cp":1,"subp":1,"cs":false,"maxbr":999000,"fl":320000,"toast":false,"flag":0,"preSell":false},{"id":574566207,"fee":0,"payed":0,"st":0,"pl":320000,"dl":320000,"sp":7,"cp":1,"subp":1,"cs":false,"maxbr":999000,"fl":320000,"toast":false,"flag":0,"preSell":false},{"id":574908698,"fee":8,"payed":0,"st":0,"pl":128000,"dl":0,"sp":7,"cp":1,"subp":1,"cs":false,"maxbr":320000,"fl":128000,"toast":false,"flag":4,"preSell":false},{"id":863481092,"fee":0,"payed":0,"st":0,"pl":320000,"dl":320000,"sp":7,"cp":1,"subp":1,"cs":false,"maxbr":999000,"fl":320000,"toast":false,"flag":0,"preSell":false},{"id":571340283,"fee":0,"payed":0,"st":0,"pl":320000,"dl":320000,"sp":7,"cp":1,"subp":1,"cs":false,"maxbr":999000,"fl":320000,"toast":false,"flag":0,"preSell":false},{"id":862102927,"fee":8,"payed":0,"st":0,"pl":128000,"dl":0,"sp":7,"cp":1,"subp":1,"cs":false,"maxbr":999000,"fl":128000,"toast":false,"flag":0,"preSell":false},{"id":573131630,"fee":0,"payed":0,"st":0,"pl":320000,"dl":320000,"sp":7,"cp":1,"subp":1,"cs":false,"maxbr":320000,"fl":320000,"toast":false,"flag":0,"preSell":false},{"id":862102137,"fee":8,"payed":0,"st":0,"pl":128000,"dl":0,"sp":7,"cp":1,"subp":1,"cs":false,"maxbr":999000,"fl":128000,"toast":false,"flag":0,"preSell":false},{"id":862099032,"fee":0,"payed":0,"st":0,"pl":320000,"dl":320000,"sp":7,"cp":1,"subp":1,"cs":false,"maxbr":999000,"fl":320000,"toast":false,"flag":0,"preSell":false},{"id":862098671,"fee":8,"payed":0,"st":0,"pl":128000,"dl":0,"sp":7,"cp":1,"subp":1,"cs":false,"maxbr":999000,"fl":128000,"toast":false,"flag":0,"preSell":false},{"id":863359163,"fee":0,"payed":0,"st":0,"pl":320000,"dl":320000,"sp":7,"cp":1,"subp":1,"cs":false,"maxbr":999000,"fl":320000,"toast":false,"flag":0,"preSell":false},{"id":863492743,"fee":0,"payed":0,"st":0,"pl":320000,"dl":320000,"sp":7,"cp":1,"subp":1,"cs":false,"maxbr":999000,"fl":320000,"toast":false,"flag":0,"preSell":false},{"id":862099159,"fee":8,"payed":0,"st":0,"pl":128000,"dl":0,"sp":7,"cp":1,"subp":1,"cs":false,"maxbr":999000,"fl":128000,"toast":false,"flag":2,"preSell":false},{"id":569200212,"fee":4,"payed":0,"st":0,"pl":0,"dl":0,"sp":0,"cp":0,"subp":0,"cs":false,"maxbr":999000,"fl":0,"toast":false,"flag":0,"preSell":false},{"id":864107776,"fee":8,"payed":0,"st":0,"pl":128000,"dl":0,"sp":7,"cp":1,"subp":1,"cs":false,"maxbr":320000,"fl":128000,"toast":false,"flag":4,"preSell":false},{"id":571339463,"fee":0,"payed":0,"st":0,"pl":320000,"dl":320000,"sp":7,"cp":1,"subp":1,"cs":false,"maxbr":999000,"fl":320000,"toast":false,"flag":0,"preSell":false},{"id":863489142,"fee":0,"payed":0,"st":0,"pl":320000,"dl":320000,"sp":7,"cp":1,"subp":1,"cs":false,"maxbr":999000,"fl":320000,"toast":false,"flag":0,"preSell":false},{"id":574919767,"fee":0,"payed":0,"st":0,"pl":320000,"dl":320000,"sp":7,"cp":1,"subp":1,"cs":false,"maxbr":999000,"fl":320000,"toast":false,"flag":0,"preSell":false},{"id":862099930,"fee":8,"payed":0,"st":0,"pl":128000,"dl":0,"sp":7,"cp":1,"subp":1,"cs":false,"maxbr":999000,"fl":128000,"toast":false,"flag":0,"preSell":false},{"id":572819430,"fee":0,"payed":0,"st":0,"pl":320000,"dl":320000,"sp":7,"cp":1,"subp":1,"cs":false,"maxbr":999000,"fl":320000,"toast":false,"flag":0,"preSell":false},{"id":573384240,"fee":0,"payed":0,"st":0,"pl":320000,"dl":320000,"sp":7,"cp":1,"subp":1,"cs":false,"maxbr":999000,"fl":320000,"toast":false,"flag":0,"preSell":false},{"id":571336912,"fee":8,"payed":0,"st":0,"pl":128000,"dl":0,"sp":7,"cp":1,"subp":1,"cs":false,"maxbr":999000,"fl":128000,"toast":false,"flag":0,"preSell":false},{"id":572042895,"fee":8,"payed":0,"st":0,"pl":128000,"dl":0,"sp":7,"cp":1,"subp":1,"cs":false,"maxbr":999000,"fl":128000,"toast":false,"flag":0,"preSell":false},{"id":862099538,"fee":0,"payed":0,"st":0,"pl":320000,"dl":320000,"sp":7,"cp":1,"subp":1,"cs":false,"maxbr":999000,"fl":320000,"toast":false,"flag":0,"preSell":false},{"id":864099057,"fee":8,"payed":0,"st":0,"pl":128000,"dl":0,"sp":7,"cp":1,"subp":1,"cs":false,"maxbr":999000,"fl":128000,"toast":false,"flag":0,"preSell":false},{"id":862100828,"fee":0,"payed":0,"st":0,"pl":320000,"dl":320000,"sp":7,"cp":1,"subp":1,"cs":false,"maxbr":999000,"fl":320000,"toast":false,"flag":0,"preSell":false},{"id":566436427,"fee":8,"payed":0,"st":0,"pl":128000,"dl":0,"sp":7,"cp":1,"subp":1,"cs":false,"maxbr":999000,"fl":128000,"toast":false,"flag":0,"preSell":false},{"id":862129612,"fee":8,"payed":0,"st":0,"pl":128000,"dl":0,"sp":7,"cp":1,"subp":1,"cs":false,"maxbr":999000,"fl":128000,"toast":false,"flag":4,"preSell":false},{"id":864099106,"fee":0,"payed":0,"st":0,"pl":320000,"dl":320000,"sp":7,"cp":1,"subp":1,"cs":false,"maxbr":999000,"fl":320000,"toast":false,"flag":0,"preSell":false},{"id":573583409,"fee":4,"payed":0,"st":0,"pl":0,"dl":0,"sp":0,"cp":0,"subp":0,"cs":false,"maxbr":999000,"fl":0,"toast":false,"flag":0,"preSell":false},{"id":571068108,"fee":8,"payed":0,"st":0,"pl":128000,"dl":0,"sp":7,"cp":1,"subp":1,"cs":false,"maxbr":320000,"fl":128000,"toast":false,"flag":4,"preSell":false},{"id":571074119,"fee":0,"payed":0,"st":0,"pl":320000,"dl":320000,"sp":7,"cp":1,"subp":1,"cs":false,"maxbr":320000,"fl":320000,"toast":false,"flag":0,"preSell":false},{"id":569200213,"fee":4,"payed":0,"st":0,"pl":0,"dl":0,"sp":0,"cp":0,"subp":0,"cs":false,"maxbr":999000,"fl":0,"toast":false,"flag":0,"preSell":false},{"id":571339219,"fee":8,"payed":0,"st":0,"pl":128000,"dl":0,"sp":7,"cp":1,"subp":1,"cs":false,"maxbr":999000,"fl":128000,"toast":false,"flag":0,"preSell":false},{"id":571338083,"fee":8,"payed":0,"st":0,"pl":128000,"dl":0,"sp":7,"cp":1,"subp":1,"cs":false,"maxbr":999000,"fl":128000,"toast":false,"flag":0,"preSell":false},{"id":862099917,"fee":8,"payed":0,"st":0,"pl":128000,"dl":0,"sp":7,"cp":1,"subp":1,"cs":false,"maxbr":999000,"fl":128000,"toast":false,"flag":0,"preSell":false},{"id":863709049,"fee":0,"payed":0,"st":0,"pl":320000,"dl":320000,"sp":7,"cp":1,"subp":1,"cs":false,"maxbr":999000,"fl":320000,"toast":false,"flag":0,"preSell":false},{"id":573577092,"fee":8,"payed":0,"st":0,"pl":128000,"dl":0,"sp":7,"cp":1,"subp":1,"cs":false,"maxbr":999000,"fl":128000,"toast":false,"flag":0,"preSell":false},{"id":574922126,"fee":8,"payed":0,"st":0,"pl":128000,"dl":0,"sp":7,"cp":1,"subp":1,"cs":false,"maxbr":320000,"fl":128000,"toast":false,"flag":4,"preSell":false},{"id":569214247,"fee":4,"payed":0,"st":0,"pl":0,"dl":0,"sp":0,"cp":0,"subp":0,"cs":false,"maxbr":999000,"fl":0,"toast":false,"flag":0,"preSell":false},{"id":574928277,"fee":0,"payed":0,"st":0,"pl":320000,"dl":320000,"sp":7,"cp":1,"subp":1,"cs":false,"maxbr":999000,"fl":320000,"toast":false,"flag":0,"preSell":false},{"id":573577614,"fee":0,"payed":0,"st":0,"pl":320000,"dl":320000,"sp":7,"cp":1,"subp":1,"cs":false,"maxbr":999000,"fl":320000,"toast":false,"flag":0,"preSell":false},{"id":571340268,"fee":0,"payed":0,"st":0,"pl":320000,"dl":320000,"sp":7,"cp":1,"subp":1,"cs":false,"maxbr":999000,"fl":320000,"toast":false,"flag":0,"preSell":false},{"id":573125026,"fee":8,"payed":0,"st":0,"pl":128000,"dl":0,"sp":7,"cp":1,"subp":1,"cs":false,"maxbr":999000,"fl":128000,"toast":false,"flag":0,"preSell":false},{"id":862912336,"fee":0,"payed":0,"st":0,"pl":320000,"dl":320000,"sp":7,"cp":1,"subp":1,"cs":false,"maxbr":320000,"fl":320000,"toast":false,"flag":2,"preSell":false},{"id":571854148,"fee":8,"payed":0,"st":0,"pl":128000,"dl":0,"sp":7,"cp":1,"subp":1,"cs":false,"maxbr":999000,"fl":128000,"toast":false,"flag":0,"preSell":false},{"id":571601379,"fee":0,"payed":0,"st":0,"pl":320000,"dl":320000,"sp":7,"cp":1,"subp":1,"cs":false,"maxbr":999000,"fl":320000,"toast":false,"flag":0,"preSell":false},{"id":573240010,"fee":0,"payed":0,"st":0,"pl":320000,"dl":0,"sp":7,"cp":1,"subp":1,"cs":false,"maxbr":320000,"fl":128000,"toast":false,"flag":0,"preSell":false},{"id":862099184,"fee":0,"payed":0,"st":0,"pl":320000,"dl":320000,"sp":7,"cp":1,"subp":1,"cs":false,"maxbr":999000,"fl":320000,"toast":false,"flag":0,"preSell":false},{"id":573577428,"fee":8,"payed":0,"st":0,"pl":128000,"dl":0,"sp":7,"cp":1,"subp":1,"cs":false,"maxbr":999000,"fl":128000,"toast":false,"flag":4,"preSell":false},{"id":571338448,"fee":8,"payed":0,"st":0,"pl":128000,"dl":0,"sp":7,"cp":1,"subp":1,"cs":false,"maxbr":999000,"fl":128000,"toast":false,"flag":0,"preSell":false},{"id":863489040,"fee":8,"payed":0,"st":0,"pl":128000,"dl":0,"sp":7,"cp":1,"subp":1,"cs":false,"maxbr":999000,"fl":128000,"toast":false,"flag":0,"preSell":false},{"id":572028819,"fee":0,"payed":0,"st":0,"pl":320000,"dl":320000,"sp":7,"cp":1,"subp":1,"cs":false,"maxbr":999000,"fl":320000,"toast":false,"flag":0,"preSell":false},{"id":574919590,"fee":0,"payed":0,"st":0,"pl":320000,"dl":320000,"sp":7,"cp":1,"subp":1,"cs":false,"maxbr":999000,"fl":320000,"toast":false,"flag":0,"preSell":false},{"id":573843002,"fee":0,"payed":0,"st":0,"pl":320000,"dl":320000,"sp":7,"cp":1,"subp":1,"cs":false,"maxbr":999000,"fl":320000,"toast":false,"flag":0,"preSell":false},{"id":862098138,"fee":8,"payed":0,"st":0,"pl":128000,"dl":0,"sp":7,"cp":1,"subp":1,"cs":false,"maxbr":999000,"fl":128000,"toast":false,"flag":2,"preSell":false},{"id":862102972,"fee":8,"payed":0,"st":0,"pl":128000,"dl":0,"sp":7,"cp":1,"subp":1,"cs":false,"maxbr":999000,"fl":128000,"toast":false,"flag":0,"preSell":false},{"id":573583410,"fee":4,"payed":0,"st":0,"pl":0,"dl":0,"sp":0,"cp":0,"subp":0,"cs":false,"maxbr":999000,"fl":0,"toast":false,"flag":0,"preSell":false},{"id":862515525,"fee":0,"payed":0,"st":0,"pl":320000,"dl":320000,"sp":7,"cp":1,"subp":1,"cs":false,"maxbr":999000,"fl":320000,"toast":false,"flag":0,"preSell":false},{"id":862098298,"fee":8,"payed":0,"st":0,"pl":128000,"dl":0,"sp":7,"cp":1,"subp":1,"cs":false,"maxbr":999000,"fl":128000,"toast":false,"flag":0,"preSell":false},{"id":574837680,"fee":0,"payed":0,"st":0,"pl":320000,"dl":320000,"sp":7,"cp":1,"subp":1,"cs":false,"maxbr":999000,"fl":320000,"toast":false,"flag":0,"preSell":false},{"id":862102815,"fee":0,"payed":0,"st":0,"pl":320000,"dl":320000,"sp":7,"cp":1,"subp":1,"cs":false,"maxbr":999000,"fl":320000,"toast":false,"flag":0,"preSell":false},{"id":864100018,"fee":8,"payed":0,"st":0,"pl":128000,"dl":0,"sp":7,"cp":1,"subp":1,"cs":false,"maxbr":999000,"fl":128000,"toast":false,"flag":0,"preSell":false},{"id":569213220,"fee":4,"payed":0,"st":0,"pl":0,"dl":0,"sp":0,"cp":0,"subp":0,"cs":false,"maxbr":999000,"fl":0,"toast":false,"flag":0,"preSell":false},{"id":862100933,"fee":8,"payed":0,"st":0,"pl":128000,"dl":0,"sp":7,"cp":1,"subp":1,"cs":false,"maxbr":999000,"fl":128000,"toast":false,"flag":0,"preSell":false},{"id":541687281,"fee":4,"payed":0,"st":0,"pl":0,"dl":0,"sp":0,"cp":0,"subp":0,"cs":false,"maxbr":999000,"fl":0,"toast":false,"flag":0,"preSell":false},{"id":863607147,"fee":8,"payed":0,"st":0,"pl":128000,"dl":0,"sp":7,"cp":1,"subp":1,"cs":false,"maxbr":320000,"fl":128000,"toast":false,"flag":4,"preSell":false},{"id":862102933,"fee":8,"payed":0,"st":0,"pl":128000,"dl":0,"sp":7,"cp":1,"subp":1,"cs":false,"maxbr":999000,"fl":128000,"toast":false,"flag":0,"preSell":false},{"id":864147069,"fee":0,"payed":0,"st":0,"pl":320000,"dl":320000,"sp":7,"cp":1,"subp":1,"cs":false,"maxbr":999000,"fl":320000,"toast":false,"flag":0,"preSell":false},{"id":862100330,"fee":8,"payed":0,"st":0,"pl":128000,"dl":0,"sp":7,"cp":1,"subp":1,"cs":false,"maxbr":999000,"fl":128000,"toast":false,"flag":0,"preSell":false},{"id":862099550,"fee":0,"payed":0,"st":0,"pl":320000,"dl":320000,"sp":7,"cp":1,"subp":1,"cs":false,"maxbr":999000,"fl":320000,"toast":false,"flag":0,"preSell":false},{"id":864181200,"fee":0,"payed":0,"st":0,"pl":320000,"dl":320000,"sp":7,"cp":1,"subp":1,"cs":false,"maxbr":999000,"fl":320000,"toast":false,"flag":0,"preSell":false},{"id":864034230,"fee":0,"payed":0,"st":0,"pl":320000,"dl":320000,"sp":7,"cp":1,"subp":1,"cs":false,"maxbr":999000,"fl":320000,"toast":false,"flag":0,"preSell":false},{"id":574335388,"fee":0,"payed":0,"st":0,"pl":320000,"dl":320000,"sp":7,"cp":1,"subp":1,"cs":false,"maxbr":320000,"fl":320000,"toast":false,"flag":0,"preSell":false},{"id":573081624,"fee":8,"payed":0,"st":0,"pl":128000,"dl":0,"sp":7,"cp":1,"subp":1,"cs":false,"maxbr":999000,"fl":128000,"toast":false,"flag":4,"preSell":false},{"id":573582024,"fee":8,"payed":0,"st":0,"pl":128000,"dl":0,"sp":7,"cp":1,"subp":1,"cs":false,"maxbr":999000,"fl":128000,"toast":false,"flag":2,"preSell":false},{"id":862854214,"fee":8,"payed":0,"st":0,"pl":128000,"dl":0,"sp":7,"cp":1,"subp":1,"cs":false,"maxbr":320000,"fl":128000,"toast":false,"flag":4,"preSell":false},{"id":573581283,"fee":0,"payed":0,"st":0,"pl":320000,"dl":320000,"sp":7,"cp":1,"subp":1,"cs":false,"maxbr":999000,"fl":320000,"toast":false,"flag":0,"preSell":false},{"id":862099777,"fee":0,"payed":0,"st":0,"pl":320000,"dl":320000,"sp":7,"cp":1,"subp":1,"cs":false,"maxbr":320000,"fl":320000,"toast":false,"flag":0,"preSell":false},{"id":862098624,"fee":8,"payed":0,"st":0,"pl":128000,"dl":0,"sp":7,"cp":1,"subp":1,"cs":false,"maxbr":999000,"fl":128000,"toast":false,"flag":0,"preSell":false},{"id":574931856,"fee":8,"payed":0,"st":0,"pl":128000,"dl":0,"sp":7,"cp":1,"subp":1,"cs":false,"maxbr":320000,"fl":128000,"toast":false,"flag":4,"preSell":false},{"id":862099957,"fee":8,"payed":0,"st":0,"pl":128000,"dl":0,"sp":7,"cp":1,"subp":1,"cs":false,"maxbr":999000,"fl":128000,"toast":false,"flag":0,"preSell":false},{"id":862223911,"fee":8,"payed":0,"st":0,"pl":128000,"dl":0,"sp":7,"cp":1,"subp":1,"cs":false,"maxbr":320000,"fl":128000,"toast":false,"flag":4,"preSell":false},{"id":573583412,"fee":8,"payed":0,"st":0,"pl":128000,"dl":0,"sp":7,"cp":1,"subp":1,"cs":false,"maxbr":999000,"fl":128000,"toast":false,"flag":0,"preSell":false},{"id":863481066,"fee":0,"payed":0,"st":0,"pl":320000,"dl":320000,"sp":7,"cp":1,"subp":1,"cs":false,"maxbr":320000,"fl":320000,"toast":false,"flag":0,"preSell":false},{"id":863967108,"fee":0,"payed":0,"st":0,"pl":320000,"dl":320000,"sp":7,"cp":1,"subp":1,"cs":false,"maxbr":320000,"fl":320000,"toast":false,"flag":0,"preSell":false},{"id":571566108,"fee":0,"payed":0,"st":0,"pl":320000,"dl":320000,"sp":7,"cp":1,"subp":1,"cs":false,"maxbr":999000,"fl":320000,"toast":false,"flag":0,"preSell":false},{"id":862099756,"fee":8,"payed":0,"st":0,"pl":128000,"dl":0,"sp":7,"cp":1,"subp":1,"cs":false,"maxbr":999000,"fl":128000,"toast":false,"flag":0,"preSell":false},{"id":574069612,"fee":0,"payed":0,"st":0,"pl":320000,"dl":320000,"sp":7,"cp":1,"subp":1,"cs":false,"maxbr":320000,"fl":320000,"toast":false,"flag":0,"preSell":false},{"id":571704192,"fee":0,"payed":0,"st":0,"pl":320000,"dl":320000,"sp":7,"cp":1,"subp":1,"cs":false,"maxbr":999000,"fl":320000,"toast":false,"flag":0,"preSell":false},{"id":574925519,"fee":8,"payed":0,"st":0,"pl":128000,"dl":0,"sp":7,"cp":1,"subp":1,"cs":false,"maxbr":320000,"fl":128000,"toast":false,"flag":0,"preSell":false},{"id":863901647,"fee":8,"payed":0,"st":0,"pl":128000,"dl":0,"sp":7,"cp":1,"subp":1,"cs":false,"maxbr":999000,"fl":128000,"toast":false,"flag":2,"preSell":false},{"id":862100230,"fee":8,"payed":0,"st":0,"pl":128000,"dl":0,"sp":7,"cp":1,"subp":1,"cs":false,"maxbr":999000,"fl":128000,"toast":false,"flag":0,"preSell":false},{"id":571336013,"fee":8,"payed":0,"st":0,"pl":128000,"dl":0,"sp":7,"cp":1,"subp":1,"cs":false,"maxbr":999000,"fl":128000,"toast":false,"flag":1,"preSell":false},{"id":862098091,"fee":0,"payed":0,"st":0,"pl":320000,"dl":320000,"sp":7,"cp":1,"subp":1,"cs":false,"maxbr":999000,"fl":320000,"toast":false,"flag":0,"preSell":false},{"id":862099817,"fee":0,"payed":0,"st":0,"pl":320000,"dl":320000,"sp":7,"cp":1,"subp":1,"cs":false,"maxbr":999000,"fl":320000,"toast":false,"flag":0,"preSell":false},{"id":574922289,"fee":8,"payed":0,"st":0,"pl":128000,"dl":0,"sp":7,"cp":1,"subp":1,"cs":false,"maxbr":320000,"fl":128000,"toast":false,"flag":4,"preSell":false}]}